author,comment,likes,published_at,reply_count,is_reply
@nasiangkasa,"Dalam Video ini mungkin kalian menyadari bahwa bagian tentang evolusi manusia tidak saya bahas secara mendalam. Ini bukan karena topik tersebut tidak penting. Justru sebaliknya, evolusi manusia adalah bagian krusial dalam kisah panjang Bumi dan kehidupan. Namun saya menyadari bahwa di Indonesia, topik evolusi masih menjadi isu yang cukup sensitif, terutama jika tidak dijelaskan dengan hati-hati dan konteks yang tepat. Banyak orang mengira bahwa teori evolusi menyatakan manusia berasal dari kera atau monyet. Padahal, itu adalah sebuah miskonsepsi besar.

Faktanya Charles Darwin tidak pernah mengatakan bahwa manusia berasal dari kera. Yang ia dan para ilmuwan evolusi kemukakan adalah bahwa manusia dan kera modern (seperti simpanse dan gorila) memiliki nenek moyang bersama yang hidup jutaan tahun yang lalu. Jadi bukan berarti manusia berubah menjadi kera atau sebaliknya. Kita semua adalah bagian dari satu garis evolusi yang berbeda namun memiliki asal-usul yang sama jauh di masa lalu.
Saya memilih untuk tidak membahasnya secara rinci dalam Video karena:

-	Fokus utama Video ini adalah untuk menggambarkan bagaimana Bumi terbentuk, berkembang, hingga menjadi rumah bagi kehidupan yang kita kenal sekarang, bukan untuk mengupas semua aspek biologi manusia.
-	Topik evolusi manusia membutuhkan penjelasan yang lebih luas, sabar, dan netral, agar tidak menimbulkan kesalahpahaman baru.
-	Saya ingin Penonton dari berbagai latar belakang tetap merasa nyaman saat menyimak Video, sambil tetap membuka ruang diskusi ilmiah yang sehat.

Namun satu hal yang perlu ditegaskan :

Memahami teori evolusi bukan berarti menolak kepercayaan. Banyak ilmuwan dari berbagai agama yang menerima fakta-fakta ilmiah ini sebagai bagian dari cara Tuhan bekerja melalui alam. Semoga dengan pemahaman yang lebih jernih, kita bisa melihat bahwa ilmu pengetahuan bukan untuk menentang keyakinan, tapi untuk memahami dunia ini dengan lebih dalam dan penuh rasa ingin tahu.",1435,2025-07-15T02:30:26Z,255,False
@andryantz_story,"Kocak....cerita seblm tidur....
Ceritain kisah nabi Adam dan siti hawa...",13,2025-07-15T11:36:28Z,0,True
@MisterDChannel-q8f,​@andryantz_story Bagus untuk dipelajari tp jangan sampai menafikan ilmu pengetahuan.,14,2025-07-15T12:51:33Z,0,True
@harihelbi,​@andryantz_storyTunjukan dengan ilmu pengetahuan anda jangan hanya komen seolah menyepelekan karya orang. Kalo hanya komen anak TK udah bisa komen,27,2025-07-15T13:22:48Z,0,True
@Komunitas_Atheis_Madura,"18:50 Dia sedang berkaca, mengagumi dirinya sendiri melalui manusia.

SAYA SEORANG MANUSIA yang memiliki nilai, bertenya-tanya dengan Heran, rasa kagum tak ternalar atas keajaiban dunia ini.







DARIMANAKAH KESADARAN INI? MENGAPA ALAM SEMESTA INI INGIN ADA?",7,2025-07-15T13:37:46Z,0,True
@ahmadmubarok2191,kalo manusia dari kera kenapa masih ada kera?,12,2025-07-15T13:53:28Z,0,True
@DarwinBangun-m4y,"Coba buat Kolam agak luas,tiba2 muncul ikan,gk tahu dari mana asalnya,",0,2026-10-01T12:31:25Z,0,False
@Irsksturn,Jika Supernova/ Big Bang adalah Awal mula permulaan dari sebuah kehidupan lantas apa yang ada sebelum peristiwa ini apakah ada kehidupan di sekitar bintang ini apakah ada makhluk hidup sebelum era kita?,0,2026-09-28T05:19:16Z,0,False
@MatAli-d5c,Manusia diturunkan dari syurga yh brada di atas langit la admin..bukan terhasil dari abu2 ledakan...semua diciptakan oleh Allah S.W.T...ini faktanya,0,2026-09-26T09:17:51Z,0,False
@dickiss3114,"Maha besar Allah dengan segala kuasaNya.
Semua terjadi karena kuasa dan izin Nya.

Allah bisa ""Mematikan"" dan ""menghidupkan"" semua alam semesta ini..",0,2026-09-26T01:44:51Z,0,False
@Sarnada257,"Cerita spanjang ini siapa yg tau peristiwanya yah, info nya dr mana sih..",0,2026-09-16T14:04:51Z,0,False
@Koh_Har,Jadi kiamat awal dari peradapan baru ya?,0,2026-09-14T06:52:41Z,0,False
@Iks-j5o,Kemajuan ilmu pengetahuan semakin lama semakin bersimpangan dgn dogma2 agama....🤔,0,2026-09-13T06:17:40Z,0,False
@zaynmuzakki6732,Bukan kocak itu biasa bumi ya😊,0,2026-09-06T00:57:14Z,0,False
@s2u.sis8,Lebih ngeri manusia yang merusak bumi itu sendiri bang,0,2026-09-02T05:54:42Z,0,False
@dhafinzhafran6074,banyak banget iklannya,0,2026-09-01T09:48:07Z,0,False
@Justinfo06,Bg sumber literasi nya ini dari mana?,0,2026-08-30T07:35:31Z,0,False
@ejichannel4934,vidio seputar exoplanet di galaksi Andromeda,0,2026-08-27T09:07:23Z,0,False
@faizziaf1125,"yg sllu gw bertanya tanya knp ahli bilang 4,5 miliyar knp gak 5 miliyar knp gk 3 milyar",0,2026-08-18T13:15:10Z,0,False
@booimxz8556,cerita bagus,0,2026-08-16T15:17:36Z,0,False
@betta_buis,"Masih bingung sy...
Kok manusia bisa memprediksi gmna terbentuk nya bumi...
Cuma mengandalkan technology...
Apa iya terjadi nya seperti di video...
Dah lah ngikut ja..
😂😂😂",0,2026-08-15T09:41:38Z,0,False
@ArshaChannel108,"Masih banyak kaum yg menganggap bumi ini datar.
Kaum FE namanya",0,2026-08-15T05:44:21Z,0,False
@raninurmayanti9595,takut banget suatu saat bumi kembali hening lagi,0,2026-08-11T03:28:23Z,1,False
@PinkChalice270,"Ya bodo amat sih, suatu saat kita mati kok😂",0,2026-09-01T08:02:20Z,0,True
@DasepKurniawan-g4e,Klw melihat dn memperhatikan akan semesta  ternyata bumi hanyalah butiran debu...!!!  Palagi hanya manusia ...??? JD apa yg disombongkan manusia  ...??? Sungguh mahluk yg sangat lemah ...!!!,0,2026-08-06T20:04:56Z,0,False
@LISAAAA-zan,masyaAllah,0,2026-08-06T12:43:55Z,0,False
@zulfikarodhe912,"Coba jelaskan secara detail bagaimana makhluk hidup muncul di dunia ini dari awal sampai terbentuk jangan hanya sebut zaman menurut prasejarah dan video serta penjelasan yang di berikan tiba"" sudah terbentuk sempurna..... Ini video pembodohan",0,2026-08-06T04:07:21Z,0,False
@mujiyono180,"Benar Firman Alloh SWT Bumi dan langit dulunya satu padu kemudian Alloh SWT memisahkan nya. QS  Al Anbiya' 30 . Dan Alloh SWT menciptakan makhluk hidup dari air . . Dan Alloh SWT menciptakan manusia untuk hidup di bumi untuk beribadah kepada Alloh SWT Yang Maha Kuasa, Maha Esa Yang tidak ada sekutu bagi Nya.. Besok Alloh SWT hancurkan bumi., kiamat. Apabila air laut dipanaskan QS At Takwir. Dan apabila air laut dijadikan meluap QS Al Infithor. Bukankah perubahan iklim saat ini menjadikan air laut panas dan perlahan-lahan air laut naik. Wes gek kiamat aja, manusia hidup di bumi tapi lupa pada Alloh SWT yang menciptakan bumi, manusia bersenang senang diatas bumi besok akan menangis di perut bumi.  Bukankah rusaknya bumi karena dampak kemajuan sains dan teknologi.",1,2026-08-04T04:28:32Z,1,False
@PinkChalice270,Bacod,0,2026-08-04T13:56:43Z,0,True
@muhamadfirdauz-e5t,Manusia ini debu kecil tapi ko ada manusia sombong yang suka mengusir manusia lainnya pake suruh suruh pindah segala kek bumi miliknya saja,0,2026-08-03T17:41:50Z,0,False
@bantengdarah,"Uap air? Sementara air aja bln ada 
5:34",0,2026-07-31T15:01:14Z,0,False
@cecepbudi2636,terimakasih sangat bermanfaat,0,2026-07-31T08:46:15Z,0,False
@frengkywidayat9921,Kesimpulannya bumi sudah mengalami beberapa kali kiamat.,0,2026-07-27T14:16:33Z,0,False
@liesuniamp3124,"min, apakah setelah zaman kita akan ada kehidupan baru dibumi ini ?",0,2026-07-27T04:11:08Z,0,False
@BIAWAK_BOGOR,"betapa pintarnya manusia bisa membuat gambaran pembentukan bumi
tapi tidak dengan kepunahan/kiamat",0,2026-07-21T05:09:42Z,0,False
@AhmmadSodik-x5h,Tanaman 🌳🌲🌴 pohon tanah 🌏,0,2026-07-11T06:52:44Z,0,False
@AhmmadSodik-x5h,Hewan 🐵🐔🐶🐷 hewan bumi 🌎,0,2026-07-11T06:37:49Z,0,False
@AhmmadSodik-x5h,"2,5 Juta orang 🚹 orang penduduk😂",0,2026-07-11T06:31:06Z,0,False
@AhmmadSodik-x5h,"2 , 5 penduduk orang 🚹 /people",0,2026-07-11T06:26:42Z,0,False
@AhmmadSodik-x5h,3 planet bumi 🌎🌐 indah,0,2026-07-11T06:25:59Z,0,False
@Bustami-c7u,Akhirnya dikonoha para penjilat bekerja,0,2026-07-05T12:39:01Z,0,False
@Yeskwkentok.bolong,"Bagi yg tdk tau tentang chenel dan adminnya mungkin percaya
Bagi yg tau tentang chenel ini
Dan Admin akan tertawa bahwa yg nyata admin itu stres",0,2026-06-30T20:11:53Z,0,False
@Psw-m8n,"5:37 jangan jangan dimasa depan Pluto  ada kemungkinan jadi ""bumi"" Baru",0,2026-06-24T06:00:42Z,0,False
@aanpisboy9436,"apakah manusia lahir sebelum bumi ada atau kah setelah bumi itu ada, manakah yang benar jika sebelum bumi ada makan sebelumnya manusia tinggal dimana dan apabila setelahnya hewan apa yang pertama ada dibumi.",0,2026-06-21T19:13:36Z,0,False
@mujionomuji4675,"Cerita nggedabrus, tau tahun segitu dari mana🤦🤦🤦",0,2026-06-21T17:08:15Z,0,False
@dennyPrinally,"Gara gara ngonten kamu, ada yang berkomentar, lalu kamu tidak akan sadar ada kata, bahasa, tulisan, diterjemahkan lalu diperdengarkan dengan toa mesjid Nurul ikhlas kelurahan Cemara, lubuk pakam, deliserdang, Sumatra Utara dan mungkin beberapa dengan speaker aktif di rumah warga sekitar, kebisingan dan berisik dari alar alat terebut berdampak polusi udara mempercepat pemanasan, pergerakan awan yang entah dimana pasti disuatu ketika bencana bumi bagi pengguna YouTube dan lainya akan terjadi. Mungkin anda akan menjadi yg pertama mendapati kesakitan dan kematian. Sedangkan yang lain pada hewan dan tumbuhan juga. Cobalah untuk mematikan dan menghancurkan system' sound didaerah ini agar tidak ada lagi yang memperdengarkan setiap hari berulang ulang dengan toa mesjid dan speaker aktive kelewat batas ruang. Bila mereka dimatikan  kemudian tubuhnya secepatnya diproses dalam penggilingan  pupuk dan pangan bagi tumbuhan dan hewan maka anda, pengguna YouTube dan lainya  di bumi, diluar angkasa  pun akan menjadi tempat terindah, ternyaman bagi manusia, hewan, tumbuhan, robot di masa selanjutnya. Dan saya mohon untuk tidak membagikan komentar saya ini dengan disuarakan dengan alat penggeras suara dimanapun anda berada.",0,2026-06-18T07:20:54Z,0,False
@recapsans6861,Terus manusianya dari mana,0,2026-06-16T17:52:21Z,0,False
@badrusSamsi-j7v,Critane ora genah,0,2026-06-15T07:58:20Z,0,False
@badrusSamsi-j7v,Ora genah,0,2026-06-15T07:58:01Z,0,False
@Dwisuraniumi,Bang.. bukannya manusia pertama itu nabi Adam?,0,2026-06-15T02:41:08Z,0,False
@Ahmadismuladham,Gedabrus ....,0,2026-06-14T23:52:51Z,0,False
@musikrelavan,Bng reques 30 menit betapa mengerikan kuruptor,0,2026-06-14T07:13:45Z,0,False
@Abumuqbil-i6v,"Maha kaya allah dengan segala yang dia ciptakan, dia lah satu satunya pencipta. 

Allah Subhanahu Wa Ta'ala berfirman:

يٰۤاَ يُّهَا  النَّا سُ  اعْبُدُوْا  رَبَّكُمُ  الَّذِيْ  خَلَقَكُمْ  وَا لَّذِيْنَ  مِنْ  قَبْلِكُمْ  لَعَلَّكُمْ  تَتَّقُوْنَ 

""Wahai manusia! Sembahlah Tuhanmu yang telah menciptakan kamu dan orang-orang yang sebelum kamu, agar kamu bertakwa.""

(QS. Al-Baqarah 2: Ayat 21)",0,2026-06-14T05:15:46Z,0,False
@setijo-n6h,Konten keren manusia tak seberapa dibanding alam semesta ciptaan Tuhan,0,2026-06-13T14:34:33Z,0,False
@IskandarDjuli,"Kira2 itu semua ulah siapa...
Siapa yg kuasa mengatur alam semesta....",0,2026-06-13T14:08:40Z,0,False
@FahrulHidayat-d1n,"Kisah dongeng emang indah 🗿🗿 
apalagi yang suka mendongeng tukang klaim di era digital saat ini terlebih yang baru nongol di abad ke 7 tapi klaim nya kemana mana berasa segala pengetahuan bersumber dari buku dongeng itu wkwk 🤪🤣😂",0,2026-06-13T00:29:34Z,0,False
@MariaDayang-y7v2i,subhanallah walhamdullillah Allahuakbar ya kita hidup ini harus saling menghargai dan menghormati dengan penuh rasa syukur kepada Allah SWT amiin ya Allah kerena kita hambanya,0,2026-06-12T15:32:04Z,0,False
@AntoMajid-r5v,Semua Allah yg mengatur.. Allah yg membuat bumi sehingga bisa di huni mahluk hidup,0,2026-06-11T08:29:50Z,0,False
@SMPNAnotaurei,"aku bangga dgn video ini sekaligus mnjd media pembejaran yg menarik untuk anak"" ttg Bumi",0,2026-06-09T23:26:53Z,0,False
@pandan-mc3yg,4 milyar thn yg lalu ?? Sotoy,0,2026-06-09T14:44:16Z,1,False
@RakaRHM,lu yg sotoy ,0,2026-06-18T08:23:25Z,0,True
@ovanfifatalviansyah3249,.,0,2026-06-07T14:33:15Z,0,False
@NeniAris51,KEMANA NABI ADAM??,0,2026-06-07T09:26:59Z,0,False
@indonesianvillagemedia4516,Darimana dia tau,0,2026-06-04T07:03:39Z,1,False
@RakaRHM,"Dari Batu🗿🗿🗿

Serius Bg",0,2026-06-18T08:27:52Z,0,True
@moodboosterchannel3460,"Jdi penasaran klo dari segi kacamata agama, untk soal jin, pda zaman apa ya di turunkan ke bumi sebagai Khalifah sebelum manusia",0,2026-06-03T22:28:26Z,0,False
@jomblosejati8183,ok,0,2026-06-03T18:08:04Z,0,False
@benidektus883,"Masih penasaran,,, apa iya cuma galaxy kita ada kehidupan.. padahal galaxy buanyak sekali . Bahkan apa cuma tata surya kita... Bnyak tata surya lain , apa iya gak ada kehidupan???",1,2026-06-03T16:05:42Z,0,False
@oloannst6133,Dari mana tahu mas 4 keluar tahun yang lalu,0,2026-06-03T15:55:01Z,0,False
@lukas.fernando.wang12,p,0,2026-06-01T16:46:34Z,0,False
@PujaYanti-j2l,"Bang lebih mengerikan lagi, susah bgt cari kerja 😭",1,2026-06-01T16:22:45Z,0,False
@andamoel8875,"Dinosaurus musnah karna meteor.
Manusia kemungkinan akan musnah karena ulahnya sendiri karena gak bisa merawat bumi 🤦",0,2026-05-28T22:22:26Z,0,False
@gerpan927,gileee,0,2026-05-28T20:57:33Z,0,False
@mhdlutpihasbilutpi7211,Tau nya kecil  tapi kok lupa sm allah,0,2026-05-27T14:56:48Z,0,False
@shironekotv5649,Yang mengerikan dari bumi merupakan makhluk yang hidup di dalam nya💀,1,2026-05-27T01:02:47Z,1,False
@sugiarti_1966,"Ada kabar baik di masa dpn akan ada damai di seluruh buminsemua orang  akan saling mengasihi . Kita bertetangga semua orang baik dan benar , 
Kemana orang jahatnya ?
Orang-orang jahat akan di musnahkan , kalau anda melihat tmpt dimana orang jahat  biasa ada , tdk akan di temukan lagi .

Mazmur 37 : 9 - 11 , 34
Amsal 2 : 21 , 22 

Orang-orang akan duduk dan aman di bawah pohon anggurnya , 
Tdk akan ada yg membuatnya  takut 

Mikha 4 : 4.",0,2026-06-08T19:58:08Z,0,True
@ProphetIzuddin26,Wehhhh.. Seksssssss ruang tamu mana... Bukan minta ramai pun... Arwah mak dan ayah aku boleh bagi,0,2026-05-26T17:53:38Z,0,False
@hendrifachri7434,mantap,0,2026-05-26T11:14:24Z,0,False
@RifaTun-g8x3i,Kucing apa,0,2026-05-26T11:03:44Z,0,False
@ArlecchinoWr,bang bikin vidio bumi saat corona,0,2026-05-26T06:22:45Z,0,False
@muhlismaldinichannel7565,Terlalu lebay cvkkkkk,0,2026-05-25T15:15:56Z,0,False
@PainoIno-f9b,Dari yg mencipta manusia yg merusak yg mencipta,0,2026-05-24T03:30:58Z,0,False
@irfanzidnias,Keren. Hanya saja luput dari video soal penjelasan transisi dari makhluk seluler ke makhluk raksasa.,0,2026-05-23T15:39:01Z,0,False
@Yulia-o7f,"""Allaah yg menahan langit dan bumi agar tidak lenyap, dan kalau keduanya akan lenyap tidak ada yg mampu menahannya selain Allaah....""
Allaahu Akbar!",0,2026-05-22T14:42:43Z,0,False
@Evelynn-f3b,penasaran dengan ajaran budha sampai sini,0,2026-05-22T08:32:55Z,0,False
@SalmonAmo-l7f,Apakah kita akan punah juga dan muncul kehidupan baru lagi,0,2026-05-22T05:18:14Z,0,False
@Papi-b9t,Terima kasih ❤😂😂❤ sangat terinspirasi,0,2026-05-21T15:46:21Z,0,False
@Sansan-lq8un,"Ketika kita mati nanti, allah akan mengungkap kebenaran bumi yang sebenernya, bentuk nya, saat diciptakannya dll, maka tunggulah kematian mu dan kebangkitanmu nanti",0,2026-05-21T11:43:21Z,0,False
@Rehan-v6n5d,Bang request 30 menit setelah merangsang namun hasrat tak bisa terpenuhi😢😢,0,2026-05-21T07:51:43Z,0,False
@RadenKyansantan,"Saya sngat percaya evolusi 99%ada bukti dn faktanya,,karena saya pecinta alam,,tapi sekarang manusia hidup di zaman politik yang akan mngubah kehidupan manusia dn alam ini",0,2026-05-20T21:12:37Z,0,False
@ZiaAzzahra-f2v,Sejarah manusia ny teori yang bodoh dan ga sesuai sama yang di tulis di alkuran,0,2026-05-20T05:35:12Z,0,False
@eksekutorgamingid8960,dan ketahuilah..zaman manusia akan berakhir.,0,2026-05-18T15:49:17Z,0,False
@masdidin8480,Kita tidak tahu yg dimaksud kiamat diagama siapa tahu kiamat dibumi speeti yg sudah sudah kehidupan punah.. Terus surga neraka.. Mungkin surga diletakkan diplanet tersembunyi yg indah... Yg neraka dimasukkan dimatahari,0,2026-05-18T15:06:14Z,0,False
@rosmamandra,Bang requet beda rupiah ma dolar,0,2026-05-18T10:36:12Z,0,False
@Ahmad-kz1td,"KDM bapa aing nu bakal nyadarken jalma d isi bumi ieu  bahwa jalma kudu hidup berdampingan jeng alam,, karusakan dmn2 akibat ulah jama nu sarakah",0,2026-05-18T04:52:46Z,0,False
@AzkaAndrian-k5e,Bumi sangat mengerikan karena ada mahluk yg bernama MANUSIA,0,2026-05-17T12:21:21Z,0,False
@joesinyoe6675,Dongeng,0,2026-05-17T11:30:48Z,0,False
@MamahAden-r2c8u,Subhanallah 🤲🤲👍,0,2026-05-17T00:05:19Z,0,False
@NinikIstriani-hd3yo,Setan si iblis mengendalikan manusia untuk merusak dan menghancurkan bumi .tapi KERAJAAN ALLAH YEHUWA melalui Yesus Kristus akan memperindah bumi pada waktunya,0,2026-05-16T19:34:57Z,0,False
@MarcoBezzechi-r9p,"Bumi itu hamparan luas, inti dari alam semesta, jdi bumi itu datar, yg bulat itu matahari bulan mngelingi bumi",0,2026-05-16T19:29:25Z,0,False
@puangadam9028,Bumi adalah salah satu planet yg mengitari tata surya ...dan didiami manusia ciptaan Allah dan hewan serta tumbuh2an ...,0,2026-05-16T11:09:24Z,0,False
@yoric8398,"Bravo mas! Rating 10, terimaksih video edukasinya! Cuma ini layarnya tidak full ya mas! 👍❤",0,2026-05-15T13:59:02Z,0,False
@PelengkapOtomotif,Wah ❤,0,2026-05-14T16:43:50Z,0,False
@macarough,"Nangis kejer liat ini. Sedih bgt, ""Seolah bumi hanya ada untuk manusia."" 😭😭",0,2026-05-14T06:02:57Z,0,False
@HartonoLim-wc6yx,Mimin tlg. Riques betapa ngerinya negara konoha. Lah. Di tunggu yah min,0,2026-05-13T15:15:20Z,0,False
@mikojuldhawan,"gilaaaa narasi nya keren bgt, epik ga bosen dr awal sampe akhir dengernya 🥹",0,2026-05-12T22:41:39Z,0,False
@sapdopalon1969,Tidak ada yg tau semua itu.. NGARANG dari karangan psikopat alam.,0,2026-05-12T10:13:35Z,0,False
@RoniIskandar-q5o,Nama chenel nya rice😂😂😂,0,2026-05-12T08:41:21Z,0,False
@koegathel123,"percayalah miliaran tahun kedepan,manusia juga bakalan punah😢",1,2026-05-11T15:09:25Z,2,False
@sugiarti_1966,"Kalau menurut Alkitab manusia akan tetap ada ,krn  tujuan manusian tercipta salah satunya untuk menggarap bumi merawatnya dgn baik dan melestarikan  alamnya dan segala isinya , dan bumi tercipta untuk di hadiahkan kpd putra-putra  manusia dan bumi akan ada untuk  selamanya .
Kiamat hanya berlaku atas orang-orang  jahat yg tdk mau bertobat 
Kiamat bukan kehancuran bagi planet bumi . Planet bumi salah satu karya terindah Pencipta Nya tdk akan hancurkan .

Dsr untk referensi :
 
Pengkotbah 1 : 4
Wahyu 11 : 18
Mazmur 37 : 9 - 11
Mazmur 115 : 16
Kejadian 2 : 15",0,2026-06-08T19:31:10Z,0,True
@sugiarti_1966,"Manusia dan planet bumi akan tetap ada selamanya .
Krn Pencipta punya tujuan yg sgt bagus bagi bumi dan manusia .

Silhkn kunjngi jwdotorg Pilih video Dan di kolom pencarian silahkan Ketik

 Apa tujuan Allah menciptakan bumi",0,2026-06-08T19:33:28Z,0,True
@SiskaSiska-rz1wr,"Cerita tai,😂😂,",0,2026-05-10T16:54:07Z,0,False
@D.Romance,"Saint benar dan versi agama pun benar.. Sampai saat ini belum ditemukan transisi awal mula manusia, knpa? Karena emng manusia dari dlu udh kayak gini.. Kita lah Alient sesungguhnya, (Mahluk luar bumi) Coba perhatikan kehidupan di bumi ini. Semua mahluknya berevolusi mengikuti iklim.. Seperti bulu-bulu tebal, kulit tebal semua karena menyisakan dengan iklim. Tapi tidk dengan manusia, kita tidak berevolusi, karena memang seeprti inilah kita ketika di turunkan ke bumi, sesuai agama kalian masing2.. Adam dn Hawa",0,2026-05-10T14:27:13Z,0,False
@liazsee,kalo cari buku yg bahas ginian judulnya apa ya,0,2026-05-09T16:07:37Z,0,False
@raearya7827,semoga semakin banyak yang nonton dan pahami ini,0,2026-05-09T14:59:29Z,0,False
@contact28,tau dari mana om??? jngn ngarang om,0,2026-05-09T14:29:37Z,0,False
@SulastriTegal-b1d,BUMI FOTOSINTESIS BERJALAN LANCAT,0,2026-05-09T11:13:52Z,0,False
@rikarika338,"Bumi ini ga ada ngeri ngerinya bang sama sekali ga ,,,,kita nyaman damai tinggal dibumi ,,,yg pling ngeri negara kita ini Indonesia, pejabat nya ngri ngeri seram manakutkan,,,",0,2026-05-08T13:47:15Z,0,False
@king99987,Ouh saat ini saya udah mulai paham  bergini lah bumi di proses kan oleh Allah terima kasih bang 😮ouhh kayak Gini salam dari map kecil Malaysia,0,2026-05-08T07:07:21Z,0,False
@asep_Ramdhani,"Kalo up di TT gw yakin banyak yang bawa"" Agama   🗿",0,2026-05-07T14:35:13Z,0,False
@Mataelang_600,Knpa BBM Susah 😢,0,2026-05-07T13:19:40Z,0,False
@AdkoniAdkoni,10,0,2026-05-07T12:32:42Z,0,False
@hariedchaniago60,Manusia memang makhluk yg mengerikan..,0,2026-05-07T01:21:18Z,0,False
@bagussatria01,mimin admin bahas tentang kehidupan yang akan datang,0,2026-05-07T00:04:55Z,0,False
@Rimo-yq1gy,Nabi Adam kemana😂,0,2026-05-06T15:20:41Z,0,False
@deryputra69,"Wallohu alam , tp saya malah berfikir setelah nanti hari kiamat apakah ada kehidupan baru lagi setelah manusia tiada",0,2026-05-05T15:10:43Z,0,False
@naulirisetya1705,Sudah jelas bahwa alam semesta itu Ciptaan Alloh Yang Maha Besar. Tapi kebanyakan manusia mengingkari dan memilih membusuk di neraka,0,2026-05-05T04:49:44Z,0,False
@DenyOslo,"Nenek kami dlu sbgai orang Jawa sangat menghormati bumi, yaitu dengan cara bersyukur dengan cara mengolah lahan dengan sebaik baiknya, dan saat waktu mau tanam ada acara sendri, dan waktu panen ada acara tersendiri, yg kata orang islamis katanya syirik, yg d tangkap mreka mengenai jin /menyembah jin, tapi itu ritual bukan buat jin tapi rasa syukur dan menghormati bumi karena sudah memberikan semua kebutuhan manusia",0,2026-05-05T02:14:12Z,0,False
@FarhusFarhus,"kurt
adalah:supernovadkk/sah
bumis/dselesai.
setuju/slm
dr:kurt
dititiksupetnovadkk/sah
wsl",0,2026-05-04T07:45:26Z,0,False
@musriani-gz7pp,Bumi dan seusix dibanding alam semesta cuma seyetes air di samudra. Maha besar Allah...,0,2026-05-03T07:58:18Z,0,False
@ubaidmabruk8259,Thanks Bang,0,2026-05-01T00:19:27Z,0,False
@Cucuk_Bader,Jelasin juga awal mula terciptanya Dinosaurus Min.,0,2026-04-30T16:38:56Z,0,False
@indrawinata2299,Jangan lupa manusia diciptakan dengan sempurna jangan macam2 dengan eksperimen anda.tinggal anda gabungkan eksperimen anda dengan penciptaan manusia.bukan nya berevolusi tapi manusia diciptakan,1,2026-04-30T13:08:40Z,1,False
@ListyaNingsih-uu5rt,Sesok nyembah regetane kuku sikele karoknurman Wesi wesben nekad kbo pokoke Wesi josssds,0,2026-05-07T14:25:57Z,0,True
@muhamadpahlevi5221,Tidak mungkin ini semua kebetulan,1,2026-04-30T01:33:18Z,0,False
@TokoAtokchan,Rasa ku. Teori Stanley Miller. Terlalu komplek banget asam  amino bisa bikin kehidupan seperti sel walaupun revolusi berjt tahun.  Rasa ku lemah banget,0,2026-04-29T23:25:58Z,1,False
@TokoAtokchan,Kepler-452b.  Atau yang dekat aja mars kenapa ga ada kehidupan?,0,2026-04-29T23:31:18Z,0,True
@sandita30,Apa yg ada di langit dan di bumi segalanya milik Allah sang Maha Pencipta alam semesta,0,2026-04-29T22:53:46Z,0,False
@humaidi8780,"""Hanya mendengar kisah bahwa dunia dulu pernah indah""😢",1,2026-04-29T15:49:01Z,0,False
@adikris70,"Awal yang halunesia, tahu dari mana ada bintang raksasa... Awal manusia yang mengacaukan pikirannya sendiri",0,2026-04-28T13:24:29Z,0,False
@aldistevenhutagalung2006,Sudah saya subrek yah bang 🤓,0,2026-04-28T04:31:36Z,0,False
@avesenfaris810,𝗞𝗶𝘁𝗮 𝘀𝗲𝗯𝗮𝗴𝗮𝗶 𝗺𝗮𝗻𝘂𝘀𝗶𝗮 𝗵𝗮𝗻𝘆𝗮 𝗯𝗶𝘀𝗮 𝗯𝗲𝗿𝘀𝘆𝘂𝗸𝘂𝗿 𝘂𝗻𝘁𝘂𝗸 𝗯𝗶𝘀𝗮 𝗵𝗶𝗱𝘂𝗽 𝗱𝗶𝗱𝗮𝗹𝗮𝗺 𝗮𝗹𝗮𝗺 𝘀𝗲𝗺𝗲𝘀𝘁𝗮 𝗶𝗻𝗶 𝘄𝗮𝗹𝗮𝘂𝗽𝘂𝗻 𝗸𝗶𝘁𝗮 𝗱𝗶𝗯𝗲𝗿𝗶 𝘄𝗮𝗸𝘁𝘂 𝘆𝗴 𝘀𝗶𝗻𝗴𝗸𝗮𝘁,0,2026-04-27T17:06:15Z,0,False
@Kilas_Waktu,"Mulai sadar kan kalo adam bukan manusia pertama, tapi orang pertama yg menjadi khalifah, yaitu orang yg memiliki pengetahuan di atas manusia2 sebelumnya, agar manusia mengerti mengapa mereka di ciptakan.",2,2026-04-26T14:52:58Z,0,False
@Habiburrahman-qu4fb,12:13 raurus mana min?,1,2026-04-26T00:39:08Z,0,False
@amink997,"Sebenarnya teori seperti ini adalah karangan, setelah karangan jadi baru di buat bukti pendukung",0,2026-04-25T09:24:29Z,0,False
@MrJoeMarc,Kita juga adalah bintang kepada makhluk hidup di planet lain,1,2026-04-24T22:32:45Z,0,False
@simplecraft4,"keren bang, lanjutin bang, gue sudah subscribe ente bang...",0,2026-04-23T18:55:12Z,0,False
@wahyudianugra9335,Kukira NASA ternyata NASI bjirrlahhh😂,0,2026-04-23T03:33:04Z,0,False
@MhmmdAbd,Sialan ternyata menyesatkan😂,0,2026-04-22T13:06:51Z,0,False
@andika9315,KONTEN TERKEREN,0,2026-04-22T11:30:49Z,0,False
@akhmadsarifudin9191,"Bumi adalah sebuah atau bahkan sebutir atom yg paling kecil

Kenapa bisa begitu?
Karna kalau kita lihat dari seberapa luasnya alam semesta dan berjuta juta bintang, planet bahkan galaxy itu sendiri
Kita tak terlihat kalau semua itu di gabungkan samahalnya seolah kita kalau sedang menatap sebuah atom dengan kasat mata

Dan kalau supernova itu pernah terjadi, gw juga percaya, seperti reaksi fusi nuklir , booom dan yah,  terpecah belah hancur lebur bahkan bisa membuat makhluk hidup mati atau bahkan bisa ber evolusi akibat terpapapar radiasi

Teori ngawur , tapi ini teori gw sendiri 😂",0,2026-04-21T22:23:59Z,0,False
@wawnnzz5540,Kita berasal dari sisa-sisa Bintang.,0,2026-04-21T13:51:06Z,0,False
@wawnnzz5540,Manusia adalah Hewan spesies Manusia,0,2026-04-21T13:47:09Z,0,False
@Naidi-j6u,"Tanpa iman kita akan sesat dengan konten seperti ini,karna dalam Alqur'an semua yg ada di langit dan bumi,bukan jadi dan trjadi sendiri,melainkan semuaa itu adalah ciptaan ALLAH yg maha kuasa..allah menciptaan bumi bgitu sempurna,bukan pembentukan dari hancurnya bintang seperti cerita sesat ini",0,2026-04-21T11:47:32Z,0,False
@ahmadhidayat8234,TANAH  AIR.....,0,2026-04-21T06:41:41Z,0,False
@ahmadhidayat8234,BUMI   ITU  TANAH     ATAU   RUMAH..,0,2026-04-21T06:41:16Z,0,False
@HydraSword-nv1mj,"Jika kalian melihat bumi yang merupakan bumi lapis pertama bentuknya memang seperti cicin yang di lempar di Padang pasir bila dibandingkan dengan bumi lapis ke 2 (Mars).

Bentuknya seperti cincin hanya bisa dilihat dalam skema bumi datar, bukan bumi bulat😅.

Cincin itu terlihat menyelimuti bumi seperti cincin es. Allahuakbar ❤. 

Btw gak ikut ikutan nenek moyangnya manusia kera (jin), nenek moyang saya nabi Adam😅.",0,2026-04-21T05:17:52Z,0,False
@amaaareevaa,terharuu 😢,0,2026-04-21T03:54:38Z,0,False
@MohamadFatony86,Terus Minion muncul berapa juta tahun yang lalu min? Bukanya Minion muncul dimasa dinosaurus?,0,2026-04-19T12:38:04Z,0,False
@AnBible,"Yang pastinya alam semesta ada penciptanya... Karena semuanya tertata dengan rapi..
  Ada yang mendesain semuanya ✌️",0,2026-04-19T11:47:21Z,0,False
@OyenMbul-m2m8u,inti.  ini semua dari ALLAH 👍,0,2026-04-19T01:04:49Z,0,False
@sajalibakri310,Hidup ini berharga...nikmati seadanya sehingga kita pulang. .,0,2026-04-18T23:28:52Z,0,False
@AtiRani-j7u,"Subhanallah..
Allahu wa' lam bissowab",1,2026-04-18T14:45:51Z,0,False
@Bang_pikri,Manusia pertama dari nabi Adam bukan dari monyettttt,3,2026-04-18T12:31:16Z,0,False
@YudhiBungkundapu,"Kita adalah bintang, itu kenapa kita selalu menaruh harapan ketika melihat bintang jatuh.🥰",0,2026-04-18T10:03:16Z,0,False
@miraandili4206,Sangat suka video seperti ini. Sangat bermanfaat 🙏,0,2026-04-18T03:23:37Z,0,False
@viko-alvino,anjai mimin nasi ternyata pemegang teori evolusi monyet. pasti mimin nasi bangga banget punya nenek moyang monyet,2,2026-04-17T18:02:59Z,0,False
@djudymarbes1493,"dari goblok ke pintar
Dari pintar ke goblok",0,2026-04-17T13:34:16Z,0,False
@PATIYEAH,"Gua baru nonton 17 apr 2026. Gua ga punya ilmu lebih perihal geologi, astronomi, biologi, dan fisika. Tpi gua suka belajar ttg geologi dan astronomi. Setelah liat video ini gua baru sadar kalo ternyata kita manusia (mahluk hidup yg paling rasional di bumi) harus punya batasan modern, krna klo ga ya kita akan kembali hancur karna tangan kita sendiri, alam udh sering kasih kita peringatan tapi kita cenderung abai karna di anggap biasa. Hufftt agak dekdekan, semoga bumi masih bisa sehat supaya anak cucu gua bisa ttp menikmati keindahan alamnya… 🙌👏 tq yg udh bkin video ini ❤",0,2026-04-17T12:42:42Z,0,False
@Marantinus777,AdaM dan Hawa GK ada. Teori Darwin sesat,0,2026-04-15T16:16:48Z,0,False
@Dans-l6f,Ending Bumi itu dari Debu Kosmik Kembali Ke debu kosmik,0,2026-04-14T04:18:18Z,0,False
@ijakull6717,Yang bawa2 agama dikolom komentar gak asyik,0,2026-04-11T19:54:46Z,0,False
@JulianJourney93,Semenjak ada Prabowo bumi jadi ngeri😢,0,2026-04-11T18:30:13Z,0,False
@meidykolang5273,Ilmu yaa ilmu tp cerita ini sudah keluar dari firman Tuhan.,0,2026-04-11T08:15:57Z,0,False
@AKSESSukse,"Rusaknya suatu iklim aura sipanse masa di tunda bulu berlebihan tak mau sempat pertanian yg di populer asma japah kuman gatal air nanah mirip bisul mata satu dll, ilmu   selama ibadah populasi menanam sambil seluler yusolu dokumen misil catatan pencil kitab setiap insan,",0,2026-04-10T18:25:04Z,0,False
@arshad0242,"Klo teorinya begitu ,berarþi emang bnar bumi itu bulatt",0,2026-04-10T07:22:32Z,0,False
@irfanaji26,manusia hanya berevolusi dari tinggi menjadi pendek,0,2026-04-09T14:43:22Z,0,False
@Asep_sudrajat-y4k,Kita ini adalah hanya butiran debu  jadi apa yg kita sombongkan,0,2026-04-08T14:04:26Z,0,False
@Cixxmenn1,"berarti kiamat itu sudah pernah terjadi, pada masa lalu dengan peradapan dulu",0,2026-04-07T23:08:07Z,0,False
@Syafrimal189,Amerika punya NASA Dan Indonesia punya NASI... Channel yg penuh edukasi dan ilmu pengetahuan... semoga sukses ya NASI.,1,2026-04-07T12:10:43Z,0,False
@thiojohnsonyusuf5805,Terimakasih,0,2026-04-07T11:24:52Z,0,False
@KAJAWAN58,Keren videonya...👍,0,2026-04-07T04:11:11Z,0,False
@baiqnispa849,"Keren semua bang, semangat terus bikin konten begini.",0,2026-04-06T23:30:00Z,0,False
@Rima_sarita,Skrng baru masuk akal ketika manusia memang tercipta dari tanah,0,2026-04-06T15:30:51Z,0,False
@GALURA-ID,good job,0,2026-04-06T08:08:46Z,0,False
@YantoStark,"jika lautan purba berasal dari awan dn hujan bukankah sehrus,ny airny tawaar",0,2026-04-05T08:07:35Z,0,False
@baiqnispa849,"Keren bang, kok bisa tau semuanya sih. 😁",0,2026-04-05T01:51:58Z,0,False
@Irwan-m5b,Dinosaurus di buat dari apa bg jelasin awal muncul,0,2026-04-04T20:33:42Z,0,False
@Irwan-m5b,LU TAU DARI MANA BANG BISA CERITA BEGINI,1,2026-04-04T20:23:56Z,1,False
@sitirachmawati7873,😂😂😂 dari kemaren,0,2026-04-09T12:01:40Z,0,True
@ayasbaratha5821,Keren banget bang,0,2026-04-04T14:30:25Z,0,False
@HermaoneMyONE,"Semoga pejabat & pembuat kebijakan di negeri yang namanya INDONESIA bisa terketuk hatinya dalam mengelola alam & sdm nya ...., kecuali pemerintah sudah  bebal & kepala batu !!!",0,2026-04-01T19:39:13Z,0,False
@tinastinas9838,Bang kulit bumi plg luar itu batu yh??klo ada pesawat angkasa keluar dari bumi itu nembusnya gimana bang...diluar bumi gelap yh??subhanalloh,0,2026-04-01T15:10:39Z,0,False
@Mukim485,Ini ilmu dari agama apa mas,0,2026-04-01T01:27:14Z,0,False
@dev_k.w,"Lh trus bangsa nisnas ,dan malaikat yg dlu katanya prnah tinggal d bumi .itu ko ga d ceritakan",0,2026-03-29T15:53:51Z,0,False
@anggi0161,Musik ny kurang berisik bang,0,2026-03-29T01:05:30Z,0,False
@taata-o3e,"2 : 29; Dialah (Allah) yang menciptakan segala apa yang ada di bumi untuk kalian.. bener² ya sebelum manusia modern diturunin ke bumi nih, bumi udh disiapin sedemikian rupa sama Allah, iklimnya, pohonnya dah berevolusi udh banyak tanaman yg bisa dimakan, fosil² hewan purba jadi sumber hidrokarbon, dimanfaatin jadi energi dan bahan baku chemical, begitupun juga gunung² kapur, kalsium karbonat, silika yg bisa diexplore dan dimanfaatkan buat bahan² material, dan logam² berlimpah lainnya.. butuh 4M an taun loh buat Allah nyiapin semua itu untuk manusia ❤",1,2026-03-28T08:02:09Z,0,False
@AbdRohim-xx1dy,akhirnya di bumi itulah omongan tetangga sangat mematikan........😂,0,2026-03-27T16:26:07Z,0,False
@mujibsableng5159,Kalo pemahamanku yang namanya ahir zaman itu ya bergantinya zaman itu sendiri. Contohnya dulu zaman dewa ganti zaman nabi ganti zaman kerajaan ganti zaman wali  zaman porba zaman modern dan seterusnya. Itu kalo menurut pemahamanku. Aja.,0,2026-03-27T11:02:29Z,0,False
@RiskiIban94,Kajian ilmiah tidak ada bukti yg kuat semua hanya perkiraan saja,0,2026-03-26T15:40:06Z,0,False
@nurhishamabdullah3579,"Dari tiada kepada ada,ianya ada permulaan..pasti ada pencipta ,mustahil ia bergerak dengan sendiri",0,2026-03-24T18:09:09Z,0,False
@Eunwnnie,"menit ke 20:00 kenngeriannya makin terasa, jantung deg deg an, mulut tak berhenti berucap ""ya Allah""",1,2026-03-23T03:35:04Z,0,False
@DevlaLaku,Untung ada Al-Qur'an dan hidup dizaman sekarang bisa akses pengetahuan lewat YouTube. Sekang pilihan hidup di kita..,0,2026-03-21T22:17:59Z,0,False
@KurniaPutra-z2k,Mantap,0,2026-03-19T15:20:57Z,0,False
@AshariJannah,Mantap... 😊,0,2026-03-19T05:23:38Z,0,False
@josuapakpahan-r4i4w,"bumi tanpa manusia akan jauh lebih aman 
manusia sekarang ini mengabaikan kebaikan bumi",0,2026-03-18T05:34:43Z,0,False
@FredyMeriana,Ada buktinya teori ini anda temukan dari mna? Siapa yg mnulis?,0,2026-03-17T16:48:29Z,1,False
@purple-27K,Keliatan bgt dongo bodoh nih orang,1,2026-03-26T06:13:27Z,0,True
@divalofficial2390,ｌ,0,2026-03-16T19:36:19Z,0,False
@nazrielsuju_celltv9821,"kalo kita liat video ini .. fix semua ini ada yang buat .. tidak smata2 alami ...  kalo alami knapa hnya bumi yg ada khidupan ? simpel.,..",0,2026-03-13T03:39:46Z,0,False
@MochiAlisa123,"Makasih bang pengetahuannya aku jadi tau dulu bumi itu kayak gimana dan aku sudah paham evolusi yang terjadi dulu,sampai sampai aku ceritain semuanya ke orang tua ku semua ilmu yang ku dapat dari abang,makasih yang bang",0,2026-03-09T07:20:06Z,0,False
@MadaArifah-lk3bf,Keren,0,2026-03-08T14:49:05Z,0,False
@jeyfajar8852,Semengerikan Apa BUMN😢,0,2026-03-06T23:28:11Z,0,False
@traderkampun9,"Ini hanyalah teori jangan diyakini kebenarannya, cukup dijadikan ilmu pengetahuan.",0,2026-03-06T11:53:00Z,0,False
@mlyni23,terima kasih bang sangat membantu,0,2026-03-04T04:17:20Z,0,False
@memek168,Anjing islam pengikut nabi cabulullah muhammad mana suaranya,0,2026-03-03T01:58:27Z,0,False
@AnakBaik-b9p,Dan banyak yg percaya bulan pernah terbelah😂,0,2026-03-02T11:23:37Z,0,False
@kirakillerr2554,Pokok nya kalo ada sejarah yang menyebut manusia itu keturunan dari monyet yang berevolusi jadi manusia gw nggak akan percaya hahaha.. Gw nggak mau lah kalo jadi keturunan monyet evolusi mah hahaha..,0,2026-03-02T03:58:06Z,0,False
@bungonald6607,👍👍,0,2026-03-01T21:43:54Z,0,False
@bobytaralandu8599,Luar biasa kontennya sangat ilmiah dgn analisis yg cukup rumit. Salut 'bang,0,2026-03-01T12:47:16Z,0,False
@Aglno-uo6ic,Suka bgt.. semangat terus ngontennya.,0,2026-02-28T21:19:07Z,0,False
@AhmadRusdi-n3i6d,Ibaratkan satu makan nangka semua kena getahnya,0,2026-02-28T14:45:09Z,0,False
@IkhsanErka,Semoga Gus Ulil melihat video ini,0,2026-02-28T02:46:59Z,0,False
@PakHaji88,Setelah miliyaran tahun lahirlah mimin dari hasil revolusi kuman kecil,0,2026-02-24T15:37:17Z,0,False
@SAHUM_zc,"Kalau bima sakti hasil supernova bintang yang kehabisan energinya dari mana inti-inti planet untuk memadat? Dan rasanya hanya akan menjadi nebula abadi(matinya inti energi), Bukannya kalau energi itu masih ada maka ia juga tidak meledak tp akan memadat pada energi yang paling kuat,, tabrakan 2 inti nuklir mungkin saya masih bisa percaya tidak menjadi fusi.. Tp efek lain selain fusi (tabrakaanya 2 inti nuklir) tapi melihat begitu sempurnanya seluruh galaksi menurut ku ini ciptaan... Sangat sangat perfect kalau hanya sekedar kecelakaan (tabrakan nuklir) atau argumen lain mungkin inti nuklir super bintang yang intinya tidak stabil karna habis umurnya, sedangkan mantelnya gak mampu menutupi lagi inti tsb..",0,2026-02-24T00:18:17Z,0,False
@thegnologi,Anggab aja nonton dongeng  dan kartun.jngan ribut ya..😄,0,2026-02-23T21:21:01Z,1,False
@thegnologi,Super Nova siapa yang kasi nama sementara belum ada kehidupan.😂,0,2026-02-23T21:21:59Z,0,True
@emm_gbt,Bang apakah tuhan kita bintang itu,0,2026-02-23T07:07:36Z,0,False
@Husin-f9h,Allah humma solli ala Sayidina Muhammad Allah hu Akbar Allah maha besar..amin ❤❤❤❤❤❤❤,0,2026-02-21T17:14:06Z,0,False
@Risellin,Akhirnya udah gk kliatan medoknya bg,0,2026-02-21T02:19:05Z,0,False
@wenkibluve99,"Dari sekian banyak konten tentang alam dunia yg paling saya suka Chanel punya abang jujur saya paling suka menceritakan 30mnt tentang dunia ini walau pun singkat narasinya tapi bisa saya pahami renungi bahkan menghormati menghargai sang pencipta alam semesta ini Allah SWT 
Kalau bisa bang maaf 🙏🙏banget kalau bisa setiap konten tema tentang alam gimana kalau sebagian mengambil dari Al-Qur'an ini sih cuman masukan aja😊",0,2026-02-20T12:56:05Z,0,False
@HasegawaPutra,Planet kita akan hancur sehancur2nya karna manusianya yg tdk prnh bersyukur alam dihancukan bumi dikeruk bumi skrg sudah hancur sehancu2nya karna ulah manusia..,0,2026-02-19T21:31:03Z,0,False
@frengkymelki2205,Kepunahan massal besar telah terjadi 5 x dan akan bertambah menjadi kepunahan massal ke 6 yg bisa jadi kepunahan holosen . 😢 Dan akhir peradaban manusia dan benua pun tidak akan sama seperti sekarang seperti yg terjadi di beberapa periode bab kehidupan di bumi  . Entah berapa juta tahun lagi manusia akan bertahan atau tidak bisa melampaui keberadaan hewan pada masa dinosaurus menguasai bumi selama 160 juta tahun lalu . 😢😢,0,2026-02-19T13:08:32Z,0,False
@frengkymelki2205,"Berfirmanlah Allah: ""Baiklah Kita menjadikan manusia menurut gambar dan rupa Kita, supaya mereka berkuasa atas ikan-ikan di laut dan burung-burung di udara dan atas ternak dan atas seluruh bumi dan atas segala binatang melata yang merayap di bumi."" 27 c Maka Allah menciptakan manusia itu menurut gambar-Nya, menurut gambar Allah diciptakan-Nya dia; laki-laki dan perempuan diciptakan-Nya mereka. 28 Allah memberkati mereka, lalu Allah berfirman kepada mereka: ""Beranakcuculah dan bertambah banyak; penuhilah bumi dan taklukkanlah itu, berkuasalah atas ikan-ikan di laut dan burung-burung di udara dan atas segala binatang yang merayap di bumi.""
29 Berfirmanlah Allah: ""Lihatlah, Aku memberikan kepadamu segala tumbuh-tumbuhan yang berbiji di seluruh bumi dan segala pohon-pohonan yang buahnya berbiji; itulah akan menjadi makananmu. 30 Tetapi kepada segala binatang di bumi dan segala burung di udara dan segala yang merayap di bumi, yang bernyawa, Kuberikan segala tumbuh-tumbuhan hijau menjadi makanannya."" Dan jadilah demikian. 31 Maka Allah melihat segala yang dijadikan-Nya itu, sungguh amat baik. Jadilah petang dan jadilah pagi, itulah hari keenam.",0,2026-02-19T12:42:40Z,0,False
@frengkymelki2205,"Berfirmanlah Allah: ""Jadilah benda-benda penerang pada cakrawala untuk memisahkan siang dari malam. Biarlah benda-benda penerang itu menjadi tanda yang menunjukkan masa-masa yang tetap dan hari-hari dan tahun-tahun, 15 dan sebagai penerang pada cakrawala biarlah benda-benda itu menerangi bumi."" Dan jadilah demikian. 16 Maka Allah menjadikan kedua benda penerang yang besar itu, yakni yang lebih besar untuk menguasai siang dan yang lebih kecil untuk menguasai malam, dan menjadikan juga bintang-bintang. 17 Allah menaruh semuanya itu di cakrawala untuk menerangi bumi, 18 dan untuk menguasai siang dan malam, dan untuk memisahkan terang dari gelap. Allah melihat bahwa semuanya itu baik. 19 Jadilah petang dan jadilah pagi, itulah hari keempat.
20 Berfirmanlah Allah: ""Hendaklah dalam air berkeriapan makhluk yang hidup, dan hendaklah burung beterbangan di atas bumi melintasi cakrawala."" 21 Maka Allah menciptakan binatang-binatang laut yang besar dan segala jenis makhluk hidup yang bergerak, yang berkeriapan dalam air, dan segala jenis burung yang bersayap. Allah melihat bahwa semuanya itu baik. 22 Lalu Allah memberkati semuanya itu, firman-Nya: ""Berkembangbiaklah dan bertambah banyaklah serta penuhilah air dalam laut, dan hendaklah burung-burung di bumi bertambah banyak."" 23 Jadilah petang dan jadilah pagi, itulah hari kelima.
24 Berfirmanlah Allah: ""Hendaklah bumi mengeluarkan segala jenis makhluk yang hidup, ternak dan binatang melata dan segala jenis binatang liar."" Dan jadilah demikian. 25 Allah menjadikan segala jenis binatang liar dan segala jenis ternak dan segala jenis binatang melata di muka bumi. Allah melihat bahwa semuanya itu baik.",0,2026-02-19T12:40:50Z,0,False
@frengkymelki2205,"Allah menciptakan langit dan bumi serta isinya
1Pada mulanya Allah menciptakan langit dan bumi. 2 Bumi belum berbentuk dan kosong; gelap gulita menutupi samudera raya, dan Roh Allah melayang-layang di atas permukaan air.
3 a Berfirmanlah Allah: ""Jadilah terang."" Lalu terang itu jadi. 4 Allah melihat bahwa terang itu baik, lalu dipisahkan-Nyalah terang itu dari gelap. 5 Dan Allah menamai terang itu siang, dan gelap itu malam. Jadilah petang dan jadilah pagi, itulah hari pertama.
6 b Berfirmanlah Allah: ""Jadilah cakrawala di tengah segala air untuk memisahkan air dari air."" 7 Maka Allah menjadikan cakrawala dan Ia memisahkan air yang ada di bawah cakrawala itu dari air yang ada di atasnya. Dan jadilah demikian. 8 Lalu Allah menamai cakrawala itu langit. Jadilah petang dan jadilah pagi, itulah hari kedua.
9 Berfirmanlah Allah: ""Hendaklah segala air yang di bawah langit berkumpul pada satu tempat, sehingga kelihatan yang kering."" Dan jadilah demikian. 10 Lalu Allah menamai yang kering itu darat, dan kumpulan air itu dinamai-Nya laut. Allah melihat bahwa semuanya itu baik.
11 Berfirmanlah Allah: ""Hendaklah tanah menumbuhkan tunas-tunas muda, tumbuh-tumbuhan yang berbiji, segala jenis pohon buah-buahan yang menghasilkan buah yang berbiji, supaya ada tumbuh-tumbuhan di bumi."" Dan jadilah demikian. 12 Tanah itu menumbuhkan tunas-tunas muda, segala jenis tumbuh-tumbuhan yang berbiji dan segala jenis pohon-pohonan yang menghasilkan buah yang berbiji. Allah melihat bahwa semuanya itu baik. 13 Jadilah petang dan jadilah pagi, itulah hari ketiga.",0,2026-02-19T12:38:53Z,0,False
@frengkymelki2205,"Buat kondisi bumi sesuai fakta nya , penampakan bumi saat benua masih menyatu di situ ada benua pangea atau godwana atau awal pertama bentuk bumi sebelum bentuk benua saat ini .",0,2026-02-19T12:34:48Z,0,False
@atiklatifah5887,Masih belum bisa mengiyakan evolusi 🙏 belum masuk logika saya,0,2026-02-19T09:58:17Z,0,False
@jeeandhika,kerenn,0,2026-02-18T22:22:27Z,0,False
@ahmdpaunzil,Keren bang,0,2026-02-17T14:44:40Z,0,False
@zulkarnaindumai376,"Begitu sabar si bumi, rusak oleh mahluk yg berpijak dan numpang hidup pada si bumi.",0,2026-02-17T14:00:47Z,0,False
@Ridoror,jujur nangis wak 😞,0,2026-02-17T07:44:14Z,0,False
@LayBonsong,Forse of Alam❤🎉,0,2026-02-17T07:13:11Z,0,False
@sunarsonarso5349,"Menurut berita yang saya ikuti ,Fosil manusia tertua yang diketemukan ilmuwan berumur 7 juta tahun  
Fosil tsb berbentuk kera. 
Jadi 7 juta tahun yang lalu sudah ada manusia namun bentuknya seperti kera yang membedakannya dng kera  adalah pada  tempurung otaknya tempurung otak manusia lebih besar dari tempurung otak kera.
Konon otak manusia  adalah  yang terbesar dari semua mahluk hidup yang ada.",0,2026-02-17T02:20:52Z,0,False
@dito1482,"coba atas dasar apa gw harus percaya dengan isi video ini, yang logis dan masuk akal.",0,2026-02-16T12:33:50Z,0,False
@theresialuti3959,Sangat suka dan ini akan saya ajak anak didik saya utk menonton spy paham 👏👏,0,2026-02-16T00:19:00Z,0,False
@theresialuti3959,"Terimakasih Abang yg baik atas ilmu,  pencerahan dan edukasinya. God bless you🙏🙏",0,2026-02-16T00:15:23Z,0,False
@Mulyadi-k7j5g,Kita ini hanyalah sebuah perputaran yg harus mengikuti putaran itu❤❤❤❤,0,2026-02-15T13:20:39Z,0,False
@zaedsambas8009,Tidak mungkin semuanya tercipta dari kekosongan. Pasti ada aktor tunggal yang menjadi sebab ini semua.,0,2026-02-14T14:30:15Z,1,False
@purwantopurwanto9712,Allah,0,2026-02-18T21:16:59Z,0,True
@TuanIman-n3h,2:03 bodoh apa cuma puluhan lebih besar daripada matahari dan mana nabi adam manusia pertama?? Jangan kata manusia berasal daripada binatang ya,0,2026-02-14T13:52:55Z,0,False
@Leonard-g6p,Yang pasti akan ada masa di mana semua makhluk di bumi akan punah kembali dan digantikan dengan makhluk lain. Intinya bumi akan selalu melakukan seleksi alam dan kita ga akan tahu kapan itu terjadi,0,2026-02-14T06:28:47Z,0,False
@Smallsmilee-u8d,covid beneran ada ngab?,0,2026-02-13T18:08:55Z,0,False
@masynoor4130,bang request mbg 30 menit betapa mengerikannya,0,2026-02-12T21:42:02Z,0,False
@maxanselmo-f4m,TEORI ATHEIS.,0,2026-02-12T19:45:07Z,0,False
@ranggapramudia5402,"Gelo bang pembahasan nya, bukan hanya membahas perjalanan sejarah bumi tapi juga tentang pengingat dan mengajak untuk terus menjaga bumi 🔥",0,2026-02-12T05:10:10Z,0,False
@nisrinasalsabila487,mashaAllaahh❤❤❤,0,2026-02-12T03:02:35Z,0,False
@alvino77,masa beres meledak langsung banyak pohon dan dino saurus gak bertahap keterangan nya. jelaskan lah awal mula pohon bisa tumbuh dan kenapah bisa keluar dino saurus,0,2026-02-11T21:20:33Z,0,False
@MochamadFaizal-h3j,Ga d jlasin tuh BG awal nya dn bagai mana dari kondisi saat itu  tercipta hujan,0,2026-02-11T21:11:18Z,0,False
@ajie0293,"Sedangkan Tuhan ketika menciptakan alam semesta ini dan seluruh makhluk di dalamnya hanya dg  mengucapkan  "" Kun fayakun"" 
Sementara para ilmuwan yg notabene TDK mengenall   agama ,dg logikanya merumuskan proses terciptanya alam semesta spt dlm Vidio ini.
Mungkin ada benarnya jg proses nya spt itu.",0,2026-02-11T15:59:10Z,0,False
@ghulamnurwahid9492,"hidup hanya sekali dam waktunya sebentar, jadi mari kita jaga dan cintai kehidupan ini begitupun dengan segala isinya, lakukan hal kecil demi menjaganya karena miliaran tahun sebelumnya pun kita hanya debu dan api.",0,2026-02-10T11:01:03Z,0,False
@galaksikosmik,bumi itu datar,1,2026-02-09T10:55:52Z,0,False
@Ihsanaaris,Sudah waktunya untuk turu,0,2026-02-08T19:18:36Z,0,False
@YeniMargaretabozeren,Mau lyrlbrscrbgwd,0,2026-02-08T17:16:55Z,0,False
@andijanto_tj,SOK TAU,0,2026-02-07T23:10:00Z,0,False
@tiasfbr1782,mengerikan lagi pemimpin wakil rakyat negeri ini,0,2026-02-07T18:48:57Z,0,False
@ahmadirsan9525,2:44 adalah super Nova... duarrrr💥,0,2026-02-07T08:58:03Z,0,False
@Suhadi230,Siapakah yang menggerakkan alam semesta ini?,0,2026-02-07T07:59:42Z,0,False
@BambangSugiarto-q7q,"Suatu Teori dan Ilustrasi.. Kecanggihan, dan keahlian Saat sekarang,,",0,2026-02-07T06:05:48Z,0,False
@DonyPutra-1927,Apakah manusia makhluk invasif ?,0,2026-02-05T16:42:29Z,0,False
@RikaMonica,Izin share min,0,2026-02-05T15:23:24Z,0,False
@Justin-x8s8i,Berarti hewan kecil yg bersembunyi dari bayang2 dino itu adalah nenek moyang kita,0,2026-02-04T18:06:41Z,0,False
@Munajir-r9n,Yesss,0,2026-02-04T14:04:23Z,0,False
@aburifqohelka,MAKA JADILAH ENGKAU ATHEIS YANG HIDUPNYA TIDAK MENENTU,0,2026-02-04T13:40:46Z,0,False
@aburifqohelka,😊😊😊 INI KONTEN BUDHA BAHWA MANUSIA DARI MONYET. SAMA SEPERTI DARWING. YANG  OTAKNYA  DI BODOHI KONDISI ALAM MAKA  BISA JUGA TAK PAKE AGAMA ISLAM KARNA JELAS PENGHUNI NERAKA PASTI TERJERUMUS,0,2026-02-04T13:37:53Z,0,False
@AZIZAHNURKHOTIMAH,mantep.... sangat berguna🥺🙌👏👏👏,0,2026-02-04T09:11:52Z,0,False
@Makin1991-x2h,"Ada kata kata yg ga bisa di ugkap kan..
Lihat vidiyo dan cerita bikin otak gue geleg😂😂😂...",0,2026-02-02T14:17:25Z,0,False
@billexplore3888,Apakah setelah kepunahan manusia nanti akan ada kehidupan lain nya jg,0,2026-02-02T06:08:16Z,0,False
@21official21,ngaco,0,2026-02-02T03:20:28Z,0,False
@FreddyBudiwan,Ngawur 😂,0,2026-02-01T16:25:57Z,0,False
@NoviFauzi-o5w,Hahahahaa lucu ya,0,2026-02-01T01:32:56Z,0,False
@SOUTHEASTASIA-q9z,Peradaban cerdas manusia adalah paradoks Fermi,0,2026-01-31T22:20:48Z,0,False
@bocahtrutus579,"Lebih mengerikan pejabat² konoha, saking rakusnya kalau bisa tainya sndiri di makan",0,2026-01-31T17:46:57Z,0,False
@orgenesseh1917,"Sangat mengedukasikan Skali, cuman 1 hal yg sy tdk puas adalah tdk di tayangkan jelas proses terbentuknya manusia 🎉",0,2026-01-31T17:18:22Z,0,False
@massharys5349,"Maha Besar Allah dengan segala firman nya, dalam menciptakan kehidupan dan bumi dalam 7 masa",0,2026-01-31T15:18:59Z,0,False
@acepbendera,Trus knapa air laut asin??? 😢,0,2026-01-31T13:20:39Z,0,False
@SlametSuroso-r2h,ITU HANYALAH..KEBESARAN ALLAH SWT ..TUHAN SEMSTA ALAM..CUKUP KUN FAYAKUN...BUKAN TUHAN YESUS😂,1,2026-01-30T14:23:20Z,0,False
@mauao2.bobotsari,Wkwkwkwkwkwkwkwk teori ateis,0,2026-01-30T12:56:34Z,0,False
@shafiyahihsani4506,"Masyaallah tabarakallah, Allahu Akbar ❤❤❤ MARI KITA JAGA BUMI KITA YA GYUS❤❤❤",0,2026-01-29T22:56:42Z,0,False
@AFstory8,Sampai sekarang sy masih berpikir ditengah besarnya galaksi semuanya bumi hanya seperti debu diantara Padang pasir dan apakah hanya bumi yang memiliki mahluk hidup???,0,2026-01-29T18:50:44Z,0,False
@Atmosfer.id19,"Surah al anbiya :30 sudah menjelaskan secara logika bahwa segala kehidupan berasal dari air,",0,2026-01-29T18:17:58Z,0,False
@dwildaaan,"pertanyaan aku cuman 1 , disaat ada kepunahan itu, kenapa langsung tercipta kehidupan baru, kaya misal tiba tiba daratan di kuasai oleh dinasurus , lautan juga sama demikian, mereka lahir nya dan asal mula nya dari mana? (pertanyaan yang tidak ada sangkut pautnya dengan agama) mohon jawabannya",0,2026-01-29T15:16:18Z,0,False
@daniherdiana1,"Bisakah Manusia menemani Alam semesta sampai ke akhir ceritanya?

Bayangkan alam semesta adalah sebuah buku yang sangat tebal dengan jutaan halaman. Di sana, dinosaurus adalah karakter sukses yang mengisi ratusan halaman. Sementara manusia? Kita seperti ""anak baru"" yang baru muncul di paragraf terakhir pada halaman paling bawah. Kita lemah, tidak punya cakar, dan tidak lari secepat mereka.

Namun, evolusi memberikan kita satu ""senjata"" yang tidak dimiliki saudara-saudara kita yang lain: Akal yang kompleks. Dengan otak ini, kita menjadi peniru ulung. Kita bisa melakukan kemampuan burung untuk terbang dan kekuatan mesin dan lainnya, Tapi di sinilah ujiannya. Karena kita  kadang merasa paling pintar, kita sering terjebak dalam keserakahan. Kita merasa menjadi ""pemilik"" Bumi, padahal kita hanyalah ""penyewa"".

Alam semesta tidak butuh manusia, tapi manusia butuh alam, alam punya sistem. Jika kita serakah dan merusak rumah sendiri, alam akan melakukan eksekusi otomatis. Bumi akan hancur, begitu juga peradaban kita yang akan dihapus dari sejarah. Jika kita punah karena kesalahan kita sendiri, kita hanyalah karakter sampingan yang mati di awal bab karena kebodohannya, sementara alam akan membuka bab baru dengan peradaban lain tanpa kita.

Namun, ada pilihan kedua. Jika kita mampu menjaga akal dan moral, kita bisa menjadi saksi alam semesta. Kita tidak hanya bertahan di Bumi, seperti halnya sekarang manusia atau saat kita bisa""meloncat"" ke planet lain, menembus batasan fisik, manusia bisa menjadi penjaga bagi spesies lain yang baru belajar berevolusi.
Tujuan kita bukan hanya untuk bertahan hidup hari ini, tapi untuk menemani alam semesta sampai ke halaman terakhirnya.",0,2026-01-29T14:54:44Z,0,False
@ilhammustafa09,Dan pada akhirnya zaman kehancuranpun akan kembali yaitu hari kiamat..,0,2026-01-28T18:05:50Z,0,False
@dhaniigaming8335,tontonan orang atheis goblok nyama nyamain manusia ama monyet,0,2026-01-28T03:32:31Z,0,False
@agunglaksono-j5s,"Ini kalo di tiktok habis sudah 🗿
Thanks bg ilmunya bg👍",0,2026-01-27T17:02:48Z,0,False
@andreaskissher06,"bg bahas 30 menit betapa mengerikannya jokowi , sampai2 kebal hukum",0,2026-01-27T16:06:44Z,0,False
@TaroTangerangKota2,Tiba tiba berkembang dan berubah asal usul nya bisa banyak flora dan fauna tidak jelas 😂😂😂 di mulai dari ikan semua tiba tiba ber evolusi semua,0,2026-01-27T14:30:48Z,0,False
@mara_1188,"Nangis ditengah vidio lngsung ketampar kenyataan Maha Besar Allah telah menciptakan alam dan isinya dan menciptakan Manusia untuk tinggal di Bumi, membuat sadar segala yg berawal pasti ada akhir, sprti sejarah terbentuknya Bumi ini, begitu jg Manusia diciptakan emang siklusnya dilahirkan, hidup, dan mati. 
Dan d akhir vidio lngsung sadar manusia bnr2 makhluk perusak serusak2nya,dl kehidupan musnah krn proses alam tapi skrg lngsung inget senjata nuklir, limbah,dan tambang perusak sesungguhnya bnr2 sesuai yg bilang dlm Islam bahkan Iblispun protes saat penciptaan manusia Allah tau manusia emang fasik tapi disitulah ujiannya keimanannya ,kebayang andai bumi masih alami sewaktu manusia blm punya pengetahuan,lautan pasti secantik surga, 
Tinggal kita mengisi hidup ini dg apa untuk bekal nanti😢, makasi informasi ini sgt bermanfaat kak, menyadarkan bnyk org",0,2026-01-27T14:22:57Z,0,False
@shohibulanwar367,"Kalau boleh tahu ini referensi nya dari mana ya, bisa sedetail itu, kerennn",0,2026-01-26T03:17:33Z,1,False
@mara_1188,"Chat GPT mungkin Bang, trus dibikin visualnya, tapi keren sih bs bikin channel wawasan ginj, minimal dia dah usaha g bikin channel ecek2 hanya ngejar viral",0,2026-01-27T14:44:35Z,0,True
@aprianapian233,Dari nya lah kita berasal dan kepadanya lah kita kembali,0,2026-01-25T15:06:18Z,0,False
@gakpunyanama9996,Kenapa nabi adam di hukum ya dan hukumannya harus di turunkan ke bumi  enakan di surga   apakah bumi semengerikan itu,0,2026-01-25T10:19:35Z,1,False
@mara_1188,"Blm pernah dgr ceritanya ya Bang, beliau dihukum krn melanggar larangan Allah",0,2026-01-27T14:45:21Z,0,True
@gakpunyanama9996,YavAllah betapa kecil dan lemahnya kita manusia klo di banfingin Alam senesta ini ya Allah maga suci engkau dzat yg maga agung .. Allahu  akbarr,0,2026-01-25T09:58:05Z,1,False
@Sneakyzer,Ngetik yang bener kampung,0,2026-02-12T00:49:55Z,0,True
@df-ur1gn,"manusia emang perusak, serakah!",0,2026-01-25T03:29:30Z,0,False
@Santri_kaffah,DENGAN INI KITA TAU BAHWA KIAMAT ITU MASUK AKAL... DAN TIDAK LAMA LAGI... 😢,0,2026-01-25T01:26:12Z,0,False
@wellylaway7062,"Sama Taum Air Langit Bersih. Di Bawah Langit 🌌 Biruum 🔵 Di atasnya,banyak Bintang Begalar begarak, banyak pasalengkah, Pagarampah,tugur lak,betimbun hantak. Tidak tagipil Nuuuun 👆 Jauh 🌠🌌🔵",0,2026-01-24T14:18:57Z,0,False
@eppypoyo7903,Tau ny dri mana,0,2026-01-24T05:04:01Z,0,False
@YultDevilito,"Itulah dalam cerita Islam, waktu awal penciptaan manusia pertama Adam AS, malaikat sempat mengajukan banding dengan Allah, karena takut manusia akan membuat kerusakan di bumi, tapi di tampik oleh Allah, karena Dia lah Sang Pencipta, Sang Maha Tahu Segala Sesuatu",0,2026-01-23T17:23:09Z,2,False
@mara_1188,Ya g terima bukannya Iblis ya? Kl Malaikat mah tunduk semua,0,2026-01-27T14:46:00Z,0,True
@YultDevilito,​@mara_1188baca atau tonton kisah awal2 terbentuknya Nabi Adam AS dalam sejarah Islam dulu yah,0,2026-01-27T14:50:21Z,0,True
@AndririvaRivaanjani,"30 Joss sudah jelas Tapi masih ada 1 rahasia 
Yang semua mahluk tidak pernah ada yg tau😊",0,2026-01-23T14:42:36Z,0,False
@williamdaniel6185,Seandainya  manusia lebih besar dari bumi apakah  dia bisa melihat ada kehidupan dibumi tidak....manusia itu harus  memakai mikroskop untuk melihat kehidupan di bumi......berarti  semakin tinggi kedudukan kita kita mungkin tidak bisa melihat kebawah.....beda dengan kdm(gubernur jabar) dia mungkin bisa melihat kebawah,0,2026-01-23T14:38:19Z,0,False
@RianPutra-k7t,Buang lh kata mengerikan emang seserem itu kah semesta ❤ itu indah sekalee,0,2026-01-23T12:12:14Z,0,False
@AbdurRahman-f7j4y,Bagus videonya untuk mapel ipas,0,2026-01-22T22:22:54Z,0,False
@Akasa188,"Allah padahal bisa buat Bumi gitu aja, tanpa harus melalui proses panjang, tapi cara Allah engga gitu",0,2026-01-22T10:47:55Z,0,False
@sinaulho,Mantab bang,0,2026-01-22T05:41:33Z,0,False
@DaniPrasetio-c4i,Request betapa mengerikannya pejabat di konoha,0,2026-01-22T05:10:28Z,0,False
@DjakaPutra-f5y,"Nasi Angkasa salah satu channel yang selalu memberikan edukasi.
jika boleh request, saya mau mereques tentang bertapa bahaya dan mengerikan nya bumi katulistiwa kita dengan aktivitas para koruptor di atas bumi Indonesia kita bang, tolong bahas ya 😆🙏",0,2026-01-22T01:34:09Z,0,False
@frankfred8572,"Masih menjadi pertanyaan, darimana air di bumi berasal kalau dari awal bumi hanyalah lautan magma",0,2026-01-21T16:27:35Z,3,False
@df-ur1gn,dibilang dari hujan selama ribuan tahun membentuk laut²,0,2026-01-25T03:30:31Z,0,True
@mara_1188,Bang kamu g nyimak ya? Malah uda dijelasin diawal,0,2026-01-27T14:47:14Z,0,True
@yyyuo,​@df-ur1gnkalo hujan darimana?,0,2026-02-05T15:21:41Z,0,True
@dianoktafianingsih2654,"Berarti secara tidak langsung benar adanya teori darwin, evolusi manusia yang berasal dari monyet",0,2026-01-21T15:21:29Z,0,False
@hariyantohari7078,Betapa mengerikan 2030.,0,2026-01-21T07:22:43Z,0,False
@darlintarmizi767,Saat terjadi supernova Tuhan sdh ada apa belum ada,0,2026-01-21T05:13:58Z,0,False
@setiawan5332,"Kalo pngen bumi sehat, buang teknologi kembali kejaman dimana belum ada teknologi.. Sekarang kendaraan pakai bensin hasil dari ngebor bumi, selama manusia masih menggunakan kendaraan selama itu juga bumi masih dirusak ini hanya contoh saja padahal banyak bgt kerusakan yg dilakukan oleh manusia.. Kalau pngen menjaga bumi ya sudah hilang kan semua teknologi terus apakah manusia setuju? Saya rasa ga mungkin..",0,2026-01-21T04:31:44Z,2,False
@df-ur1gn,"ga harus dihilangkan, kemajuan teknologi juga ada sisi positifnya. tapi kita perlu mengendalikan. manusia diberi otak dan hati untuk berpikir dan merasakan, jadi setiap manusia seharusnya bisa melakukan kontrol diri khususnya ttg lingkungan. tp sayangnya g semua org punya hati nurani, keserakahan dan keegoisan menutupi otak dan hatinya.",0,2026-01-25T03:47:47Z,0,True
@mara_1188,"Selama itu ga ekstrem mah masih tahap aman g jd bencana, yg bahaya itu menghilangkan seluruh ekosistem dan mengotori bumi dengan limbah, itu JAAUHH LEBIH BAHAYA",0,2026-01-27T14:49:02Z,0,True
@Anggitamorang,"Pelr ratusan THN yg lalu,,milyaran THN yg lalu emang umur lu udh berapa THN sekarang??",0,2026-01-20T16:48:44Z,0,False
@Anggitamorang,"Tau dari mana ?? Lu aja baru lahir,,ngomongin THN miliyaranyg lalu",0,2026-01-20T16:46:29Z,1,False
@df-ur1gn,bego,0,2026-01-25T03:32:48Z,0,True
@haidarprabowo3829,"Prinsip abadi yang kita sadari adalah sebuah permulaan niscaya memiliki akhir. Kapan dan bagaimana, hanya soal waktu. Begitulah, kurang lebih.",0,2026-01-20T09:47:01Z,0,False
@papoybae2579,"Kunci semua ini ada ""BERSYUKUR"" ❤",0,2026-01-20T06:07:09Z,0,False
@Nur123-i6b,Gmn kalau koruptor di kirim ke inti bumi,0,2026-01-19T19:25:09Z,0,False
@IbenBen-k8e,sok tau banget lah,0,2026-01-18T14:24:44Z,0,False
@guitarcover11,Zaman Spongebob Squarepants 😂😂,0,2026-01-18T08:58:27Z,0,False
@d3h4ru,Trnyata kita hanya secuil waktu Dari periode waktu alam semesta,0,2026-01-18T05:36:15Z,0,False
@rhmhazzh,kok manusia bisa tau peristiwa miliaran taun yang lalu ya,0,2026-01-18T02:47:12Z,0,False
@MamahIzul-d2c,Betapa kuasanya jg maha besar sang pencipta.....,0,2026-01-18T02:00:42Z,0,False
@Hakimikami,"Planet lain juga suatu saat memiliki kehidupan, nunggu milyaran tahun lagi. sama kaya bumi ini.",0,2026-01-17T15:47:34Z,0,False
@SintiyaAngelica,Dongeng sebelum tidur...,0,2026-01-17T14:49:37Z,0,False
@khoirunzahwa1800,Maha besar allah dg segala firmanya,0,2026-01-17T09:05:50Z,0,False
@khoirunzahwa1800,Maha besar allah dg segala firmanya,0,2026-01-17T09:05:40Z,0,False
@Yaudio76,"Alhamdulillah bersyukur oksigen gratis bukti kebesaran Tuhan yang maha esa,",0,2026-01-15T18:05:26Z,0,False
@BolaFlashChannel,Yang mengerikan bumi bagian indonesia,0,2026-01-15T17:40:40Z,0,False
@madzscikal0373,😢,0,2026-01-15T09:07:46Z,0,False
@yunisusanto4352,"Min request 30 menit 
Betapa mengerikannya SOLO 😂😂😂",0,2026-01-15T00:59:57Z,0,False
@MuhammadSamsulPua.a-qm7tl,njir konten ateis wkkwwk,0,2026-01-14T12:39:19Z,1,False
@UwoeAnimation,Dasarnya apa? Jangan ngawur kalau komentar pernyataan. Jangan kamu tarik loh ya..😂,0,2026-01-14T12:51:41Z,0,True
@hilmi0124samsung,MTA ( chanel) MUSLIM TELEVISION AHMADIYAH,0,2026-01-13T21:47:58Z,0,False
@arisSudarmawan-c5e,"Subhanallah, La haula wala Quwata ila bilahil adzim",0,2026-01-13T19:06:49Z,0,False
@boycyber5667,"Pejabat Indonesia dan Prabowo harus melihat video ini, jangan hanya demi cuan semua hutan di tebang untuk menanam sawit",0,2026-01-13T11:21:37Z,0,False
@miminazmi3113,keren bang,0,2026-01-13T10:42:35Z,0,False
@zonamovie4463,a,0,2026-01-13T09:58:13Z,0,False
@abdulazisbeta2595,"{ ۞إِنَّ ٱللَّهَ لَا يَسۡتَحۡيِۦٓ أَن يَضۡرِبَ مَثَلٗا مَّا بَعُوضَةٗ فَمَا فَوۡقَهَاۚ فَأَمَّا ٱلَّذِينَ ءَامَنُواْ فَيَعۡلَمُونَ أَنَّهُ ٱلۡحَقُّ مِن رَّبِّهِمۡۖ وَأَمَّا ٱلَّذِينَ كَفَرُواْ فَيَقُولُونَ مَاذَآ أَرَادَ ٱللَّهُ بِهَٰذَا مَثَلٗاۘ يُضِلُّ بِهِۦ كَثِيرٗا وَيَهۡدِي بِهِۦ كَثِيرٗاۚ وَمَا يُضِلُّ بِهِۦٓ إِلَّا ٱلۡفَٰسِقِينَ }
[Surat Al-Baqarah: 26]

Sesungguhnya Allah tiada segan membuat perumpamaan seekor nyamuk atau yang lebih kecil dari itu. Adapun orang-orang yang beriman, maka mereka tahu bahwa itu kebenaran dari Tuhan. Tetapi mereka yang kafir berkata, ""Apakah maksud Allah dengan perumpamaan ini?"" Dengan (perumpamaan) itu banyak orang yang disesatkan-Nya,dan dengan itu banyak (pula) orang yang diberi-Nya petunjuk. Tetapi tidak ada yang Dia sesatkan dengan (perumpamaan) itu selain orang-orang fasik,*",0,2026-01-13T09:44:26Z,0,False
@faisal.1349,Jika benar ini semuanya ciptaanNya maka seharusnya langsung tercipta secara spontan dan tidak perlu begitu rumit. Coba renungkan seandainya kamu maha pencipta apakah kamu mau mencipta sesuatu yang saling berperang.,0,2026-01-13T04:29:06Z,0,False
@GUARD794,NGOMONG NGOMONG TAU DARI MANA... KAN DULU NENEK MOYANG KITA AJA BLOM LAHIR,0,2026-01-12T17:37:57Z,0,False
@jaelaniismail9003,"Kita adalah umat yang akan hilang,",0,2026-01-12T16:29:30Z,0,False
@MuniahMuniah-l8c,Hehehehe bisa nggak abang cari dan kumpulkan data dan bikin konten yang sama dengan JUDUL: BAGAIMANA TERBENTUKNYA MATAHARI DAN RUANG HAMPA ANTARIKSA TERBENTUK 😎😎😎😎😎😎,0,2026-01-11T07:33:45Z,0,False
@MANDELOUD,dan wowo ngerusak hutan demi sawit,0,2026-01-11T00:16:22Z,0,False
@aufanaif1014,"Dan apakah orang-orang kafir tidak mengetahui bahwa langit dan bumi keduanya dahulu menyatu kemudian Kami pisahkan antara keduanya; dan Kami jadikan segala sesuatu yang hidup berasal dari air; maka mengapa mereka tidak beriman?"".",1,2026-01-10T18:55:59Z,2,False
@aufanaif1014,"Kemudian Ia menunjukkan kehendakNya ke arah (bahan-bahan) langit sedang langit itu masih berupa asap; lalu Ia berfirman kepadanya dan kepada bumi: ""Turutlah kamu berdua akan perintahKu, sama ada dengan sukarela atau dengan paksa!"" Keduanya menjawab: ""Kami berdua sedia menurut",1,2026-01-10T18:56:47Z,0,True
@aufanaif1014,"Dan kamu lihat gunung-gunung itu, kamu sangka dia tetap di tempatnya, padahal ia berjalan seperti jalannya awan. (Begitulah) perbuatan Allah yang mencipta dengan sempurna segala sesuatu; sesungguhnya Allah Maha Mengetahui apa yang kamu kerjakan"".",1,2026-01-10T18:58:08Z,0,True
@GustiTeknikMutakhirGTMGustiTek,Konten menyesatkan,0,2026-01-10T12:07:28Z,0,False
@UrangMahGabut,Manusia terbukti bukan dari tanah😂,0,2026-01-10T03:53:45Z,0,False
@yunuslampung1858,Manusia rakus tamak merampas hak orang lain koruptor,0,2026-01-09T14:56:26Z,0,False
@Gabriellali05,"Mantap cerita nya bang, semangat ye bang!🎉",1,2026-01-09T10:13:33Z,0,False
@madeevani8553,Ini cocok banget buat pembelajaran bagi siswa yang masih sekolah supaya siswa tidak hanya belajar lewat buku saja tetapi belajar lewat media gambar yang berupa video yang berisi penjelasan. Thank you bro sangat banyak banget pelajaran di sini,0,2026-01-09T03:06:56Z,0,False
@Moh.Gusamin,Pertanyaan jika bumi bisa berevolusi menjadi seperti sekarang apakah di planet lain juga sama sama berevolusi?,0,2026-01-09T01:17:33Z,0,False
@Stefan-xm8cf,Sego,0,2026-01-08T20:42:05Z,0,False
@rapsscihuyy,tebak isi komentar kalo di upload di tiktok...,0,2026-01-08T17:53:30Z,0,False
@kuclukoblag8606,"Dari semua cerita tentang adanya kehidupan... Aku mungkin berdosa karna tidak percaya dengan agama... Meski aku percaya Tuhan itu ada,, tapi aku tidak percaya tentang adanya agama yang akan menyelamatkan kita di kehidupan selanjutnya.. Yang aku percaya: kita di ciptakan untuk menghuni bumi sampai kita mati, setelah mati itulah akhir dari kehidupan kita ini....",0,2026-01-08T17:18:27Z,0,False
@AaronNoob-o7f,Kerenn,0,2026-01-08T15:46:21Z,0,False
@ini-n1y,MasyaAllah tabarakaAllah,1,2026-01-08T03:36:17Z,0,False
@niammuhlisin1178,apakah ada zaman setelah kita (manusia),0,2026-01-07T16:24:44Z,0,False
@vinaalfiana8948,Apakah zaman dulu belum ada setan ?,0,2026-01-07T14:20:49Z,0,False
@anzarhattas2915,AllahuAkbar🙏,1,2026-01-07T11:34:51Z,0,False
@syam_4842,Jadi tidak bisa dipungkiri kalau ada kehidupan lain di suatu planet di galaksi lain🤔,0,2026-01-07T11:02:47Z,0,False
@anugrah3264,Manusia dengan segala Ambisinya. Bikin Bumi makin melemah,0,2026-01-07T08:39:57Z,0,False
@XnxxT-s9j,Jauh sangat beda Ama knyataa,0,2026-01-07T03:59:31Z,0,False
@bocahtrutus579,"manusia hidup paling bontot, tapi paling resek paling sombong,🤦",0,2026-01-06T16:32:41Z,2,False
@bocahtrutus579,"Paling rakus, apalagi si tikus tikus berdasi",0,2026-01-31T17:43:58Z,0,True
@yyyuo,"Ya iyalah, mereka bisa berpikir soalnya",0,2026-02-05T15:24:22Z,0,True
@VieeVelocia17,Betapa besarnya sang maha pencipta semua karya karya nya ini sangat lah indah 😢😢😢 Allahu Akbar Allah maha besar. Aku percaya gak akan terjadi apa apa jika Allah tidak berkehendak ❤❤❤,1,2026-01-06T16:12:08Z,0,False
@baiqbilqis2770,"Min bahas tentang ods adanya kehidupan di bumi, katanya lebih banyak kemungkinan adanya kehidupan Dripada jumlah atom yg ada di seluruh alam semesta",0,2026-01-06T12:37:19Z,0,False
@Orangbiasa-i2x,Waktunya bumi hancur kembali dan membentuk kehidupan baru selain manusia .aamin,0,2026-01-06T10:33:14Z,0,False
@MustakimThalib,Ngomon Tampa data..adalah kebohongan..alias hoaxz,0,2026-01-06T05:42:24Z,0,False
@vhansable,Ini semua cuma dongeng ala ilmuan barat doang . Bagaimana mungkin planet theia menabrak trus muncul bulan? Asli ngk manuk akal .yang nyata2 aj lh .jangan tunjukan kebodohan !,0,2026-01-05T19:42:50Z,1,False
@yyyuo,Emang yang manuk akal harusnya gimana bang?,1,2026-02-05T15:25:02Z,0,True
@jefflevon,hebatt🎉🎉,0,2026-01-05T19:22:50Z,0,False
@komangariawan1034,bang bahas setelah manusia apa yang akan menguasai bumi robot apa android?,0,2026-01-05T15:05:31Z,0,False
@Napoe-rc7yv,Dan pada akhirnya bumi Indonesia akan dipenuhi kelapa sawit 😢😢😢😢,0,2026-01-05T13:48:27Z,0,False
@Supriantoni1977-uz9ty,"Indah tapi menipu, itulah dunia , tempat yg di siapkan sang pencipta agung , untuk para mahklul yg lemah tapi sombong congkak dan suka merusak, dan bimi sedang berjlan menuju kehancurannya,",0,2026-01-05T00:37:53Z,0,False
@DewiPutri-u9h,Allohu akbar i love islam❤,1,2026-01-03T17:22:34Z,0,False
@EkoHandono-i7n,Terimakasih,0,2026-01-03T15:45:45Z,0,False
@ripandiripandi-s3m,Mengarang haja,0,2026-01-03T14:37:08Z,0,False
@littlesemongko,Kepunahan massal berikutnya kapan ya?,0,2026-01-03T07:47:01Z,0,False
@MAydilFikri-p1p,Orang Indonesia semua yg comen dan nonton 🎉,0,2026-01-03T05:48:28Z,0,False
@agusbudiono3321,"Tadinya aku serius mendengarkan,,,,Setelah kuikuti beberapa saat, ternyata ini hanya  kisah DONGENG.....😂😂😂",0,2026-01-02T23:43:20Z,0,False
@adjietheboners519,"Ini Hanya Teori, Ga 100% Benar/Akurat",0,2026-01-02T18:56:21Z,0,False
@WidodoWidodo-f1e,Hayalan tingkat tinggi🤭🤭,0,2026-01-02T18:33:40Z,1,False
@TangkissLawden19,🤓,0,2026-01-04T23:10:17Z,0,True
@alwanisipil9498,Masih binggung awal mula manusia itu dari homo sapies apa nabi adam dan hawa,0,2026-01-02T18:33:23Z,0,False
@julia461,"Manusia saking pinternya rumah yang sudah sempurna seperti bumi, diancurin dengan mengeruk sumber daya alam memperkaya diri  dan memakai uangnya untuk mencari planet lain yang bisa ditinggali, ckckckck dikasih kesempurnaan lebih dari makluk lain malah jadi tidak tau diri, selfish, serakah.",1,2026-01-02T17:39:02Z,0,False
@aderamadhanofficial,KEREN,0,2026-01-02T16:01:14Z,0,False
@Apriadi_21-a7x,"16:00 ""MEREKA MULAI MERUBAHNYA""",0,2026-01-02T15:51:56Z,0,False
@Hollydewata,Bang request 30 menit betapa mengerikannya pejabat konoha,0,2026-01-02T15:12:38Z,0,False
@lonlyme-db6kw,time for sleep,0,2026-01-02T15:12:22Z,0,False
@InfinxSmart9-m6p,"Mahluk bumi yg paling serakah dan rakus adalah manusia, kepada Tuhan saja enggak takut apalagi ke bumi 😊😊😊,   sadarlah hai manusia jgn lah engkau terlalu egois ingat semua yg di dlm langit ini ada batasnya, semua yg di bumi ini adalah mahluk ciptaan tuhan, bukan menciptakan, sadarlah.",0,2026-01-02T14:58:00Z,0,False
@Ayyyy_chan,"Referensi yg paling akurat  yalah Kitab Suci.
Percaya atau tdk tergantung padamu.",0,2026-01-02T12:52:58Z,0,False
@mfadly6032,Maha besar Allah dengan segala kebesaranNya,0,2026-01-02T12:26:15Z,0,False
@Trâm.Chu.Bạch,Yuk main bareng sekarang	🍓🍧 𝔯๏𝐌ᵃ ４๔ 💢♜,0,2026-01-02T09:06:41Z,0,False
@cuongdola-fs9kq,Ayo mulai main	🍓🍧 𝔯๏𝐌ᵃ ４๔ 💢♜,0,2026-01-02T09:04:44Z,0,False
@hiếuxuân1963,Waktunya seru-seruan	🍓🍧 𝔯๏𝐌ᵃ ４๔ 💢♜,0,2026-01-02T09:02:11Z,0,False
@bayukiswanto2910,Harusnya Prabowo lihat channel seperti ini Biar pikirannya terbuka,2,2026-01-02T08:08:49Z,2,False
@InfinxSmart9-m6p,"Bukan cuma sama Prabowo tapi juga kepada tokoh"" agama dan pejabat negara",1,2026-01-02T14:59:31Z,0,True
@bayukiswanto2910,​@InfinxSmart9-m6p80% pejabat pemerintah merasa dia sudah di atas segalanya,0,2026-01-02T15:26:39Z,0,True
@MOHAMMAD_BAGUS_KURNIAWAN,Udah yapping nya. ALLAH MAHA BENAR,0,2026-01-02T07:48:45Z,0,False
@Takamura50278,"Pertanyaan gw cuma satu... 
Pengetahuan ini tau dari mana sedang kan manusia belum ada saat itu???",1,2026-01-02T05:33:10Z,12,False
@ferlyneteim,"ilmuwan lah, ga sekolah?",0,2026-01-05T15:09:31Z,0,True
@Takamura50278,​@ucupppp1236ilmuwan gk ada di zaman itu,0,2026-01-12T09:55:17Z,0,True
@ferlyneteim,"​@Takamura50278namun fosil di zaman itu msih ada, dan inilah hasil penelitian, stop dsini aja ya, menjelaskan kpd orang bodoh hnya akan membuang wktu😂",0,2026-01-13T08:53:59Z,0,True
@Takamura50278,"​@ucupppp1236 bagaimana cara ilmuwan tau udah berapa lama fosil itu berada??? 
Logika nya dmna",0,2026-01-22T13:22:35Z,0,True
@ferlyneteim,​@Takamura50278dari mamakmu😂😂,0,2026-01-22T13:45:43Z,0,True
@yunitanita5777,❤❤❤,0,2026-01-02T03:17:34Z,0,False
@rianekasaputra1888,bahas 30 menit betapa mengerikan dan rakusnya manusia min,0,2026-01-01T20:37:44Z,0,False
@dzuelilham,bang top 5 seberapa mengerikan jokowi,0,2026-01-01T18:12:15Z,0,False
@agata_4064,"all humans can only investigate and draw their own imaginations, the destruction of the earth has been planned by God without anyone knowing.",0,2026-01-01T15:09:57Z,0,False
@Masbowo-h4r,lalu yang menciptakan itu semua siapa,0,2026-01-01T14:50:10Z,0,False
@HadiCobruts,Jika terciptannya bumi seperti yg digambarkan video ini berarti ajaran agama tentang awal mula bumi ga sama dong ?,0,2026-01-01T14:34:55Z,1,False
@ferlyneteim,"Disini ga ada sangkut pautnya sama agama, ini berdasarkan sains, tolong anda jangan mabuk agama!!😂",0,2026-01-05T15:10:32Z,0,True
@Emiyana-lw1ey,"Dari mana orang ini tau berjuta' tahun yg lalu, sedangkan manusia tidak ada yg hidup di zaman itu! Siapa yg memberitahunya kepada anda??",0,2026-01-01T11:59:25Z,0,False
@eroh683,Maha Pemurah Alloh SWT untuk semua makhlukNya.sunghuh tak tau malu jika makhlukNy bertingkah sombong,0,2026-01-01T11:52:50Z,0,False
@FFINDO_PRIDE,"Atheis pun insecure melihat ini , mana ada sistem kehidupan semengerikan ini ga ada penciptanya 

Allahuakbar",0,2025-12-31T04:52:32Z,0,False
@pqmpx,keren bang❤,0,2025-12-30T08:37:56Z,0,False
@ToCutenessAndOverload57,"Suka bnget konten gini Kak❤
Semua konten bumi dan antariksa aku subscribe 😂",0,2025-12-30T08:26:42Z,0,False
@johanmasriki-u9i4p,"Aku cinta bumi ,ibarat bumi itu sangkar bila kamu rusak tentu yg buat sangkar marah ,cintai bumi 😂😂",0,2025-12-29T09:59:23Z,0,False
@johanmasriki-u9i4p,Mungkinkah tuhan kita juga seorang ilmuwan 😂😂😂,0,2025-12-29T09:54:38Z,0,False
@ekajulaeka4613,Bayak yg taruhan.masalah kasus ijasah jokowii,0,2025-12-29T08:18:01Z,0,False
@SyahmirulNizam,26:26 FACTSSS. Love this part,0,2025-12-29T08:02:23Z,0,False
@nompang76,Kehancuran alami dan ulah manusia berlomba mana yg lebih dulu,0,2025-12-28T10:59:32Z,0,False
@cigind7963,Manusia memang RAKUS,0,2025-12-28T03:21:34Z,0,False
@Habil1223,"Pada akhirnya dunia manusia punah karna perang sesama negara,",0,2025-12-27T14:25:23Z,0,False
@ibongkusuma,Pembohongan publik,0,2025-12-27T11:21:57Z,0,False
@VinzVINZ-c2n,"Kagum gw bang sama lu,semoga bermanfaat buat video edukasinya yang lu buat bg😁",0,2025-12-27T09:39:58Z,0,False
@totoweh6642,"Inna lillahi wa inna ilaihi roji'un...
KIAMAT sudah dekat...!!!",0,2025-12-27T09:26:27Z,0,False
@Rhmn666,"Bumi hanyalah sebuah planet yg sudah kehilangan banyak energinya bisa di bilang planet yg sudah mati namun tidak bisa hancur karena adanya gravitasi yg memperlambat sehingga tidak mudah di hisap matahari. Namun ternyata disinilah uniknya dari planet mati ini malah muncul sebuah organisme dari sisa energi dari berbagai jenis hingga terbentuk satu bakteri yg tadinya satu namun mulai berkembang hingga mereka berevolusi sesuai iklim yg ada saat itu. 
Namun semua itu tidak menutup kemungkinan bahwa faktanya bumi hanyalah sebuah planet mati yg sudah kehilangan inti energinya.",0,2025-12-27T07:12:40Z,2,False
@ferlyneteim,Mana sumbernya?,0,2026-01-05T15:14:28Z,0,True
@Rhmn666,"​@ucupppp1236hm sumber ya 😢
Gua cuma bercocoklogi aja sih karena gua pikir ya bumi juga pasti awalnya sama kek planet lain yg tidak mungkin bisa di huni. Kecuali inti energi itu sendiri udah meredup bahkan mati menyisakan material yg tertanam hingga menumbuhkan micro organisme karena gua yakin ketika adanya air disiti pasti akan ada kehidupan karena air sendiri masih menjadi suatu misteri zat yg ada nyata namun tanpa campur tangan manusia.",0,2026-01-07T05:55:48Z,0,True
@patrickstar-st6uh,dem,0,2025-12-26T18:44:38Z,0,False
@abangly971,Anehnya itu semua ceritanya didapat dari mana🤔,0,2025-12-26T17:05:59Z,1,False
@feryhakim8101,Masih SD ya?,0,2025-12-26T22:23:44Z,0,True
@Mukranhadihadi,Di sini kita sadar bahwa yg kita alami dan lalui adalah bagian epolusi dunia suatu saat akan ada kehidupan baru bukan manusia setelah kehancuran bumi,0,2025-12-26T16:31:52Z,0,False
@Mukranhadihadi,Ini cerita siapa,0,2025-12-26T16:25:17Z,0,False
@Mukranhadihadi,Mantap,0,2025-12-26T16:24:44Z,0,False
@Siapgrak-x3s,Adam dan Hawa posisinya dimana? Sebagai manusia pertama yang turun ke bumi!!,0,2025-12-26T13:46:40Z,1,False
@tele-g5n,konyol,0,2025-12-26T15:24:33Z,0,True
@Sigima07,"Suka banget konten kayak gini, apalagi banyak kalimat puitis",0,2025-12-25T15:16:45Z,0,False
@ujangnuryana431,"Ya, Allah menurunkan manusia ke muka bumi agar menjadi khalifah di bumi ini.",0,2025-12-25T05:20:36Z,0,False
@KangAbenk1989,Bang manusia itu ga tau jaman dahulu. Jadi ga usah bikin konten konten masalah hidup .,0,2025-12-25T00:17:08Z,1,False
@tele-g5n,konyol,0,2025-12-26T15:24:53Z,0,True
@Allan_boys,"Cerita ngawur, manusia pertama nabi Adam. Bukan manusia purba",0,2025-12-24T23:29:12Z,0,False
@windusutantofirmansya5075,"Bang ada yang mau gw tanyain mengenai kemajuan teknologi di bumi ini, bang jadi gw pernah denger dulu NASA itu mengeksplorasi benda Langit dan kelautan, tapi NASA berhenti mengeksplorasi laut karena susah untuk ""membohongi"" umat manusia karena itu harus benar² ada buktinya dan takut akan ada sebagian manusia yg ingin mengetahui nya scara langsung, sedangkan melanjutkan eksplorasi astronomi karena mudah untuk ""membohongi"" manusia karena tidak semua manusia mampu mengeksplorasi benda langit dengan keterbatasan ekonomi dan hal² lainnya. Ini benar atau tidak bang?",0,2025-12-24T07:19:00Z,0,False
@ismailmarzuki-h8k,"Yaallah bang, saya sangat sedih di akhir😢, dan saya merasakan seperti yang Abang bilang di video dan itu membuat saya sadar 😭, terimakasih bang atas nasehatnya dan terimakasih untuk videonya bagus banget dan pelajaran yang bisa diambil juga banyak banget, tetap semangat bang dan selanjutnya bisa bikin kayak gini lagi ya bang 👍",0,2025-12-24T05:25:18Z,0,False
@BangBolt_ADS,Dasratan di Indonesia vs dataran planet Venus💀,0,2025-12-23T13:14:39Z,0,False
@emmamillaniakartini427,Bahasannya bagusss 😭🫶🏻🫶🏻,1,2025-12-23T09:39:44Z,0,False
@DwiarisSnty,"Pas nonton kepikiran, kayaknya dinosaurus itu memiliki bulu, Soalnya dari teori evolusi, tidak mungkin Tidak ada asal usul hewan berbulu, yang seakan akan muncul tiba-tiba 😅",0,2025-12-23T01:08:04Z,0,False
@jefriguitarkidal2027,"Dalam kurun jutaan bahkan miliaran tahun,bumi berkali kali berevolusi dan punah hingga sampai lah ke zaman sekarang.dan kepunahan zaman ini dinamakan dengan hari kiamat yang kelak pasti akan terjadi.",0,2025-12-22T14:25:40Z,0,False
@IknaAndiasmara,"suka bangt sama pemilihan katanya, nadanya, tutur kata sederhana nya yang mudah dimengerti untuk penyampaian serumit ini, sehat selalu bang🎉🎉",1,2025-12-22T05:21:18Z,0,False
@Bubay-13,Jagalah bumi kita ini seperti kita menjaga hidup kita sendiri🥲,0,2025-12-22T00:14:13Z,0,False
@pikirkeatas,Baca Kitab Kejadian 1:1 s/d Kejadian 2:7,0,2025-12-21T23:36:07Z,0,False
@anggaboss1445,Bumi tempat nya manusia memusnahkan manusia,0,2025-12-21T14:57:02Z,0,False
@humairafr,❤❤❤❤,0,2025-12-21T13:18:56Z,0,False
@ZonaNgawur88,"Yang mengerikan bukan bumi, tapi Indonesia",0,2025-12-21T11:09:31Z,0,False
@kennydimitra,gak seimbang lagi karna zulkifli hasan sama bahlil 😅,0,2025-12-21T05:22:09Z,0,False
@nannawith2nn,"aku baru aja kemarin baca teori kayak gini, 
di balut dalam kalimat yg indah
""Manisia adalah perwujutan dari bintang-bintang yg hidup kembaki setelah mati jutaan tahun yang lalu""
or
""di dalam diri manusia mengandung debu bintang""",0,2025-12-21T00:45:42Z,0,False
@ticcotheExplorer,"Bagus kak ceritanya, jangan lupa mampir ke ticco The Explorer 😊",0,2025-12-20T08:28:16Z,0,False
@LangsungIsep,Mantep nih buat dongeng sebelum tidur,0,2025-12-19T22:22:36Z,0,False
@ragiljaya-j4t,emang sial ini semua gara2 jokowi 😅,0,2025-12-19T15:38:51Z,0,False
@dodidzoank1220,Dari bumi kita bisa melihat langit tapi kita tidak mampu melihat planet planet disekitar bumi berarti begitu besarnya lapisan langit pertama lalu ada langit ke 2 sampai langit ke 7,0,2025-12-19T14:19:32Z,0,False
@aldothetraderr,Artinya di zaman ini belom terjadi kehancuran seperti kepunahan zaman dinosaurus,0,2025-12-19T11:37:27Z,0,False
@malikarupadatu5641,Maha besar Alloh swt ❤ thanks for this video,0,2025-12-18T22:52:34Z,0,False
@gustinhartanto,Om bahas bahayanya hutang dalam 10 menit!,0,2025-12-17T13:06:47Z,0,False
@akhtarfreerire,Surga posisi nya dimana? Waktu Adam diturunkan dari surga sudah ada kehidupan belum?,0,2025-12-17T12:40:01Z,0,False
@user_yt17,"Sebenarnya vidio ini bisa lebih panjang, mungkin bisa sekitar ±1jam
Kenapa karna beberapa bagian seperti perkembangan fisik dari makhluk hidup contohnya di bagian dinosaurus, bagaimana dari seekor makhluk kecil yang lalu hampir 90% semua makhluk bumi lenyap, menjadi makhluk besar seperti dinosaurus""
Dan tentang pergerakan lempeng disini juga tidak dijelaskan secara spesifik
Sungguh betapa panjangnya perjalanan bumi kita ini",0,2025-12-17T07:29:31Z,0,False
@dianchristianvitalis3548,mari kita jaga bumi lewat hal-hal kecil yang bisa kita lakukan,0,2025-12-17T02:42:10Z,0,False
@mulya3034,Mungkin beberapa ribu thn lg bkn manusia penghuni bumi tp dikuasai oleh ciptaan manusia itu sendiri,1,2025-12-16T23:57:30Z,0,False
@HaikalRamadanwijaksono,"Kalo bumi tercipta dari lempengan2 hasil ledakan super Nova dan bulan juga sama, kenapa bulattnya lingkaran sempurna",0,2025-12-16T19:50:41Z,0,False
@part_ebike,Jejak di bulan ?????,0,2025-12-16T16:37:32Z,0,False
@guicinho8755,"Benar...👌👍👍👍👍👍
Kelangsungan buat Anak cucu kita klu kita mau menghargai dan menjaga bumi.",0,2025-12-16T09:59:07Z,0,False
@Punggawa_rawa,Karena keserakahan manusia,0,2025-12-16T01:24:00Z,0,False
@animekun-1a,Info sound 13:20,0,2025-12-15T18:19:12Z,0,False
@mahmudinsaepullah7082,"Thankss bang, konten yang sangat membuka mata❤",0,2025-12-15T14:33:44Z,0,False
@dcodemaxz,28:37 Bener banget 😢,0,2025-12-15T14:20:32Z,0,False
@appetitenause90,Bumi yg awalnya buruk dan menjadi indah..dan pada akhirnya akan hancur dengan kelakuan manusia,0,2025-12-15T13:38:09Z,0,False
@NasiusSartono,"Ini bagus, untuk edukasi anak anak, biar besarnya peduli sama alam, tidak seperti bapak bapak pemerintahan yang memikul tanggung jawab tentang alam saat ini, mereka tidak peduli atau mungkin tidak mampu tapi pura pura hebat dan bijak.😅",0,2025-12-14T12:39:45Z,0,False
@ceritaberepisode7428,"20:51  yaaah, belum lagi kecerdasan manusia penduduk INDONESIA yang dipermainkan segelintir manusia rakus 😅, bencana sebab penggundulan hutan yang terjadi pada tahun 2003 di Sumut dan bencana alam 26 desember 2004 di aceh, kini terjadi kembali karena sebab penggundulan hutan kembali di aceh, sumut dan sumbar.. 😢",0,2025-12-13T17:33:47Z,0,False
@KANGJELLY-n5g,"Indonesia kaya,
Indonesia punya segalanya,
Kenapa.indonesia ?",0,2025-12-13T17:18:58Z,0,False
@AriSemetonChannel,Apakah akan ada era kehancuran setelah era manusia?,0,2025-12-13T11:07:35Z,0,False
@MuhammadIrsanenda,"Ini adalah penjelasan ilmiah,, beda lagi Dengan Semua itu Kuasa ALLAH SWT  Maha pencipta Alam semesta",0,2025-12-12T06:00:24Z,0,False
@UyenNhi1pucp2_331,Cuma di sini kamu bisa relax total 🐍💜 R͓̽o͓̽m͓̽a͓̽4͓̽D͓̽ 💙👮,0,2025-12-12T05:30:10Z,0,False
@arraf18,hanya allah yang maha mengetahui,0,2025-12-11T21:48:46Z,0,False
@DarmawanDarmawangsa,Semua sudah di jelaskan di kitab suci Alquran dan sunah.. Hanya orang-orang yg berpikir dan berakal yg beruntung,0,2025-12-11T16:57:15Z,0,False
@hirmanto9789,Semangat bang,0,2025-12-11T16:39:35Z,0,False
@xtygaming4746,Sekarang dinosaurus jadi ayam 😢😢😢,1,2025-12-11T15:56:49Z,1,False
@tuyulterbang1806,Dan ayamnya jadi nugget dinosaurus. Siklusnya terulang😂,1,2025-12-13T05:32:15Z,0,True
@tubehaye9318,"makasih bang, nambah pengetahuan 😁😁",0,2025-12-11T05:56:32Z,0,False
@ngepringan,Gak dibsebut sm skli alloh yg bikin bumi.,0,2025-12-10T18:39:07Z,0,False
@gibranadisastranegara1605,Konten ini muncul pas banget lagi mau nulis puisi,0,2025-12-09T19:45:47Z,0,False
@sAuna.tv.Channel,Trmksh,0,2025-12-09T07:48:39Z,0,False
@vikiferdianapasifika,Dihuni sama manusia yang perusak,0,2025-12-09T06:57:53Z,0,False
@inisial_____________________AA,Hadir menonton.,0,2025-12-08T17:49:43Z,0,False
@SofyanAtsauri-x9q,30 menit yang luar biasa,0,2025-12-08T06:41:00Z,0,False
@putrinurdina2951,Ulil harus nonton ini,0,2025-12-08T01:24:07Z,0,False
@KecepatanCahaya-x9x9c,Gk 100% percaya,0,2025-12-08T00:33:30Z,0,False
@UntahIntah,Dan ada anomali bila anomali:kenapa anda sangat ingin mengembalikan ekosistem alam😂😂😂,0,2025-12-07T23:59:38Z,0,False
@fauzanazmi9343,"Kebetulan lihat video ini saat beberapa hari setelah bencana Sumatera. Seharusnya manusia makin sadar, kalau manusia adalah bagian dari bumi. Sepanjang perjalanannya, setiap akhir zaman perdaban, akan ada kehancuran, dan kemunculan zaman baru. Mungkin bisa dibilang, saat ini sudah di penghujung zaman manusia dan nanti akan ada zaman baru yg entah itu apa.",0,2025-12-07T18:02:34Z,0,False
@teamoreg7989,"Kaata siyapa min?? 😂😂
Milyaran tahun lalu. .. ??? 😅",0,2025-12-07T16:34:28Z,0,False
@kikisetia1306,berarti habis zaman manusia sekarang apa bakal ada zaman penggantinya ?,0,2025-12-07T15:44:02Z,0,False
@nisapurple4519,Bumi perlahan hancur karena tangan manusia 😢😢,0,2025-12-07T15:02:07Z,0,False
@hiretales,"Dengerin ini sambil nyoba art therapy (alias ngelukis sembarang) biar ga stres. Makasih ya bang, agak lebih ringan ni kepala jadinya wkwk",0,2025-12-07T14:55:15Z,0,False
@qih_faqih93,auto sukreb ini. thanks admin,0,2025-12-07T14:53:33Z,0,False
@MuhtarWiwik,Cerita dongeng,0,2025-12-07T12:31:34Z,0,False
@darshan_ghuzty13,"Nggak lengkap, banyak yang loncat 😢",0,2025-12-07T12:01:57Z,0,False
@juvitovani8311,"Seandainya manusia bisa menjaga dan melestarikan alam,mungkin makhluk hidup / spesies yg sudah punah tidak hanya cerita yg kita dengar tetapi bisa kita lihat langsung",0,2025-12-07T11:29:24Z,0,False
@diah_xannel,subs❤,0,2025-12-07T10:57:31Z,0,False
@JuanNovian-r5s,Gara² bahlil dunia ini hancur,0,2025-12-07T06:01:25Z,0,False
@yuxxy7798,dari grup doksli,0,2025-12-07T04:42:46Z,0,False
@ZamsCos,Inilah Konten Yang Memberi Insight,0,2025-12-06T17:33:22Z,0,False
@Ronaldo-qj4xm,Ini... Ilmu... Melawan   kitab  suci gak  si... 😊😊,0,2025-12-06T17:30:00Z,0,False
@VirgiawanYesky,Dalam alkitab allah menciptakan manusia berupa dari debu yg tiup oleh oksigen allah bapa yg maha kuasa,9,2025-12-06T14:50:59Z,2,False
@ijakull6717,Salah satu komentar tidak asyik,0,2026-04-11T19:52:34Z,0,True
@AmbonLetter,Ngomong jgn jauh jauh...,0,2026-04-23T08:25:51Z,0,True
@sitimunsiroh3216,Hari kiamat alam semesta seperti diayak 😭,0,2025-12-06T13:27:10Z,0,False
@adeputrayanuar2361,Siapa yg keturunan homo Sapiens... Dan siapa keturunan cucu nabi Adam... 😂😂😂😂,0,2025-12-06T10:13:29Z,0,False
@Arsyaarsya-z9h,narasi tanpa agama itu melenceng bukannya nabi adam dan hawa manusia pertama,0,2025-12-05T22:22:16Z,0,False
@etch0en84,"Di planet ini, mungkin tak ada yang lebih berbahaya daripada pejabat publik di Indonesia yang kehilangan rasa malu. Karena ketika rasa malu sudah mati, yang tersisa hanyalah kerakusan yang dibungkus senyum ramah kampanye. Mereka hadir dalam berbagai bentuk mulai dari dari kepala desa yang mengelola jatah rakyat seperti warisan pribadi, hingga menteri dan anggota dewan yang duduk manis sambil mengunyah anggaran seperti kacang goreng. Semua disajikan rapi dalam panggung demokrasi: ada yang tersenyum di kamera, menggenggam mikrofon, berbicara soal integritas, sementara tangan lainnya sibuk merogoh fasilitas publik.

Yang lebih menarik, mereka melakukan itu dengan keahlian luar biasa—tanpa rasa malu, tanpa rasa bersalah, dan tentu saja, tanpa rasa kenyang. Seolah-olah anggaran negara adalah prasmanan all-you-can-eat yang tak pernah tutup..",0,2025-12-05T22:19:19Z,0,False
@gunawanal-andalusi7002,Next 10 menit semengerikan apa seorang JOKOWI,0,2025-12-05T18:25:23Z,0,False
@Backtolawas,"REQUEST JUGA, '30MENIT BETAPA MENGERIKANNYA JOKOWI'",0,2025-12-05T15:04:14Z,0,False
@sahahahahahahaha,"Setelah bumi siap,, Allah pun menciptakan adam dan tinggal di bumi.",0,2025-12-05T14:44:49Z,0,False
@sahahahahahahaha,"MasyaAllah,, sungguh Allah maha besar, Maha Pencipta Alam semesta dan seisinya.",0,2025-12-05T14:42:35Z,0,False
@sunmori7821,Sekarang muncul manusia rakus yang memakan semua,0,2025-12-05T12:49:17Z,0,False
@NoisSess,Yang masih jadi pertanyaan saya..knp motor Mio karbu ku ngulah terus...?? Bikin pusing 😭,0,2025-12-05T12:29:44Z,0,False
@faizihzafailasuf,Absolute Cinema,1,2025-12-05T11:18:27Z,0,False
@adirilson1522,Tanpa kita sadari bencana yg datang bertubi tubi itu jga disebabkan oleh manusia² serakah untuk kepentingan diri sendiri tnpa memikirkan orang lain.,0,2025-12-05T10:05:34Z,0,False
@Abcde-h3,Jika saja Thanos tidak menjentikkan jari telunjuknya,0,2025-12-05T08:26:37Z,0,False
@aisholikhah3139,Begitulah Sang Pencipta merencanakan kehidupan,0,2025-12-05T01:13:48Z,0,False
@Meongpurba98,30 mnit btapa bahayanya ngentod sambil berdiri dengn landasan tembok..klo mleset kontol bisa patah nabrak tembok,0,2025-12-04T20:08:42Z,0,False
@gadogado5745,"allah sudah membentuk bumi sedemikian rupa 
tidak ada proses abcd,
manusia tidak berevolusi,
secara ilmiah blm bisa membuktikan secara real akan hal itu 
hanyak teori ingat hanya teori",0,2025-12-04T18:44:54Z,1,False
@yyyuo,Jangan menganggap semua hal itu benar jika terlihat dari sudut pandnagmu,0,2026-02-05T15:42:13Z,0,True
@pangaruh4739,😂😂😂😂❤❤❤,0,2025-12-04T16:51:09Z,0,False
@murdani1270,Skrng bencana dahsyat sedang terjadi!,0,2025-12-04T13:14:23Z,0,False
@Baww77,"luar biasa dari pembawaan sampai editing, lebih berasa seperti nonton film, semangat terus bang saya sangat jarang dapat konten seperti ini 👏👏👏",1,2025-12-04T13:02:33Z,0,False
@tongkosong4938,seperti masakan tampa garam. semua kejadian bila Tuhan di tiadakan.,0,2025-12-04T09:35:06Z,0,False
@imampujomulyatno9718,"Nabi Adam sebagai manusia pertama, berada pada jaman apa ya ?",0,2025-12-04T09:21:44Z,0,False
@vetraketaren9155,"sukses terus canel ini dan sehat sll amin God bless you, sgt bermanfaat dan ptg sll diingat kita saygi bumi dan bumi pun sayg sm kita mahluk Tuhan manusi plg mulia terimakasih..",0,2025-12-04T01:05:02Z,0,False
@herisantozon,"klo ingat lagu qosidah nasidaria"" apalah manfaatnya menumpuk-numpuk harta""😭",0,2025-12-04T01:04:31Z,0,False
@azuzaanessutasiya9823,"gampangnya bumi ini kayak es krim. kalau terlalu sering kena panas, bisa leleh. dan manusia skrg sok jdi paling menguasai bumi. bro lupa dia hanya spersekian (sgttt kecill) volume bumi",0,2025-12-03T22:33:02Z,0,False
@AnakletusAgapa,Saya dari Negata  Papua. Barat.,0,2025-12-03T19:44:59Z,1,False
@AnakletusAgapa,Saya dari negara Papua Barat.,0,2025-12-03T19:45:57Z,0,True
@ardiprasetyo911,Jadi Nabi kita dr sini asalnya.  ???,0,2025-12-03T17:45:35Z,0,False
@zakikabiromedia,Jangan2 dia adalah  dewa yg menyamar jadi CEO😮,0,2025-12-03T17:27:10Z,0,False
@BanuaJaya-m2q,"Pertanyaan nya siapa saksi kejadian ini…sedangkan kehidupan aja belom ada😂😂😂,,,kalo pelajaran sekolah oke lah,,",0,2025-12-03T15:49:08Z,0,False
@Rifa-officall,"Konten yg sangat bermanfaat,walau pun saya beragama islam,tetapi saya sedikit percaya,semuanya masuk akal, menambah wawasan dan memperkuat iman ,tapi ingat ilmuan atau pemuka agama pun jangan terlalu mengkiblat kan nya,krna nanti kmu sulit untuk menerima fakta lain dari luar tsb😊",0,2025-12-03T15:17:41Z,0,False
@REBOLTStore,"""Namun setiap kemajuan kehidupan diiringi dengan kehancuran"" apakah setalah mansuai di punahkan akan ada kehidupan lagi?",1,2025-12-03T13:29:02Z,0,False
@anaktanah0303,Mari sama sama kita menanam pohon. Tanam apa saja yang kita bisa..,0,2025-12-03T12:36:12Z,0,False
@I1ntan234,"Itulah mengapa saya tidak mengejar dunia karena manusia akan hancur pada masanya, lebih baik mikirin akhirat.",0,2025-12-03T09:50:55Z,0,False
@hmmhmmmhmm,Dari sini kita tahu bahwa orang kaya selalu penyakitan,0,2025-12-03T07:23:18Z,0,False
@ReyyyByyy,Harusnya jika manusia tidak pernah menciptakan sebuah peperangan mungkin keindahan dan kenyamanan bumi akan mendekati surga 😊,0,2025-12-03T06:03:53Z,0,False
@MARYUDA-h7e,bumi bakal hancur oleh AI yg di ciptakan manusia itu sendiri,0,2025-12-03T04:23:08Z,0,False
@smha9730,"Setiap muncul kehidupan disuatu zaman, ditutup dengan kehancuran lalu muncullah kehidupan baru dan spesies baru. Dan di zaman manusia ini kelak juga akan di tutup dengan kehancuran. Lalu apa yang bisa kita angkuhkan? Kita hampir tidak ada bedanya dengan spesies-spesies di zaman sebelumnya",0,2025-12-03T00:19:53Z,0,False
@andysnavian5095,Bang coba riquest 30 menit kengerian DPR 😅,0,2025-12-02T15:26:06Z,0,False
@EliteGlobal-w6z,bumi itu datar,1,2025-12-02T08:24:16Z,0,False
@GreatBagana_Official,"Bang request, 30 menit betapa mengerikan nya Jokowi",2,2025-12-02T04:28:01Z,1,False
@purywahyuutami8425,Kadrun detected 😂,0,2026-01-02T15:24:53Z,0,True
@nanda_wilesta,Sangat bagus videonya penuh pelajaran ❤❤,0,2025-12-02T04:16:01Z,0,False
@anantasaputra5100,"Next ""semengerikan indonesia"" gue akan nonton,nggak skip2 dah",0,2025-12-02T02:47:13Z,0,False
@CreativeFlux2030,Ternyata homo sapien itulah yg menjadi perusak planet bumi.,0,2025-12-02T01:55:40Z,0,False
@hidmasadiah8597,Seketika ingat Sebuah surat dalam kitab agama saya ( Quran ) Surat Al-'Ashr : Demi Masa. Surat pendek ini mengandung pesan yang sangat mendalam tentang kehidupan.,0,2025-12-01T22:15:56Z,0,False
@mhdghza99,siappp,0,2025-12-01T20:01:42Z,0,False
@ArsilaAyu-v9r,Jangan tayangkan ini bagi mereka kaum mahluk konyol punya imajinasi yg konyol tentang penciptaan bumi,0,2025-12-01T16:46:30Z,0,False
@indrakece7872,ok,0,2025-12-01T16:25:28Z,0,False
@adnanriz,Bintang raksasanya. Awalnya darimana???????,0,2025-12-01T16:13:43Z,1,False
@adnanriz,Tiba' udh ada bintang raksasa aja!,0,2025-12-01T16:13:59Z,0,True
@abadiakbar5818,Kapan ya kepunahan manusia ? Dan apa yg bangkit kembali ?,0,2025-12-01T16:02:21Z,0,False
@rizkynt,A0a yg mau kita sombongkan. Maha besar Sang Pencipta meridhoi terciptanya ruang kehidupan ini,0,2025-12-01T15:09:26Z,0,False
@RoseHawa-q6z,"Instansi di indonesia bgmna bang,,,mengerikan ya,",0,2025-12-01T13:34:54Z,0,False
@iqbalazhari6725,Bukanya manusia pertama di bumi adalah nabi adam yaa?,0,2025-12-01T12:21:18Z,0,False
@Wahatalkhoir,Terima kasih min. Disini jd sadar betapa kecil nya manusia.,0,2025-12-01T12:20:06Z,0,False
@kadeyosep,Sy lebih percaya sains begini dari di agama,0,2025-12-01T10:04:58Z,0,False
@HST344,mirip emak lu,0,2025-12-01T08:29:55Z,0,False
@GentaAnarki,"Sayangnya masih berfilosofis dengan kata ""kemarahan alam"" seolah olah manusia itu makluk paling ""penting"" di dunia ini padahal selama milyaran tahun bumi ini nggak ada manusia juga ya gitu gitu aja,padahal manusia masih puluhan juta tahun fi panggung dunia ini3😂😂,stop lah menjadi organia me paling penting,biarlah evolusi berjalan apa ada nya",0,2025-12-01T04:26:09Z,0,False
@kuartinkusmartijah3182,bukunya pribadi😊,0,2025-12-01T02:21:15Z,0,False
@kuartinkusmartijah3182,boleh tak jadikan buku tapi agak di rubah sedikit😊,0,2025-12-01T02:20:12Z,0,False
@ChongX9,"ga cok , lu itu suka ya kalo dibilang keturunan lu dari monyet ? kalo gw ga , keturunan gw bukan monyet , gausah bodoh lu",0,2025-12-01T01:09:02Z,0,False
@misbahul96,Yaaa allah betapa panjang proses terciptanya alam semesta ini hingga sekarang (menurut akal manusia) tapi tidak dengan sang pencipta sendiri yaitu (ALLAH SWT),0,2025-12-01T00:13:52Z,0,False
@ZikarinStudyWithMeTeamZ,bagus banget videonya sangat keren dan tercerahkan.... semoga we can always protect the earth....,0,2025-11-30T19:55:09Z,0,False
@KristinaMeilani,"Hari ini sumatera berduka!!!
Banjir bandang menghancurkan provinsi sumut, aceh dan beberapa sumbar:)",0,2025-11-30T16:10:15Z,0,False
@BattlefieldClassroom,This is PEAK🙌🏻,0,2025-11-30T15:49:41Z,0,False
@gunturwijarangga7058,"Saya nonton ini cuma buat hiburan aja karena narasi sama backsound nya enak didengar dan visualnya enak dilihat. Tapi tidak untuk percaya 😂
Makasih min atas hiburannya",0,2025-11-30T15:46:26Z,0,False
@gunturwijarangga7058,"Saya suka sama narasi, visual dan backsound nya, salut 👍🏻
Tapi tetap saya meyakini bahwa manusia pertama di bumi adalah Nabi Adam As. Saya tidak percaya sama teori evolusi.",1,2025-11-30T15:36:55Z,0,False
@malayantiii_6419,Terimakasih alarmnya min 🙏 kita hidup karna bumi mengijinkan kita untuk hidup,0,2025-11-30T15:35:03Z,0,False
@SaragMejass,Contoh salah satu org paing mengerikan dibumi habib bahlil el eltanol,0,2025-11-30T15:23:46Z,0,False
@Tomitan-r7y,"Yg buat bumi mengerikan itu karna ada geng solo 
Biang perusak bangsa!!!",0,2025-11-30T15:10:18Z,0,False
@EstebeIndonesia,bang mau tanya jaman nabi Adam dilahirkan itu dijaman apa?,0,2025-11-30T15:03:40Z,0,False
@DhoppaMint,"Bumi itu unik, bumi bisa memulihkan dirinya, apakah bumi sperti makhluk hidup? mungkin iya mungkin tidak... tapi mengingat bumi bisa memulihkan dirinya. jadi kita sebagai manusia yg mendiami bahkan mengotori, merusak nya... jgn sampai bumi dalam keadaan kiris nya.. yg mana bumi akan memulihkan dirinya dengan mengorbankan hal2 di dalamnya termasuk manusia...mari jaga bumi, mari jaga tempat hidup kita ini. kita ini kecil bagaikan bakteri yg hidup di tubuh manusia.. mungkin lebih kecil..",0,2025-11-30T14:49:52Z,0,False
@sdy_dy,Request bang 30 Menit betapa mengerikannya DPR,0,2025-11-30T13:04:12Z,0,False
@AriArizal-g3e,Saya Islam...percaya Al-Qur'an maha benar.Allahuakbar,1,2025-11-30T12:32:53Z,0,False
@Ahsany17,"Semua mahluk dibumi pasti mempunyai gen yang sama antara satu dengan yang lain.. Karena berasar dari material yang sama, sari pati tanah,.. 
Jika manusia modern berasal dari evolusi.. Pastilah ada fosil manusia modern.. Tapi nyatanya g ada, menandakan manusia muncul secara tiba tiba.",0,2025-11-30T11:26:45Z,0,False
@Ahsany17,"Semua proses yang terjadi hingga saat ini, apakah kalian berpikir terbentuk begitu saja dengan sendirinya?
Dari ledakan bintang, tebentuknya bumi, dan bulan, micro organisme,?
Gelodongan kayu tidak akan menjadi meja dengan sendirinya.. 😊",0,2025-11-30T11:21:39Z,0,False
@radentrunojoyo1728,😢😢😢,0,2025-11-30T11:18:57Z,0,False
@hunink-n8f,"HARI TERUS BERGANTI,WAKTU TERUS BERLALU,KEMAREN BAYI SEKARANG REMAJA DEWASA LALU TUA.SEMUA ADA MASANYA,MAGMA JADI BATU YANG KERAS LALU LAPUK JADI BUTIRAN DEBU,YANG ADA AKAN TIADA.SEMUA HANYA SEMENTARA.",0,2025-11-30T04:42:03Z,0,False
@indriyanto119,30 menit yg sangat berharga dan sangat menakjubkan.,0,2025-11-30T03:19:42Z,0,False
@philipusterasnawang1245,Indahx ciptaan Tuhan...memang indah...,0,2025-11-30T01:01:17Z,0,False
@boamcrow,manusia akan punah oleh teknologinya sendiri,0,2025-11-29T19:00:19Z,0,False
@RachmaMaulida-q4r,"Bagus banget videonya, pas banget buat bahan belajar",0,2025-11-29T16:19:26Z,0,False
@DenAchmadi,Ini cocoknya jadi dongeng dan film fiksi bukan sains,0,2025-11-29T16:15:33Z,0,False
@syabetachannel6345,30 menit betapa tidak displinnya orang indonesia,0,2025-11-29T15:00:59Z,0,False
@fatimahseptiani6687,"Gw nangis dr awal proses terbentuknya bumi krna biasanya baca dr buku anak trs tervisualisasi betapa kita hanya abu bintang debu kecil tapi Allah menyiapkan semuanya buat kita gimana Allah menciptakan semuanya Allah maha besar Allah maha hebat ,sampai di 10 menit terakhir related bgt sama keadaan skrg gimana bumi ini mulai di rusak bumi ini sakit karena manusia yg ga tau diri dan serakah jahatnya merusak bumi 😢",0,2025-11-29T13:28:36Z,0,False
@bandotvsbabon,teory yg bagus 🎉,0,2025-11-29T07:50:18Z,0,False
@amingajalah,Kereeeeeeennnnnn bang asliiiii,0,2025-11-29T06:41:32Z,0,False
@CitraMenawi,"Terlepas dari proses yg terjadi
Tolong jawab pertanyaan saya
Apakah material itu ada begitu saja tanpa ada yg mengadakan ? Apakah kejadian itu terjadi begitu saja tanpa ada yg merencanakan?",0,2025-11-29T06:41:17Z,0,False
@vidioviral1112,"yang mengerikan itu manusia nya sndri,membuat alat penghancur diri (bom nuklir)",0,2025-11-29T05:29:11Z,0,False
@nailaizzati-bc,Kesalahannya adalah krn manusia belum ada yg pernah mengijakkan kaki di bulan 😅,0,2025-11-29T05:16:01Z,0,False
@boyzs90,Ustad Yusuf PI harus nonton ini.. 😂 bahwa bumi itu memang bulat.. Wkwk😂,0,2025-11-29T04:55:23Z,0,False
@AzmiYoutube-e6u,"Kalo mau berfikir dan simple bagi org yg gak percaya adanya Tuhan
Sebutir kelereng saja tidak mungkin terbentuk dg sendirinya apalagi bumi dg segala kesempurnaan nya
Bagaimna mungkin itu semua hanya kebetulan
Tentu ada nya sang Pencipta ialah Tuhan kita semua",1,2025-11-29T02:13:35Z,0,False
@alimaulanakilwo3868,"30 menit secuil Ciptaan bersuara dengan angkuh dan sombong tanpa menyinggung dzat Pencipta segala sesuatu...  Mereka mengira bumi dan alam ini ada dengan sendirinya tanpa ada yang menciptakan, sungguh mengerikan akal-akalan orang atheis yang dungu lagi pekok😅",0,2025-11-28T20:45:59Z,0,False
@NusantaraMindset,"Dan yang lebih menyeramkan nya lagi, salah satu penduduk bumi ini nyakitin gw, dia ninggalin gw sama yang lain! 😭",0,2025-11-28T19:47:36Z,0,False
@bargahs96,betapa mengerikan nya bumi ini jika kita tidak punya uang.,0,2025-11-28T19:47:07Z,0,False
@April-oy4pw,"sempet ada pertanyaan dari Org kebanyakan terutama anak2 dibawah SMA......pertanyaan tidak penting namun memang hrs di pelajari scara Kajian yg penuh konkrit scara Dalil Naqli.....ktika Dunia blm terbentuk ""Alloh ngapain aja...???

bhkn ada jg sejak brp Triliyun Tahun Alloh sudah memiliki wacana bhwa akan di bentuk sbuah alam yaitu Bumi....klo liat dari video ini kan terbentuk nya Bumi berawal dari kehancuran.....bukan hancur itu kelentapan,kok malah menjadikan kehidupan yg indah ..awal menjadi sbuah cerita dimana Manusia di ciptakan hanya utk Ibadah Kepada Alloh......apa Missi Alloh sehingga menciptakan Yin-yank..Ada Siang ada mlam...ada Atas ada bwh.ada surga dan neraka dll....kenapa hal tsb mandi sbuah tujuan sandiwara di atas bumi...",0,2025-11-28T15:27:53Z,0,False
@ilyasrest,"Video ini sumbernya dari mana, apa sekedar Cocoklogi",0,2025-11-28T13:40:33Z,0,False
@reditgaming8501,"Baru baca liat konten ini, satu kata:

-anda GG bg, elu diatas suhu y mampu dipahami oleh org seperti kami, ,, 

Wanjirrr, guru gua dulu gk pande nerangin y beginian😂,, mknya raport gua julek 😂",0,2025-11-28T05:41:02Z,0,False
@ikhfanjeli6749,Kelakuan manusia lebih mengerikan,0,2025-11-27T19:47:30Z,0,False
@arliaazzahra1343,"Perubahan / evolusi psti trjadi,,, siap tdk siap waktu trs brjalan.. shg kelak kita trsadar bahwa smua ini trjadi bkn hny kbetulan,, TERJADI KRN ADA YG MNJADIKAN,, ADA SEBAB KRN ADA AKIBAT,, ADA TRCIPTA DAN ADA YG MNCIPTAKAN.. 😊",0,2025-11-27T13:09:20Z,0,False
@ll-cc1yw,wow,0,2025-11-27T08:16:05Z,0,False
@ukhtyanmuhibbahfirdaus3093,"Allah Maha Pencipta dan Maha Mengatur, Allah lah yang menciptakan manusia, alam semesta dan kehidupan, maka sudah seharusnya manusia mau diatur dengan aturan Allah",47,2025-11-27T07:34:06Z,4,False
@SunardiSunardi-rr3zn,Iya betul Allah... Tp bukan allah swt lho ya..,0,2025-12-07T14:53:34Z,0,True
@ArifinEvend,​@SunardiSunardi-rr3zntrus siap bapak mu kah atau emak mu gila streess,0,2026-01-12T14:46:46Z,0,True
@revaldofirman,5,0,2026-02-13T03:29:25Z,0,True
@AmbonLetter,Preet lah!!,0,2026-04-23T08:24:47Z,0,True
@rezaamirhuda2254,"Bagi orang yang hanya hidup, cukup berpegang teguh pada pedomannya masing""...namun untuk peneliti ya harus mengesampingkan semua hal yg dirasa akan membatasi atau menghalangi penelitiannya. Termasuk Agama/Kitan Suci Bahkan kebesaran akan peranan Tuhan.

Yang jd masalah didunia ini cara penyajian Kecerdasan akan selalu dikendalikan oleh kepentingan.🥱😴

Pesannya : Your mind is yours alone and you decide who and what gets in ?",0,2025-11-27T05:37:38Z,0,False
@andrewyaeyae,Mantapppp..,0,2025-11-27T03:00:20Z,0,False
@nurazizah5928,Di menit² terakhir sungguh menyentil manusia.. 😢,0,2025-11-27T02:07:38Z,0,False
@sunaryo7459,Kl perilaku manusia terhadap bumi  sembrono...kelak manusia akan menerima balasan dari apa yg kita perbuat...ada Sebab.....ada akibat....,0,2025-11-27T01:39:47Z,0,False
@alungcugil,"Masih belum jelas secara science dari mana kita manusia muncul, apakah benar dari kera jadi manusia purba berkembang jadi homo sapiens, atau yg kayak cerita di kitab agama2 Abrahamic, tiba2 jatuh dari surga tanpa penjelasan ilmiah.
Secara runut masih banyak perdebatan.",0,2025-11-26T20:06:05Z,0,False
@Ujang_Dirman,"Maaf ah aku skip2... Karena otak saya tidak mampu kembali ke belakang, kedepan saja sulit.... Lagi mikirin ijazah 😂😂😂😂😂",0,2025-11-26T19:38:29Z,0,False
@andibangsawanputrakencana5827,Sejauh ini vidio ini yg paling saya suka di YouTube,0,2025-11-26T17:39:33Z,0,False
@CasehMovies,"Keren banget bang, bner2 mengedukasi dan banyak ilmunya,❤",0,2025-11-26T15:30:09Z,0,False
@hansendberg,Ga ada nabi Adam 😂😂😂,0,2025-11-26T14:22:20Z,0,False
@Mamaabyan6940,Kerreeeen❤❤❤❤😭😩,0,2025-11-26T14:09:41Z,0,False
@Kai.dan.PapawMamiw,"ternyata bumi itu kaya bgt ya dari dulu, gedung2 berdiri, mobil2 dibuat, elektronik, makanan, buah sayuran dan segala macam yang ada dan dibuat semua berasal dari bumi dan diolah oleh orang2 yang cerdas dan itu semua berasal dari bumi bukan dari planet lain, bayangkan dari tidak ada apa2 di bumi sampai saat ini semua bisa kita lihat ya semua bahan baku pasti berasal dari bumi, masya allah 😢",0,2025-11-26T09:48:44Z,0,False
@mhndr_why,dinosaurus itu ayam bukan sih,0,2025-11-26T06:57:52Z,0,False
@doyanmurbei,"Gw jadi berpikir kek planet2 ini kayak atom2 gitu, tapi apakah planet2 kita ini merupakan atom2 dari suatu hal atau zat yg maha besar? Ini kayak kita hidup di ""tubuh Tuhan""?",0,2025-11-26T02:17:24Z,0,False
@condronugroho9388,Ubur-ubur ikan lele😂,0,2025-11-25T13:20:19Z,0,False
@MurniRusdi,Yang Atheis mendekat,0,2025-11-25T13:00:16Z,0,False
@MurniRusdi,Request bang 10 menit berapa mengerikan DPR,1,2025-11-25T12:59:11Z,0,False
@SasaAnuzya,Bang request 30 menit bahas era rezim Jokowi bang 🙏,0,2025-11-25T11:35:23Z,0,False
@Mystery9.,Hmm setiap waktu bumi mengalami perubahan apakah pada jaman manusia suatu saat nanti manusia akan punah ?,0,2025-11-25T09:26:56Z,0,False
@KarlinaYasri,Kebohongan yg nyata wkwkw,0,2025-11-25T05:08:18Z,0,False
@miswatohelda8425,😁 😁 😁Masih percaya ma berita nglantur kek gini,0,2025-11-25T01:27:56Z,0,False
@stn2691,Bang req sengeri apa jokowow,0,2025-11-25T00:47:39Z,0,False
@bestbefore666,"Semua ada masanya. 
Bumi bakal kembali ke pengaturan pabrik pada waktunya.",0,2025-11-25T00:23:45Z,0,False
@IwanKurniawan-o8u,Karangan orang barat,0,2025-11-24T23:48:29Z,0,False
@faturRozi-y9n,Aja nglindurbangsiang hari,0,2025-11-24T23:41:16Z,0,False
@IrwansyahYogi,"Yang saya tanyakan darimana asal datangnya bintang raksasa hidup ,apakah hidup sendiri",0,2025-11-24T22:55:50Z,0,False
@mamadmud2648,4:47 bang theia ini berasal dari sisa ledakan superova kyk bumi atau planet asing diluar dari supernova?,0,2025-11-24T19:07:13Z,0,False
@Meinard0905,"Awas bang Nanti banyak Yang Atheis...😂😂😂
Soalnya klo di kitab kan Ada penciptaan bang, taulah indonesia Gampang di Kasih ilmu di telan bulat2",0,2025-11-24T18:57:26Z,0,False
@Irfan15070,harus d tonton oleh seluruh manusia si ini video 😌🫠 bumi rumah kita. kita menyiksanya,0,2025-11-24T17:30:40Z,0,False
@AldiHannie,Terus manusia dari mana ya...,0,2025-11-24T16:53:23Z,0,False
@dexters-r3b,gw bener² menyerap ilmu di chanel lu bg makasih,0,2025-11-24T16:34:49Z,0,False
@Pasukanpascol,BANG REQUEST 30menit betapa mengerikannya Cewek,3,2025-11-24T16:26:06Z,1,False
@bellas5125,wmwmwkwkkwkakw,0,2025-12-04T06:59:33Z,0,True
@sastawardani,30 menit menonton dan mendengar pendongeng handal,0,2025-11-24T16:11:26Z,0,False
@bbgfamily,"Langsung aja loncat ke 200 juta tahun lalau,,,,berrti yang 10juta-199juta nya hilang tuh data terbentuknya hutan sama terbentuknya dinosaurus",0,2025-11-24T15:45:12Z,0,False
@bbgfamily,"Awalnya serba logika,terbntur bintng,jadi bumi,di bumi krna panas jadi menguap jadi gas jadi hujan,di hujan jadi laut,awal mhluk hidup dri kimia bumi yang berevolusi jdi mhluk,,trus stlh mhluk laut hntaman besar trus laut mati,,,,,,eh langsung lompat ke dinosaurus,,,,itu dinosaurus hidup dari apa..?.dari mahluk kecil yang di laut itu loncat ke dratan trus nyatilu nyatu gtu...

Nah itu lah akal manusia sngat sangat terbatas ,,,,,sesungguhnya hall ghaib itu ada,,,jngan terlalu nenghebatkan akal,

kalo jadi dongeng mah bagus buat di bacain",0,2025-11-24T15:42:35Z,0,False
@HIKMAHIDUP_8,"NASI narasi halusinasi 😂😂😂 

Konten pembodohan massal, angkasa itu cuma animasi komputer..... dan bumi ini dikatakan planet sama orang tolol yg dicekok kurikulum sekolahan 😂😂😂",0,2025-11-24T15:11:44Z,2,False
@rulzsenpai03,Lu yg tolol bg 🤭,0,2025-11-25T02:51:39Z,0,True
@rulzsenpai03,Minim literasi🤭🤫,0,2025-11-25T02:52:00Z,0,True
@udahyakin,"Satu hal yang perlu kita sadari bahwa, ini semua teori; sebuah prasangka yang diasumsikan dari barang temuan untuk kemudian menciptakan narasi dengan hampir sebagian besar hayalan!",0,2025-11-24T14:48:56Z,0,False
@udahyakin,"Allahu Akbar, kenapa Al-Quran sesuai dengan informasi ini!",0,2025-11-24T14:20:30Z,0,False
@WahyuRitonga-v8t,Manusia bermula dari nabi Adam yang Allah SWT ciptakan bukan KERA👍🏻,0,2025-11-24T14:16:04Z,0,False
@fadilakbar4343,"ma'af min... sumber infonya dari mana?
harap berhati hati",0,2025-11-24T14:06:58Z,0,False
@Jedudpancing,30 menit betapa mengerikannya koruptor,0,2025-11-24T13:29:24Z,0,False
@Rocky-cl4jt,"Ahh lo aja yg dari kunyuk, gw mah dari Adam AS 😂",0,2025-11-24T13:21:08Z,0,False
@WalLuyo-v1t,Opo roh koe lek2' detil temen critane,0,2025-11-24T12:57:44Z,0,False
@lastriinemere2595,"Dear Bumi, aku cinta banget sma kamu dan ku buktikan Denga tidak buang sampah sembarangan dan akan ku ajarkan ke keturunan ku untuk mencintai mu dengan tindakan nyata. Walau yg ku lakukan sederhana tapi setidaknya aku tidak ingin menjadi bagian yg menghancurkan mu. Kelak jika tuhan memberi ku umur panjang akan ku tanam banyak pohon agar kau tetap cantik nan hijau.  terimakasih telah baik pada kami 🌏💙",115,2025-11-24T10:30:33Z,3,False
@yypratama8023,"Itu saja tidak cukup..tapi hentikan pertambangan berlebihan dan penggundulan hutan secara brutal,serta kurangi pembangkit listrik yang menghasilkan emisi karbon tinggi.. hentikan perusahaan perusahaan yang serakah merusak bumi..ini yang lebih penting karena dampaknya sangat besar bagi kerusakan bumi",3,2026-01-10T14:49:30Z,0,True
@AsaemonSagiri,​@yypratama8023dimulai dri diri sendiri,0,2026-01-20T17:14:39Z,0,True
@sugiarti_1966,"Ada kabar baik , masa dpn bumi akan selamanya ada krn Pencipta Nya tdk akan biarkan manusia  terus menerus merusak bumi 
(Wahyu 11 : 18 )

 dan Dia  punya tujuan yg sgt bagus untuk bumi , akan di jadikan Firdaus /taman berskala seluas bumi , dan bumi akan di warisan kpd orang2 yg tulus hati yg mau merawatnya dgn baik ,
( Matius 5 : 5 )

Tujuan bumi tercipta memang untuk di berikan kpd manusia (Mazmur  115 : 16 )

Dan tujuan manusia tercipta memang di beri tugas kerja untuk menggarap bumi , melestarikan alamnya , memberi nama semua binatang-binatang,
Kejadian  2 : 15 , 19 , 20
Kejadian 1 : 28
Regenerasi menjadi satu keluarga universal ,
Hidup damai di seluruh bumi sbg satu keluarga .
Awal tujuan yg bagus tapi Mengapa skrng bnyk penderitaan  ? 

Bukan Pencipta yg harus bertanggung jawab 
Tapi krn Adam ortu pertama manusia yg telah salah dlm membuat pilihan .
Kejadian 2 : 16 , 17
Kejadian 3 : 19 .",1,2026-05-17T19:11:25Z,0,True
@D-Parker14250,"Sebentar, dari penedinginan tiba2 ada air, dari mana air berasal????",0,2025-11-24T06:03:38Z,0,False
@ajisetiawan716,"Bang, baru kali ini terenyuh, sedih, terharu dan mau nangis nonton videonya. Dimenit 20'an itu sangat emosional, bikin kita merenung.. 😭",0,2025-11-23T23:42:00Z,0,False
@fadelmuhammad1044,bicara omong kosong ..hayalan  otak kosong,0,2025-11-23T19:22:08Z,0,False
@TemuanVictory,❤❤❤,0,2025-11-23T17:14:00Z,0,False
@ramaadha9681,Faktanya manusia lah yang merusak dan menghancurkan bumi secara perlahan..,0,2025-11-23T15:27:19Z,0,False
@yohanesjokokristanto6555,Req 30 menit semengerikan soeharto,0,2025-11-23T14:44:53Z,0,False
@taludmustafa7438,Milyaran tahu n. Info dari mana. Kalau dondeng sekedar hiburan ngak apa sih.,0,2025-11-23T11:15:54Z,0,False
@taludmustafa7438,"Manusia pertama di bumi ada Nabi Adam. 
Kita adalah keturunan Nabi adam dan akan punah saat kiamat datang.",1,2025-11-23T11:13:48Z,0,False
@Dianastory-j7x,Gais mau tanya katanya manusia dari spesies mamalia trs cerita bahwa manusia keturunan nabi adam itu hoax atau gimana😮,0,2025-11-23T07:43:07Z,1,False
@awrozy2916,Itukan dari ilmu agama dan sains bang. Makanya berbenturan,0,2025-11-23T14:25:51Z,0,True
@ramatiyana8270,Kerenn 🥹,0,2025-11-23T04:33:49Z,0,False
@AuroraCheryl-y1f,ok,0,2025-11-22T16:37:42Z,0,False
@kalangkece7594,oke oke,0,2025-11-22T15:36:48Z,0,False
@niartstudio8682,bumiiiiiiii,0,2025-11-22T15:04:09Z,0,False
@putuarysandiawan1166,Sangat bagus video nya👍😃,0,2025-11-22T15:00:31Z,0,False
@nerolevinex8187,"ancaman keserakahan elit global yang seolah tak pernah kenyang mengeksploitasi bumi demi profit, profit dan profit.. tak peduli separah apa dampak kerusakan lingkungan maupun sosial yang akan ditimbulkanya.. mengadu domba afrika, asia, eropa, timur tengah bahkan seluruh dunia dengan segala instrumen propaganda yang mereka kuasai.. semua demi memuaskan keserakahan tak berujungnya",1,2025-11-22T14:08:24Z,0,False
@bagaskara8269,😎🤝👏,0,2025-11-22T13:33:51Z,0,False
@KamuSaya-g2i,bang makasih buat vidio ini aku jadi rajin belajar tentang bumi dantau macam mana bumi  berkembang,1,2025-11-22T01:24:52Z,0,False
@dwikysudjatmiko6178,"Alangkah baiknya, apabila para Guru melihat ini. 
Video ini sangat bagus untuk disisipkan di dalam materi kegiatan belajar mengajar. 
Agar sejak dini, para siswa/i diajak berpikir tentang Bumi dan moral sebagai manusia untuk masa mendatang.",2,2025-11-21T21:58:44Z,0,False
@AndikaPratama-f9m6b,"Bumi ga ngeri aturan di indonesia yg ngeri .😅😂😅😂😅😂 ...aturan bisa d beli ada uang dia yg berkuasa..

Real2 aja dah skrg wkwkwk",0,2025-11-21T19:53:50Z,0,False
@widiyantosaputra6320,bang tolong bahas bintang pulsar,0,2025-11-21T12:53:33Z,0,False
@babangchannel6954,"Yang tidak pernah disepakati sampai kapanpun adalah teori yg mengatakan asal muasal manusia dari monyet ,, padahal asal muasal manusia adalah Nabi Adam as. dari syurga dengan bentuk dan kecerdasan yg sempurna.",1,2025-11-21T12:14:22Z,0,False
@ariari__,"Kehidupan menari, bernyanyi bersama angin, tumbuh dalam cahaya, bermimpi dibawah bintang 0:15 ✨",39,2025-11-20T17:23:23Z,0,False
@ondi9971,"bumi, tempat para NPD berkembang biak",0,2025-11-20T15:29:35Z,0,False
@dionalexander851,good,0,2025-11-20T08:42:11Z,0,False
@DewiPuspitaSari-ce5js,Keren bgt chanel kamu bang,0,2025-11-19T23:19:46Z,0,False
@hartantoucil4309,30 menit tentang gilanya korupsi indoneaia dong,0,2025-11-19T18:48:52Z,0,False
@MIXAiCartoon,kiamat sudah terjadi beberapa kali...next akan terjadi lagi dan bumi akan kembali lagi dari awal....apakah seperti itu ? bagaimana gaess,0,2025-11-19T16:47:49Z,0,False
@muhammadrahul8767,👍,0,2025-11-19T15:47:35Z,0,False
@dmoy2909,"manakah yang duluan ada
1.manusia
2.hewan
3.tumbuhan
coba jawab pake data bang",0,2025-11-19T05:45:21Z,0,False
@rajagastiadiraja8851,Goddamn,1,2025-11-18T15:45:23Z,0,False
@Ridwan-in6wz,Pengetahuan kek gini ngarang apa gimana si,0,2025-11-18T12:46:15Z,0,False
@PuspaSafina,"KEREENN bangettt, pembawaanyaa biknn betahh",0,2025-11-18T07:17:09Z,0,False
@AsepSprydi-k7b,Elu aja keturunan monyet KLO gua si keturunan nabi adam,0,2025-11-18T03:51:37Z,0,False
@GinuAlfarizi,Video ini memaksa akal kita untuk berfikir....dari mana kita dan akan kemana kita .... awalnya kita tidak ada.... kemudian kita ada...dan bisa menikmati kehidupan.... kemudian kita mati... disitulah babak baru di mulai akhirat..,0,2025-11-17T16:57:32Z,0,False
@dievergessen1248,teori darwin ? r u fkin kidding me ?,0,2025-11-17T15:36:00Z,0,False
@DANNYHERMAWANCHANNEL1D,MASHAALLAH,0,2025-11-17T12:56:11Z,0,False
@nurrohman29,"Mau tanya, bumi udah ada awal nya ada orang gimna itu secara ilmiah , kalau secara agama udah tau saya",0,2025-11-16T15:50:35Z,0,False
@Footballrewritten,Banh request 30 menit betapa mengerikannya anies baswedan🙏,0,2025-11-16T15:14:39Z,0,False
@analogman32,"Min nabi adam turun dari surga, sedangkan manusia purba asalnya dari mana? 😂🤣😂🤣😂🤣😂🤣 Terus bangsa Nisnas yang diceritakan kemana? Kok gak ada? Lebih masuk akal ceritanya Legend Of Dragoon Playstation 1 😂",1,2025-11-16T14:39:23Z,0,False
@AndorMandala-j3z,"dari konten ini menjelaskan bahwa Tuhan itu adalah Karangan Manusia.

kalian yang merasa punya AGAMA apakah sadar ?
pikirkan sejenak bagaimana proses terjadinya bumi dari konten ini dan bandingkan Proses terbentuknya Bumi dari segi AGAMA.",0,2025-11-16T09:35:03Z,1,False
@AminMaruf-x2x,Justru proses terjadinya yg  ada di vidio itu kehendak tuhan,0,2025-11-16T13:22:43Z,0,True
@M4h3n,berarti bumi adalah pulau kebangkitan,1,2025-11-16T04:44:20Z,0,False
@Neuv-05,"Ini menurut sains,eh masih ada orang yg nyangkut pautin dengan agama,sumpah bikin malu agama",1,2025-11-16T00:11:23Z,2,False
@AminMaruf-x2x,Sains itu proses skenario tuhan 😊,0,2025-11-16T13:24:19Z,0,True
@Neuv-05,​@AminMaruf-x2xteori dari mana wee,0,2025-11-16T13:29:21Z,0,True
@biwangaming2037,25:15 mending pindah universe lain🗿(bcnda),0,2025-11-15T16:28:01Z,0,False
@kakekmarah45,MasyaAllah,0,2025-11-15T14:12:47Z,0,False
@bangsalimabhy,"Terimakasih bang, sangat bermanfaat,saya suka dan sudah subrek like,di tggu konten selanjutnya",0,2025-11-15T05:37:44Z,0,False
@SukmaWati-s6f,Bumi itu neraka.. Masuk akal secara logika.,0,2025-11-14T16:29:05Z,0,False
@ryann12-r9o,sotoy lu bang,0,2025-11-14T14:43:13Z,0,False
@KisahMasaSilam,"Request bang, bikin video 30 menit. Betapa Mengerikannya Bahlil",5,2025-11-14T13:19:58Z,1,False
@Mizugreytat,10 detik aja cukup bray 😂,0,2026-07-14T04:45:35Z,0,True
@MardiGunawan-jg5gz,ngeri apanya ??,0,2025-11-14T07:50:45Z,0,False
@CisSistono,Arsiteknya siapa lgi klo bukan allah swt.,1,2025-11-14T05:37:51Z,2,False
@aduckreachingyou,"Iya iya allah swt arsiteknya. Dah srg baca komen gini bang. Smntara org2 yg prcaya allah swt malah mgagumi aja, tnp pernah mncari tahu.",0,2025-11-15T04:11:23Z,0,True
@Neuv-05,"Hey,agama di indonesia bukan hanya islam,masih ada kristen,katolik,hindu,buddha ama konghucu,dan ini juga menurut sains,emang nyambung sains lu sangkut pautin dengan agama?",0,2025-11-16T00:12:51Z,0,True
@AzrilRafifAlfarezi-l4r,lu tau dari mana,0,2025-11-13T20:09:58Z,2,False
@Neuv-05,Ya dari belajar lah wee,0,2025-11-16T00:15:03Z,0,True
@Neuv-05,Ga pernah belajar diem aja,0,2025-11-16T00:15:13Z,0,True
@babyrasju8951,Jaman hadean=hadeaneun,0,2025-11-13T17:23:32Z,0,False
@sobathr959,Ingat suatu saat nanti era manusia akan berakhir sama seperti era era sebelumnya tapi nth nanti setelah era manusia masuk era nya apa alien bisa jadi atau enggak balik lagi ke pembentukan bumi awal,0,2025-11-13T13:42:47Z,0,False
@BanyuajiAji-y7x,Saya butuh hati yg lapang buat nyatakan bahwa kita bukan keturunan adam dan hawa,0,2025-11-13T07:15:22Z,0,False
@saepulsae4845,Bang kisah nabi Adam gak masuk ke cerita ini ya,1,2025-11-12T15:19:00Z,3,False
@aduckreachingyou,Ya lu buatinlah kisahnya gmna.,0,2025-11-15T04:12:36Z,0,True
@Neuv-05,"Ini menurut sains,bukan agama",0,2025-11-16T00:15:35Z,0,True
@AminMaruf-x2x,Ini menurut sains bg munkin bisa jadi manusia purba yg di ceritkan di vidio itu termasuk nbi adam juga 😊,0,2025-11-16T13:27:02Z,0,True
@MelaniSaputra-ln8lz,Bang bikin 30 menit betapa mengerikannya si bahlul,0,2025-11-12T14:10:55Z,0,False
@agalbgt3099,"Masya ALLAH betapa besar kekuasaanmu,,",0,2025-11-12T13:11:24Z,0,False
@kangsatir17,merinding liatnya😢,0,2025-11-12T13:00:12Z,0,False
@nekonimeindonesia6774,Gw rasa suatu saat manusia juga akan punah,0,2025-11-12T03:16:04Z,1,False
@sugiarti_1966,"Yg punah hanya orang-orang jahat Bro
Yg baik akan tetap di ijinkan ada bahkan untuk selamanya  ,
krn ada tugas kerja di bumi yg dari awal sdh di tetapkan bagi manusia 

Kejadian 1 : 28
Menakhlukan bumi dan alamnya .

Kejadian 2 : 15
Tugas kerja menggarap bumi 

Kejadian 2 : 19 , 20 
Memberi nama semua binatang-binatang",0,2026-06-08T20:14:52Z,0,True
@Yungajiyuk,Tau dari mana ya semua yg di ceritakan di video ini?,1,2025-11-11T22:59:34Z,1,False
@AminMaruf-x2x,Menurut teori sains (kmampuan otak logika manusia ) beda lagi kalo ceritny mnurut agama😊,1,2025-11-16T13:28:52Z,0,True
@andysruslan7345,Kerennnnn,0,2025-11-11T15:23:22Z,0,False
@AyahDanIbuSexyGoathNo19,"CHEROLLO 
PAIN",1,2025-11-10T18:24:52Z,0,False
@frenofjideng6799,gua nangis trs sepanjang video bjir… Allahuakbar,0,2025-11-10T16:24:44Z,0,False
@aryadharma2010,Keren mas! Teruskan! Semangat!,0,2025-11-10T15:05:49Z,0,False
@odoypadjajaran,Maha suci dan maha besar allah swt sang pencipta alam semesta,1,2025-11-10T07:56:07Z,1,False
@Neuv-05,Udh dongengnya?,1,2025-11-16T00:16:02Z,0,True
@alimp3771,D Al Qur'an sudah dijelaskan: manusi tercipta dari tahah(bumi),0,2025-11-10T03:26:33Z,4,False
@Neuv-05,Udh kah mendongengnya?,0,2025-11-16T00:16:20Z,0,True
@AminMaruf-x2x,​@Neuv-05justru kalo kita beragama melihat vidio ini jadi mnambah keimanan kita thd tuhan yg telh menciptakan nya😊,1,2025-11-16T13:30:34Z,0,True
@Neuv-05,"​@AminMaruf-x2xMenambah keimanan itu boleh,tapi ya ga usah di umbar kek gini",0,2025-11-16T13:41:31Z,0,True
@AminMaruf-x2x,"​@Neuv-05lah emang ada larangannya kalo kebaikan, sedekah pada org itu baru gk bboleh di umbar nyet😅",2,2025-11-16T13:47:18Z,0,True
@laianews87,"Hanya teori, belum tentu benar.",0,2025-11-09T00:13:50Z,0,False
@Kemejtnile,saya merinding,0,2025-11-08T13:53:07Z,0,False
@itzzKimzyy,Bang emang bener Indonesia ribuan atau jutaan tahun yang lalu (pas zaman dinosaurus) itu cuman lautan? Soalnya kan katanya gak ada fosil yang berhasil ditemukan di Indonesia (?),0,2025-11-08T07:56:26Z,0,False
@ranggareksa8079,Kerennn bgt ❤,0,2025-11-08T05:39:30Z,0,False
@Yudistira558,Bedanya BUMI sama BUMN apa ya,0,2025-11-08T04:44:41Z,0,False
@ramaikendari8572,Hidup dibumi hanya sekali...malah di tunggangi ijazah palsu ya Allah,0,2025-11-07T22:21:14Z,0,False
@jhack123,Manusia berkemmbanh Dari nabi adam tapi menurut abang nya beda kan,0,2025-11-07T09:30:55Z,1,False
@Neuv-05,"Ini tu menurut sains,ga ada sangkut pautnya dengan agama",0,2025-11-16T00:17:28Z,0,True
@deddykoboy9254,Mencerahkan,0,2025-11-07T07:34:30Z,0,False
@klapklip-i8o,Narasi ini mengetepikan bahwa segalanya ciptaan tuhan.. Narasiyg tdk masuk logica.,0,2025-11-07T05:34:18Z,0,False
@klapklip-i8o,"Semua ada penjelasan dlm al quran, carilhdi sana ,,",1,2025-11-07T05:29:10Z,2,False
@Neuv-05,"Ga semua orang itu islam,dan ini tuh menurut sains,ga ada sangkut pautnya ama agama",1,2025-11-16T00:18:06Z,0,True
@AminMaruf-x2x,​@Neuv-05betul bg kalo dikaitkan dgn agama pasti bnyak yg berlawanan krna sains itu  kmampuan cra pikir logika manusia (dgn keterbatasan nya),0,2025-11-16T13:39:38Z,0,True
@Fredsz07,"Thanks, bang entah kenapa gua sadar kita pintar namun tidak selamanya hidup",1,2025-11-06T22:10:59Z,0,False
@TydonAxe,"Hei hei hei kalian, bilang bilang keren tapi gak  like dan subscribe, Bruhh",0,2025-11-06T05:56:06Z,1,False
@TydonAxe,Btw aku bukan penonton baru ya aku dah nonton vidio ini dari 3 bulan lalu berkali kali (aku dah lek dan subkreb),0,2025-11-06T05:57:45Z,0,True
@ghaniabdul-b9b,dongeng yg cukup menghibur,0,2025-11-06T03:51:05Z,0,False
@Jayandaruww,Video ini enak buat pengantar tidur,0,2025-11-05T19:50:39Z,0,False
@ardyhciieviolet2035,"saya kurang paham dlm menilai atau mengkritik sebuah narasi,
tp menurut sya cara abang menyampai kn itu sdh bisa membuat pendengar mulai sadar dn membuka mata dgn ke ada'an bumi skrg. 😊",21,2025-11-05T17:38:43Z,0,False
@joelbellington,2:44 kaget,0,2025-11-05T16:49:16Z,0,False
@nlocollection9539,Maha Suci Allah dengan segala ciptaanNya,0,2025-11-04T16:12:44Z,0,False
@oktanifarika89,Manusia adalah makhluk tersombong dan rakus🥹,0,2025-11-04T03:14:41Z,1,False
@Neuv-05,Berarti elu juga rakus dan sombong,0,2025-11-16T00:18:49Z,0,True
@TarsieAja,Kereeennn polll👍👍👍,0,2025-11-04T02:46:47Z,0,False
@dokterkoko,Bumi ciptaan Allah. Kita pun ciptaan Allah. Saling menjaga.,1,2025-11-03T23:50:50Z,0,False
@ArthurImmanuelSidjabat,CGI . Earth is FLAT,0,2025-11-03T17:21:17Z,3,False
@rulzsenpai03,Jika bumi datar mengapa ada perbedaan waktu coba jawab kalo lu pinter,0,2025-11-25T02:56:09Z,0,True
@ArthurImmanuelSidjabat,​@rulzsenpai03💧💧💧,0,2025-11-25T05:52:41Z,0,True
@ArthurImmanuelSidjabat,​@rulzsenpai03ler,0,2025-12-23T22:44:08Z,0,True
@SedotMahalat,"Keren konten nya bro ingin hidup lebih lama lagi, 😢",0,2025-11-03T14:18:53Z,0,False
@panjiadri7474,"Tak ada yang abadi di alam semesta ini, kematian bintang raksasa awalnya dari sebuah kehidupan",0,2025-11-03T10:42:55Z,0,False
@utility_account,Tanyain meta AI biar tau😂😂,0,2025-11-03T08:31:39Z,0,False
@masmunandar1662,"Allahummasholialasayidina.Muhamad,waalaalisayidina.Muhamad.❤❤❤❤❤.",0,2025-11-02T23:04:14Z,0,False
@ylfata,"ada nya manusia di bumi,turunya adam dan hawa dari surga. itu baru benar..",1,2025-11-02T17:41:29Z,1,False
@AminMaruf-x2x,"Iya bnar,  itu  menurut agama sains itu ilmu logika manusia dgn sgala keterbatasannya 😊",0,2025-11-16T13:43:54Z,0,True
@indragandhi2904,Wao,0,2025-11-02T12:37:46Z,0,False
@dewirosalina5391,Masa manusia dari binatang🤣 gila lu dro,0,2025-11-01T23:34:00Z,0,False
@gembel_g13,thanks,0,2025-11-01T17:47:46Z,0,False
@TheKaval79,Mahluk besar asal mula dari mana.... Bekom diceritakan,0,2025-11-01T17:06:09Z,0,False
@Moh_Irzan,Terimakasih Nasi Angkasa. Saya lebih percaya proses penciptaan alam semesta menurut sains.,0,2025-11-01T16:04:15Z,0,False
@SutikopusakaPusaka,Tau dri mana .. emngnya kmu yg mencipta😂😂😂,0,2025-10-31T22:02:32Z,1,False
@Neuv-05,"Ya belajar lah anj,ini tuh menurut sains,lu yg ga ngerti mending diem aja",0,2025-11-16T00:19:57Z,0,True
@awf99,Dari mikroorganisme jadi jirayut,0,2025-10-31T18:11:26Z,0,False
@jamiatunfatah8562,Terimakasih bang❤,0,2025-10-31T10:08:51Z,0,False
@raden9486,Waduh moyang manusia monyet. Elu aja yang keturunan monyet min lah. Jangan ngajak2 orang,0,2025-10-30T16:41:20Z,0,False
@Netizen_indo.62,Dengerinnya keren banget,0,2025-10-30T14:36:19Z,0,False
@triafebriyanti9797,makna yang super duperr deepp banget😭😭 bikin makin bersyukur masyaAllah🥹🥹,0,2025-10-29T15:42:05Z,0,False
@roesmantowasito570,Ini konten islam ya,0,2025-10-29T07:37:49Z,0,False
@KarMuji-nc6ij,Iya setuju bagus kayanya bumi kita juga Sebagai manusia yg menjaganya .tapi kita juga yg bisa bikin bumi kiamat dgn merusak keasrian bumi yg indah ini hanya dgn materi semua d rusak 🤔🤦✌️👏... Ayolah stop bikin gedong pencakar langit .tambang2 rusak laut dll,0,2025-10-28T14:04:48Z,0,False
@bahajjklak1694,"Jika alam terbuat dr supernova maka jin  dan iblis dr supernovitasari, mana bisa sesuatu yg ada menciptakan sesuatu yg tak terlihat, jadi sampai sini supernova tdk benar, yg benar DICIPTAKAN, bukan karna ledakan, Allohumma solli ala muhammad",0,2025-10-28T13:55:16Z,1,False
@Neuv-05,Kan ini menurut sains,0,2025-11-16T00:20:52Z,0,True
@RilexStory,LennelasaninijhrssejalandgagamA,0,2025-10-28T08:24:20Z,0,False
@Sharoncotur,"Ternyata mahkluk hidup khususnya manusia terbuat dari serpihan dari ledakan bintang tata surya miliayaran tahun lalu, tpi ada pertanyaan saya bagaimana dengan yg tertulis di dalam kitab suci apakah ada korelasinya dengan cerita ilmiah yg diatas?",0,2025-10-28T07:57:26Z,0,False
@RimaRima-i5y,Saya dan keluarga..murni keturunan nabi Adam .silahkan klau Klian beranggapan bahwa anda keturunan monyet,0,2025-10-28T04:11:27Z,1,False
@Neuv-05,"Hadeh,ini kan menurut sains mbak,bukan menurut agama",0,2025-11-16T00:21:27Z,0,True
@didinshihabudin6271,Bang request 30 menit mengerikannya anies baswedan,0,2025-10-27T15:14:58Z,0,False
@hardiaja7806,"ini cerita bo ong,ga mungkin tiba2 muncul manusia,wa dibohongin sama buku sejarah buatan yahudi,jelas alquran lah yang menerangkan dengan benar",0,2025-10-27T14:18:17Z,1,False
@Neuv-05,"Kan menurut sains anj,bukan menurut agama",0,2025-11-16T00:22:39Z,0,True
@oranggagal-s9z,coba bahas siapa penemu/pencipta semua bahasa manusia dari semua negara😂,0,2025-10-27T13:38:36Z,0,False
@beneranhery5194,ada kemungkinan makhluk hidup di planet lain ngga?,0,2025-10-27T12:55:19Z,0,False
@BambangWey,"Request bang, semengerikqn apa Bahlil..
Terserah Bahlil apa, pkoknya Bahlil 😊",0,2025-10-26T16:32:46Z,1,False
@utility_account,Dasar....    Jelasin kocak😠😠😠😠,0,2025-11-03T08:32:49Z,0,True
@tankmerkava-u5d,Xcvx,0,2025-10-26T15:38:55Z,0,False
@Bopelunited,Maha kuasa Tuhan,0,2025-10-26T04:10:04Z,0,False
@BUNDAKUBUNDAKU-f7u,"Di sanalah Ras tak diinginkan berbiak dengan cepat,mereka melahirkan anak anak haram mereka sehingga memenuhi pulau nya dan harus menjajah pulau suku lain,,Ras itu ras terkutuk,yg di berinama Ras Hama jawa",0,2025-10-26T02:58:48Z,0,False
@ovanfifatalviansyah3249,.,0,2025-10-25T16:02:38Z,0,False
@JayamandiriWalindo,Dari mana tahunya kok bisa cerita hayal gitu,0,2025-10-25T15:21:13Z,0,False
@Halwa_addict,Bagus utk introspeksi,0,2025-10-25T13:55:06Z,0,False
@IkaWahdan,"Dari bumi yg kering yg mengandung zat2 kimia d guyur hujan dari langit yg mengandung oksigen tibulah suatu sel kehidupan yg tumbuh dn evolusi menjadi karang dn lumut d lautan lumut dn karang itu menyerap nutrisi dari panas suhu bumi menjadi makhluk yg bergerak menuju ke dalaman laut dn keluar ke pesisir pantai tanah dn berevolusi dari bentuk yg bersirip dn berkaki menjadi hewan laut dn hewan bumi dn lumut dn karang itu juga menyemburkan sepora menuju tanah dn hidup menjadi pepohonan inilah kenapa d dlm al, quran semua makhluk hidup yg d bumi kami ciptakan dari air dari air lah sumber kehidupan mahluk d muka bumi baik tumbuhan dn binatang yg seiring waktu tumbuhan dn binatang berevolusi dri tumbuhan dn hewan purba menjadi tumbuhan dn hewan yg beraneka macam d bumi",0,2025-10-25T05:52:57Z,0,False
@IkaWahdan,Kepunahan dinosaurus dn tumbuhan2 purba menjadi kompos penyubur bumi,0,2025-10-25T05:35:47Z,0,False
@ceomuda001,"Masih belum bisa memahami yang diajarkan di buku IPS ""manusia pertama di bumi adalah AUSTRALOPHITECUS AFARENSIS"" tapi yang diajarkan di  buku agama Islam meyebutkan bahwa ""manusia pertama adalah nabi Adam as""",0,2025-10-25T02:22:06Z,0,False
@Dii86,Manusia itu dari ikan.,0,2025-10-24T20:45:20Z,1,False
@Neuv-05,Teori apa lagi ini🗿,0,2025-11-16T00:23:08Z,0,True
@indraaluminium5836,di planet bumi isinya pejabat korup..,0,2025-10-24T16:56:32Z,0,False
@TriLaksana-t1x,Bukanya bumi itu ada air adaya tabrakaan dari komet yang mebawa air...,0,2025-10-24T13:24:34Z,0,False
@murnidaengcaya6169,Manusia atau mahluk hidup apapun tak akan pernah bisa menghancurkan Bumi.. Itu kenyataan pertama.. Kedua.. Manusia tak bisa memungkiri lahir.. Hidup.. Berkembang / Tumbuh lalu mati dan  di telan bumi kembali .. Kecuali astronout yg mati di luar angkasa dia tidak di telan bumi jasadnya.. 🎉🎉,0,2025-10-24T13:05:56Z,0,False
@supriadi6169,Ini chanel luar biasa,0,2025-10-24T12:08:22Z,0,False
@alvinodaffamuafaq878,Dongeng sebelum tidur,0,2025-10-23T18:28:58Z,0,False
@alfanjawa,Tidak percaya Tuhan yah ? Wkwkwkw,0,2025-10-23T16:00:09Z,1,False
@Neuv-05,"Ini kan menurut sains,bukan menurut agama",0,2025-11-16T00:23:39Z,0,True
@jubek2349,Betapa mengerikannya penghuni planet bumi yaitu manusia 😂,0,2025-10-23T15:37:18Z,0,False
@saifulhuda2331,biyuuuuhh kemeroh😅😅😅,0,2025-10-23T14:21:25Z,0,False
@gianendra6728,"Apakah memang benar hadirnya spesies manusia adalah babak terbesar dari sejarah bumi ????
Ataukah kita hanyalah fragmen kecil dari sebuah rangkaian peristiwa maha besar yang akan segera musnah seperti spesies pendahulu kita dan setelah itu semua satu periode baru segera dimulai ????",0,2025-10-23T10:51:14Z,0,False
@danangbagus9403,"Dari awal sampai akhir saya nonton video ini , dalam hati saya berkata, ah apayaa, ah apayaa sih .",0,2025-10-23T09:46:47Z,0,False
@FaktaZaman-u1z,Bagus infonya.,0,2025-10-23T08:38:37Z,0,False
@JokoPetir-i3t,"'bang ceritakan 30 menit betapa mengerikannya dompet saya"" 😢",0,2025-10-23T04:24:40Z,0,False
@rinaldymf,"Request juga dong mas "" 30 Menit Memahami isi Otak Penggangguran Indonesia """,0,2025-10-22T22:46:48Z,0,False
@pwart_ofc,Pasti ada yg komen TUHAN TUHAN & TUHAN serta doa2 ayat2 makan tu tuhan dan doa serta ayatnya,0,2025-10-22T13:49:08Z,1,False
@Neuv-05,"Asli,banyak bet orang yg kek gitu,bikin malu agama sendiri🗿",0,2025-11-16T00:24:26Z,0,True
@jourdisumardi3302,"kalau boleh kasi saran, mending kasi backsound bang biar enjoy, kayak lagu snowfall gitu, apalagi ini bahas planet gitu kan, jadinya lebih oke :)",0,2025-10-22T12:49:27Z,0,False
@jekpriyanto5984,"Kaget banget tiba2 abanganya keluar wkwk
gw kebanyangnya tim NASI pada pake jas putih, di ruangan serba putih, terlihat sangat intelect wkwkw",0,2025-10-22T09:17:52Z,0,False
@SyarifaAini-wy7ys,Hayalan para ilmuwan,0,2025-10-22T00:33:04Z,0,False
@Egidius-r8y,luar biasa,0,2025-10-21T22:46:40Z,0,False
@safarjahidin3969,ok,0,2025-10-21T18:33:41Z,0,False
@khabibchannel7270,Untung hanya fiksi😅,0,2025-10-21T16:47:27Z,0,False
@AriSaputro-mo6nu,🤔,0,2025-10-21T16:44:22Z,0,False
@syamhilal,"Ilmu boleh dipelajari,tapi Allah maha besar tiada tandingannya,maka takutlah kepadanya",1,2025-10-21T16:19:01Z,1,False
@Neuv-05,Ga nyambung,0,2025-11-16T00:25:36Z,0,True
@zaki1780,sesiapa yang menyokong perang itu lah pemusnah bumi,0,2025-10-21T14:03:57Z,0,False
@zaki1780,jadi cara pemahaman tuhan di dunia ini adalah salah,0,2025-10-21T13:55:46Z,0,False
@rudyadityapratama2043,"Menurutku spesies manusia yg termasuk kita itu murni keturunan langsung dari nabi adam, bukan keturunan dari manusia purba itu sendiri, evolusi sekian juta tahun manusia hanya berubah semakin pendek daripada nenek moyang kita nabi Adam AS, yg ku yakini jika manusia purba itu hilang dan punah karena keprimitifan nya, sedang manusia pertama Nabi Adam itu manusia yg mulia.",0,2025-10-21T05:00:10Z,0,False
@CiptoHartono-v7k,Ngapusi saat iku opo wes ono rekaman vidio😅😅😅,0,2025-10-21T00:54:05Z,0,False
@SuparnoSuparno-u5f,Allah maha kuasa maha mengetahui ❤😮😊,2,2025-10-20T21:59:50Z,0,False
@losslhor,bang jelaskan. bumi bulat pa datar,0,2025-10-20T18:18:55Z,0,False
@yibaba2194,"ya ya, lalu siapa yg membuat hampa  dan bintang ter gede itu, siapa yg meledakan dan siapa yg buat tiba2 begitot",0,2025-10-20T16:41:17Z,0,False
@maulanaadha9272,apakah manusia akan menciptakan kepunahan massal ke 6?🤔jika bumi sudah melewati 5 kepunahan massal...,0,2025-10-20T13:16:13Z,0,False
@mon70,Kita berpikir bahwa alien itu ada dan lebih  pintar dari kita bagaimana kalau kita adalah alien yg kita pikirkan selamaini dimasa depan menjelajahi alam semesta mencari dunia baru untuk ditempati dan bagaimana kalau kita adalah mahluk pertama yg mengisi. Alam semesta dan yg akan mengisi  planet planet yg layak di huni  mungkin kita adalah alien dimasa depan,0,2025-10-20T06:29:59Z,0,False
@RavaGalih-lz6zj,Bang request BETAPA NGERINYA TERMUL..,0,2025-10-19T19:50:49Z,0,False
@suriptohadipurnama6636,HEBAT LOE DARI MANA LOE TAU TONG..... NGARA NG AKEH LOE TONG....SEMUA KRNA ALLAH SWT....BUKAN KARNA BACOT KOSONG LOE TONG,0,2025-10-19T14:59:15Z,1,False
@Neuv-05,Malahan anda yg banyak omong,0,2025-11-16T00:27:45Z,0,True
@michbal3600,"Sambil di kelilingi perasaan terharu nonton nya, betapa besar karunia dan kuasa Allah SWT.",7,2025-10-19T12:56:05Z,3,False
@worshipsatin,Njir kaum bumi datar.,1,2025-11-15T13:08:04Z,0,True
@ayumanda-j4h,"​@worshipsatin kaum kera, suka usil percis",0,2025-11-21T16:08:27Z,0,True
@MeccaRozak,"​@worshipsatinpadahal di Qur'an tidak mempertegas bahwa bumi itu datar ataupun bulat, kok bisa kaum bumi datar ? 🤔",0,2025-12-12T14:45:13Z,0,True
@Antaresz,Semesta ini tercipta dari mata ketiganya dewa siwa!! Seluruh semesta ini berada dalam genggaman nya mahadev,0,2025-10-19T05:12:54Z,0,False
@MarblesHaba,Di bagian manusia kamu menyesatkan krn proses penciptaan manusia tdk sprti narasi yg kamu sampaikan,0,2025-10-18T18:05:41Z,0,False
@priyoxv9990,"Terlepas dari kontrovers Bentuk dinosaurus dan peradaban manusia, yang dislike video ini orang2 kyk pejabat zulhas yg terkejut hutan dibabat.",0,2025-10-18T17:04:37Z,0,False
@Dhafaspeed,Bahas hypernova,0,2025-10-18T12:34:24Z,0,False
@Dhafaspeed,GOKIL HABIS UNTUK TUHAN/ALLAH GILA SUPERNOVA KEREN BANGET!!!!!!!!!!!!,0,2025-10-18T12:33:56Z,0,False
@KetutNurini-p2l,"Aku, gak komentar,,karena aku gak pantas komen yang gak aku tau,,atau ,aku sok tau,,semesta yang tau segalanya,,hihihihi,,",0,2025-10-18T10:19:02Z,0,False
@KetutNurini-p2l,"Naaah itu,,kita makhluk paling sempurna, sekaligus ber bahaya 😂😂😂😂,,sudah cerdas dan juga pintar,,,cintaku padamu sayang ❤❤❤ smoga semua makhluk bahagia,,",0,2025-10-18T10:13:25Z,0,False
@KetutNurini-p2l,"Jangan kecewa,,yang sabar yang gak dendam,,solusinya ya sabar sayang kuuu ❤🎉",0,2025-10-18T10:04:56Z,0,False
@KetutNurini-p2l,"❤❤❤tuhan ampuni  kami smua,,kami makhluk yang bodoh banyak keinginan di bumi ini,,kami akan belajar dari alam semesta untuk berbuat yang lebih baik,,ampuni kesalahan kami smua,,love you ❤❤❤🎉🎉🎉",1,2025-10-18T09:59:37Z,0,False
@my_sweetNass,"tadinya mau nonton
tapi pas narator nya medok gajadi 😂",0,2025-10-18T04:30:14Z,0,False
@IbnuKhalid-j4b,"Manusia pertama di ciptakan oleh Allah nabi Adam.. 
Jangan Percaya sama teori Darwin yg ngaku ga punya tuhan",0,2025-10-18T03:45:43Z,0,False
@KomdigiKominpo,Dari mana narasi ini muncul?,0,2025-10-18T02:56:18Z,0,False
@QueenaMaryam,ALLAH KUASA MAHLUK TAK KUASA,0,2025-10-18T01:48:27Z,0,False
@HermonRasyidin,Gw udah fokus nonton dari awal pas muncul dinosaurus ahh sudah lahhh gw pamit dulu 😂,0,2025-10-17T20:59:56Z,0,False
@MiftahFauziAbadi,Dongeng yang bagus,0,2025-10-17T18:09:24Z,0,False
@ServiceYourHeart,"Dalam video ini, salah satu kehancuran konsepnya yaitu tidak jelas lebih detail asal-usul terbentuknya manusia. Jadi menurut saya video ini hanyalah sebuah cerita yang dibuat-buat.",0,2025-10-17T17:21:05Z,0,False
@wearemrx3068,"Sesungguhnya Kami telah menawarkan amanat kepada langit, bumi, dan gunung-gunung; tetapi semuanya enggan untuk memikul amanat itu dan mereka khawatir tidak akan melaksanakannya. Lalu, dipikullah amanat itu oleh manusia. Sesungguhnya ia (manusia) sangat zalim lagi sangat bodoh. 
Q.S Al-Ahzab · Ayat 72",0,2025-10-17T14:26:59Z,0,False
@RevainPardede-x7y,Dari mana asal nya manusia purba itu kok gak di jelaskan detail nya yg lain di jelaskan 😂😂,0,2025-10-17T12:54:52Z,0,False
@Zuckerberg-z9d,ET out PK out,0,2025-10-17T10:37:56Z,0,False
@WidiaNerisma,"Pertanyaannya, dari mana informasi ini di dapat ?",0,2025-10-16T21:45:50Z,0,False
@YappyJoseph,"Hehhehe teori konspirasi lagi,,,, 😅😂😂😂😂",0,2025-10-16T15:29:36Z,0,False
@lewidarmawan2931,Membelah bulan,0,2025-10-16T15:01:39Z,0,False
@yessymeilan8755,akhirnya saya bisa melihat wajah asli pembawa narasi nasi angkasa...terimakasih bang sdh membuat rasa penasaran kami hilang...teruslah berkarya dan memberikan informasi yg bermanfaat bagi byk org...❤😂😅😊,0,2025-10-16T07:54:57Z,0,False
@huuriyahtarismacantik6386,kita termasuk golongan homo sapiens,0,2025-10-16T05:09:47Z,0,False
@andrian6148,"Manusia tidak berusaha menghancurkan bumi, tapi manusia berusaha menghancurkan spesiesnya sendiri, karna bumi akan tetap hidup, mau itu tsunami yang menenggelamkan dunia, gunung meletus di seluruh dunia, bumi akan tetap pada siklusnya, ntah ratusan, ribuan, bahkan jutaan tahun, bumi akan tetap menjadi bumi, tapi manusia? Mereka yang akan hancur",2,2025-10-16T04:24:49Z,1,False
@sugiarti_1966,"Tapi manusia yg baik akan tetap ada krn) tujuan manusia tercipta salah satunya untuk menggarap bumi

Kejadian 2 : 15

 bumi akan di wariskan kpd Orang-orang lembut hati

Matius 5 : 5 

Kita nanti bertetangga semua orang baik krn orang jahat akan di musnahkan .

Mazmur 37 : 9 - 11",0,2026-06-08T20:07:49Z,0,True
@udinsedunia8348,"Sungguh teori EVOLUSI adalah lelucon imiah yang paling laris dipakai untuk menidurkan umat manusia........hehehehehehe
Lumayan cukup menarik dengan bumbu teori EVOLUSI ini.",0,2025-10-16T00:25:17Z,0,False
@kvnmaul7,Kementerian kehutanan kasih tontonan begini biar tobat ga ngerusak alam @kemenhutRI,0,2025-10-15T19:41:18Z,0,False
@AzulFausi,SANG BINTANG MULAI KEHILANGAN KENDALI ATAS TUBUHNYA SENDIRI. 🔥,0,2025-10-15T17:04:46Z,0,False
@ZippoPassAdzan,"Nasi angkasa, ngarang lu bebas.. Ngerti Al-syahada aja gak.. Malah ngarang awal penciptaan dunia awal semesta al-syahada..",0,2025-10-15T16:44:01Z,0,False
@AmdyAnwar,Omong kosong ini. Dadi mana kalian tau itu ssmua.. ngarang.. sesat ini,0,2025-10-15T15:37:04Z,0,False
@ayahqyara2965,nabi Adam kemana bang? 😅,0,2025-10-15T14:45:52Z,0,False
@ayahqyara2965,Dari platet itulah terlahir para Koruptor2 dan ternak- ternak MULIYONO,0,2025-10-15T14:40:59Z,0,False
@nekbal20,"ternyata di seluruh alam semesta memiliki pola kehidupan berulang,terkhususnya bumi,telah melalui pola kepunahan massal dan kehidupan baru yg berulang,mungkin (kiamat) adalah pola yang sama yg akan memusnahkan kehidupan massal manusia nantinya dan dalam waktu yang teramat lagi bumi akan mengulang pola itu dengan evolusi yang bahkan umat manusia tak mengetahui nya,bahkan alam semesta pun tak pernah abadi,dia hancur tapi melahirkan kehidupan"" baru dari kehancuranya dalam waktu yang teramat panjang,dan jika ada kehidupan selanjutnya di evolusi masa depan,apakah anda tertarik,untuk mengharapkan hidup sebagai manusia kembali?",0,2025-10-15T06:29:49Z,0,False
@Fyu_chai13,Dari mana datangnya dinasaurus min?,0,2025-10-15T06:09:28Z,0,False
@afdhalsyah,"Kereeen... kaya bukan buatan orang indo, jujur td gue kira dari discovery channel. Ternyata channel indonesia",0,2025-10-14T19:17:45Z,0,False
@FiriFira-p8c,Request betapa mengerikanya Megawati,0,2025-10-14T18:08:12Z,0,False
@alviansetiadi2976,Manusia dari sel 😂 dari mamalia berbulu wkwkkwkw hanya teori. Lebih yakin dengan kekuasaan Alloh nabi adam dan hawa diturunkan di bumi,0,2025-10-14T16:41:08Z,0,False
@Fadal-n9l,🙏🙂,0,2025-10-14T15:18:10Z,0,False
@Fadal-n9l,🙂🙏,0,2025-10-14T15:16:28Z,0,False
@azkiara27,niscaya,0,2025-10-14T15:10:47Z,0,False
@banktop6180,Ini yg tau cerita awal nya kira kira siapa ya?,0,2025-10-14T14:29:49Z,0,False
@fahrezirafid8,Epic banget ni video!,0,2025-10-14T13:37:44Z,0,False
@Kangdjiee,Semoga kita semua selalu dipermudah segala urusan-Nya,1,2025-10-14T13:14:07Z,0,False
@Flawrenzha,"Memang Allah-lah sebaik-baiknya Sang pencipta.. kamu tau ada kuman di dalam badan kuman ? Dan didalam badan kuman yang ada di tubuh kuman itu ada kuman nya ? 😅

Allahlah sang pencipta semuanya Bukan cerita cerita yang belum pasti kebenarannya.. tapi berbagi untuk ilmu itu tetaplah baik",0,2025-10-14T12:49:30Z,0,False
@teguhpracoyo3179,Keren banget sejarah bumi tercinta dari bintang yang mati kehidupan mulai berproses 👍👍👍🙏❤️💚💚💚 salam sukses selalu Min 🤝👍👍👍🙏❤️❤️❤️,0,2025-10-14T12:30:48Z,0,False
@gunawanjaya9655,"Part mahkluk laut oke masuk akal. Tapi untuk kenapa dinosaurus bisa ada sepertinya ada puzzle yang hilang bang atau memang sama seperti mahkluk sebelumnya, hasil dari evolusi mahkluk yang tersisa sebelumnya?",0,2025-10-14T10:32:39Z,0,False
@ANDRIEDRAKNESS,"ngarang bearasal dr abu bintang,,bodoh kauu",0,2025-10-14T09:41:36Z,0,False
@ANDRIEDRAKNESS,"hahah pengikut si chrles darwin kalo mnusia dr monyet,,tenn otten bodoh",0,2025-10-14T09:38:56Z,0,False
@ANDRIEDRAKNESS,"dr judul aj udh kliatan konten dungu otten,,planet bumi mengerika //??? ten otten",0,2025-10-14T09:36:47Z,0,False
@ANDRIEDRAKNESS,pertanyaanya dr mana awal mula mnusia kok lgsng muncul otten ?,0,2025-10-14T09:35:47Z,0,False
@ANDRIEDRAKNESS,udh gua duga manusia brasal dari mamalia aloais moyet ten otten lucu kalo lg mendongeng elu brasal dr mamalia monyet berati tennn oten hhahahha bodoh,0,2025-10-14T09:34:29Z,0,False
@ANDRIEDRAKNESS,pertanyaan elu yg lg ngomong mnusia berasal darimana otten ??/,0,2025-10-14T09:30:17Z,0,False
@ANDRIEDRAKNESS,asumsi tanpa ilmu iitulah pengikut si paulus lg mendongeng,0,2025-10-14T09:23:40Z,0,False
@AmatAmat-ef3ph,Indah banget visuap dan enditing nyaa semangat bg😊,0,2025-10-14T08:07:39Z,0,False
@AnimasiKocak,Dari sini Aku belajar untuk menurunkan ego ku.,0,2025-10-14T05:04:24Z,0,False
@amelias9259,"Ahh suka banget video ini, narasinya indah. Trimakasih telah membuat video ini🥹",0,2025-10-14T03:28:36Z,0,False
@davidtyas8006,Keren,0,2025-10-13T15:41:31Z,0,False
@dder1s,Betah banget gua nonton ginian sebelum tidur ❤,1,2025-10-13T15:20:08Z,0,False
@eggelbreeclips,loh kok aku baru nemu channel se epik ini bhs indonesia lagi,0,2025-10-13T15:19:41Z,0,False
@AbdulRahim-gc5nc,Kenapa kiamat zaman Nabi Nuh tidak dibahas?,0,2025-10-13T13:48:24Z,0,False
@ucokjava9649,Jangankan di planet sekarang di Konoha aja udah ngeri bg,0,2025-10-13T09:16:50Z,0,False
@theloniusjaha5592,Wow,0,2025-10-13T08:36:46Z,0,False
@hanifiddindin2995,👌🤠,0,2025-10-13T06:45:47Z,0,False
@playwithnyc,"dpr bang coba, gak perlu di jelasin kayanya udh keliatan jelas betapa mengerikannya y bg",0,2025-10-13T03:37:05Z,0,False
@akusiapa2z2,"Mantap bng terima kasih habis nonton video ABNG saya jadi banyak bersyukur hidup di bumi,dan terima kasih bumi udah izinkan manusia hidup di bumi walau manusia menyakitimu 😢",0,2025-10-13T02:53:23Z,0,False
@ilhamkhairiel,"Semua ini adalah ciptaan Allah ta'ala, kita hendaknya selalu menuji-Nya dan bertasbih kepada-Nya, kita hidup dibumi cuma sebentar dan merupakan tempat diujinya amal manusia sampai ia mati. Nanti setelah kematian akan ada kehidupan baru dimana semua manusia akan mempertanggunjawabkan amal perbuatannya setelah itu baru ditetapkan apakah dia penghuni surga atau neraka.",0,2025-10-13T01:18:31Z,0,False
@ZUBAYR0304,"Request bang, betapa mengerikan nya termul.",2,2025-10-12T19:29:37Z,1,False
@WidiaNerisma,😂😂😂 bukan kolomnya bang.,0,2025-10-16T21:45:25Z,0,True
@RahmatDani-y9b,Lebih ngeri lagi klo anis jdi presiden,0,2025-10-12T18:05:48Z,0,False
@PMproject381,Reques 30 menit Jamrud bang,0,2025-10-12T16:48:39Z,0,False
@cutemeishodoto,serius gua nonton ini secara gratis ?,0,2025-10-12T16:19:28Z,0,False
@KurniaAsih22,Tanpa Ada keterangan kita gelap.. Kalo tidak Ada cahaya  kita mahluk  kegelapan.. Inilah bumi kita  ..makanya Allah swt  turunkan  utusan cahaya.. Dan  matahari.... Itulah maha sayangnya  Allah swt.. Sama bumi dan mahluknya.. Allahu akbar.. Trimakasihku sama  Allah swt 🤲🤲🤲,4,2025-10-12T15:18:32Z,0,False
@YadiaelDoniDoni-sx7hx,Semua masa ada ahirnya...termasuk masa ini...,0,2025-10-12T15:18:29Z,0,False
@mnadeak5835,"awal kehancuran dunia ini adalah UANG
ketika uang menjadi alat tukar maka disitu lah manusia semakin menjadi
gila mengumpulkan uang dan berlomba menjadi kaya
maka dari itu muncul lah ide2 seperti pertambangan yang notabene adalah sesuatu yang menghancurkan bumi itu sendiri
begitu juga dengan bisnis lainnya",0,2025-10-12T14:36:00Z,0,False
@neriaomega,Bumi datar wooiii...,0,2025-10-12T14:35:22Z,1,False
@Ricopabloescobar,Pasti versi dogma dan doktrin 😂,0,2025-10-12T14:44:34Z,0,True
@gemilang_gemilang,literasi ngarangg,0,2025-10-12T14:34:55Z,0,False
@ahmadanjas8867,Kren,0,2025-10-12T13:04:19Z,0,False
@GoesTraveler,"Lahir, Hidup, Mati. 
5 unsur yg ada dlm tbuh kita, Air, Api, Angin, Tanah, Akasha(ruang). Ketika mati, kembali unsur-unsur tsb ke semesta.. Luar biasa",0,2025-10-12T12:28:07Z,0,False
@mrdarjo3681,Aku lebih percaya sains timbang kitab dlm agama.. Bahwa manusia itu berawal dari Transisi zaman bukan berawal dari Adam dan hawa.,2,2025-10-12T11:58:22Z,1,False
@SyarifaAini-wy7ys,Ateis,0,2025-10-22T00:30:48Z,0,True
@AccMall,Anomalocaris do it's best. I'm so proud of it.,0,2025-10-12T10:16:31Z,0,False
@MuhammadSaisal,"Semua cuma cocokologi dan kira2, apa lagi mengenai evolusi manusia.. 
Ini sangat bertentangan dengan apa yg diyakini oleh agamawan samawi, yakni yahudi, Kristen dan islam.. 
Mereka meyakini bahwa nenek moyang manusia adalah adam yg sudah tercipta sebagai manusia yg sempurna.. 
Titik nol debat.!!!",0,2025-10-12T09:14:40Z,0,False
@dnuwuw1577,"mas mau tanya, kalau mau baca jurnal/materi seperti ini cari dimana ya mas ??",0,2025-10-12T06:27:43Z,0,False
@enarsunarsih7236,Dengan menghargai bumi adalah cara terbaik untuk menghargai diri kita sendiri untuk itu sadar lah buat orang “” yang hanya memikirkan diri sendiri dengan merusak alam,0,2025-10-12T02:20:25Z,0,False
@Kingqcoffeekitchen,"Kemampuan narasi yang menakjubkan. Dengan AI, risetnya mungkin bisa ringkas. Tapi kemampuan script writer nya, gila. Awalnya saya sedih. koq content creator yang mengajarkan kearifan kehidupan begini, tidak/blm bs hidup glamor seperti byk cc sampah di dunia maya. Tp dari cara klen menyusun kata, sy sadar betapa kaya ilmu klen yang membuat content ini. sy sangat ingin klen dicukupkan Tuhan dg ilmu klen itu ya, sbg seorang ayah, sy doa smoga dg ilmu itu, klen bs hidup dg cara yg lebih bahagia, amin.",0,2025-10-12T02:17:21Z,0,False
@MirahChanel-kl5iv,Saya sangat suka dengan konten konten nya ya Mas,0,2025-10-12T00:55:15Z,0,False
@TOXIC_channel-01-v6t,"😂 siapa sih pengarang cerita ini..
Pantas lah lestari kebodohan di negara ini",0,2025-10-11T21:09:29Z,1,False
@rulzsenpai03,Lu kali yg bodoh kalo gw sih kagak😂,0,2025-11-25T02:58:22Z,0,True
@joveok-otrip2265,Min cb bahas 30mnt betapa mengerikannya cawe² dlm pemilu,0,2025-10-11T20:13:30Z,0,False
@quotes_islmaic,& Allah lah yang menciptakan semua itu karena sejatinya tidak ada sesuatu kecuali ada yang meng adakan /mengatur semua skenario itu Allah hu Akbar Allahu ahad❤,0,2025-10-11T17:45:06Z,0,False
@furrgetmelord,"Sejauh ini, ini adalah video yang menggambarkan fenomena supernova sampai zaman2 bumi deangan visualnya yang imaginatif, enak dilihat dan sesuai dengan penjelasannya. Salut, sama tim illustrator dan editingnya. Voicenya juga okee, ga bikin ngantuk. Ga lambat pembawaannya, jadi ga perlu dispeed up :D",0,2025-10-11T15:51:28Z,0,False
@herukirana5799,Allah maha besar sang maha pencipta langit dan bumi.. dan se isinya,0,2025-10-11T15:00:51Z,0,False
@bashatahamal5829,"Ada pertanyaan yg terus mengganggu, yakni kehadiran makhluk"" besar itu dari mana, pdhal pd awalnya didahului dg prokaroita.",0,2025-10-11T11:45:42Z,0,False
@Tomi-z7r,"JIKA MATAHARI SEMAKIN LAMA SEMAKIN MEMBESAR APA MEMUNGKINKAN BUMI MATI DAN DILANJUTKAN OLEH PLANET MARS, BEGITU JUGA SEBALIKNYA APAKAH PLANET DIDEPAN BUMI SEBELUMNYA ADA KEHIDUPAN YANG SUDAH MATI KARENA SEMAKIN MEMBESARNYA MATAHARI",0,2025-10-11T07:09:14Z,0,False
@rully.journeychannel,Selamat tidur kawan,0,2025-10-10T19:07:48Z,0,False
@LuqmanGobel,"hahaha...
ini teori orang atheis yg gak percaya TUHAN, silahkan kalo anda berhalusinasi bahwa manusia berasal dari monyet.
Tapi Saya Muslim Yakin manusia adalah keturunan Nabi Adam Alayhissalam.",1,2025-10-10T13:33:05Z,1,False
@xiao-kun,allah memberi manusia akal dan pikiran supaya manusia bisa berpikir kritis dan mempelajari rahasia dibalik kehidupan,2,2025-10-10T16:17:06Z,0,True
@syarifatulhd,"Dimulai dari diri sendiri, memilah sampah, krn membuang sampah pada tempatnya itu termasuk wajib dan paling basic sih",15,2025-10-10T12:20:38Z,0,False
@edwindarwadi24,Bumi hancur karena bahlil,1,2025-10-10T11:53:18Z,0,False
@itsmeyn1,Maa Syaa Allah...,0,2025-10-10T07:58:35Z,0,False
@hannasorayana,Otakku loading nya makin berat kl habis nonton konten² admin.. 😅,0,2025-10-10T01:06:21Z,0,False
@AufaCraft,Narasi  dibuat 100% akal..,0,2025-10-09T14:56:46Z,0,False
@rizalsyahfikri9810,bang request betapa mengerikan koruptor di Indonesia...,1,2025-10-09T14:44:33Z,0,False
@gallandromeda,Tetap saja mau sejenius apapun peneliti tetap saja masih tidak bisa menjelaskan secara detail bagaimana bumi terbentuk bagaimana bima sakti terbentuk bagaimana alam semesta terbentuk dan bagai mana kehidupan terbentuk hingga akhirnya kita manusia tercipta,0,2025-10-09T07:46:39Z,0,False
@Wayang_entertaiment,"Kalau manusia bisa berfikir dan mengambarkan semua dari awal terbentuknya bumi, lantas bisakah manusia mengambarkan dri  peradapan turunya nabi adam dan berbagai macam adat istiadat peradapan yg ada di dunia ini",0,2025-10-09T05:57:44Z,0,False
@x-man7-t2m,"Yg terlupakan disini cuman satu....tidak dilibatkanya campur tangan Tuhan...
Seolah semua terjadi secara alami...bagaimana mungkin dr alam api,alam air tiba-tiba jd penuh ragam kehidupan...🤷",1,2025-10-08T19:44:37Z,0,False
@TomiSamcoyo,"Induksi pas, masu pekerja sex intim 
Marose , rubisa caw 😃 ilubung bung",0,2025-10-08T13:54:16Z,0,False
@TomiSamcoyo,My day hubungan selesai hukum saat Rosa,0,2025-10-08T13:45:04Z,0,False
@TomiSamcoyo,Maffia 4 kosong bumi jagat hubungan,0,2025-10-08T08:53:24Z,0,False
@TomiSamcoyo,Tulisan hukum FBI selesai,0,2025-10-08T08:52:52Z,0,False
@TomiSamcoyo,"Bersama 
ATOA perlindungan bumi selesai",0,2025-10-08T08:52:17Z,0,False
@firzarahmans1783,Nasi..? Iya. kita perlu Nasi..,0,2025-10-08T07:40:36Z,0,False
@BerebutKursiBerbagiLahan,"Banyak yang komen kocak kocak kocak, lu diberi tahu dikasih ilmu, dikasih pengetahuan gratis, malah begitu woi. Sadar jing, makanya otak dan mata itu dipake buat pengetahuan luas, jangan liat yang tobrut mulu. Aneh kali bah",14,2025-10-07T21:21:24Z,12,False
@hanzi9475,Emang ada yang komen gitu?,0,2025-10-09T22:50:25Z,0,True
@xiao-kun,@hanzi9475 scroll aja pasti nemu,0,2025-10-10T16:20:25Z,0,True
@jayijayi-z5k,Kocak kocak gimana jingk?,0,2025-10-13T18:31:06Z,0,True
@BerebutKursiBerbagiLahan,​@hanzi9475cari aja sendiri dibawah banyak,0,2025-11-04T04:39:37Z,0,True
@BerebutKursiBerbagiLahan,​@jayijayi-z5kcari ajaa scroll dibawah banyak,0,2025-11-04T04:39:48Z,0,True
@ibondoank,Mendongeng,0,2025-10-07T20:44:12Z,0,False
@rozanaribahsiregar1099,Bang req seberapa mengerikan bahlil,0,2025-10-07T17:30:07Z,0,False
@PudoliDoli-o4n,Terllu jauh narasinya tidak ada yang tau alam ini di ciptakan,0,2025-10-07T15:01:38Z,0,False
@ipankurniawan-qi3bl,Ben mati kbeh kan bareng,0,2025-10-07T14:52:22Z,0,False
@cherrymiga1233,Mau nanya dapat info kehidupann di masa lalu dimana🙃🙃,0,2025-10-07T14:20:35Z,1,False
@xiao-kun,belajar sains kelak akan tau,1,2025-10-10T16:21:22Z,0,True
@Asalinb,"Yg jadi pertanyaan, bisa adanya manusia itu.",0,2025-10-07T13:51:14Z,0,False
@mapersis85bjrOfficial,Allahu Akbar💥,0,2025-10-07T10:01:49Z,0,False
@Annisaa274,"Jika dahulu oksigen adalah racun bagi kehidupan pertama kita, mungkun saja unsur yang muncul qkibat hal yang kita lakukan yang saat ini racun bagi kita. Mungkin ribuan tahun atau jutaaan tahun ke depan itu akan menjadi alat mereka untuk bernafas.",1,2025-10-07T05:50:57Z,0,False
@pabloeskopii,Jadi bumi datar apa bulat nih,0,2025-10-07T04:53:56Z,1,False
@xiao-kun,kotak,0,2025-10-10T16:21:48Z,0,True
@Marco-jv1ir,🌏,0,2025-10-06T20:56:16Z,0,False
@MOHADZULAPAI-g2e,Assalamualaikum.,0,2025-10-06T18:32:53Z,0,False
@sunay-k2h,Mantap ❤❤❤,0,2025-10-06T17:53:29Z,0,False
@diaharianti,"Ternyata bukan salah planet, tapi salah negara aja",0,2025-10-06T12:54:26Z,0,False
@Mas-bm8rz,"Kalau fersi FE gimana ya,,,,,,????",0,2025-10-06T11:56:16Z,0,False
@TomiSamcoyo,Indonesia induksi pas Lao,0,2025-10-06T11:10:29Z,0,False
@TomiSamcoyo,"Program hukum rumah, Lao atau pengorbanan, sapa mau coba coba 
HARJUNA GAYS bolo 
tomi samcoyo",0,2025-10-06T11:09:58Z,0,False
@TomiSamcoyo,"Kode , hukum pribadi kerja pribadi aman selesai",0,2025-10-06T10:06:38Z,0,False
@TomiSamcoyo,Satelit kartu prabayar,0,2025-10-06T10:05:30Z,0,False
@TomiSamcoyo,Power hukum aktif,0,2025-10-06T10:04:40Z,0,False
@TomiSamcoyo,"Kartu hukum prabayar Indonesia garis hukum hitam , lau ke digital atau menggunakan hukum dunia power , 
Jadi masukkan selalu power pribadi ke hukum keinginan Indonesia bumi",0,2025-10-06T10:04:25Z,0,False
@TomiSamcoyo,"Transfer atau kirim uang atau juir atau gao, 
Bisa digunakan bumi , 
Sidik atau yang sudah mempunyai kode , hukum la atau menggunakan nomor hukum kirim selesai",0,2025-10-06T10:02:26Z,0,False
@SjusjdjaSjusjdjajsjdjdjdj,Kita Ter cipta dari debu ngkasa,0,2025-10-06T09:04:39Z,0,False
@SjusjdjaSjusjdjajsjdjdjdj,Masi. Bertanyalah apakah mungkin ada kehidupan lain di luar sana,0,2025-10-06T08:53:48Z,0,False
@TomiSamcoyo,"Gao pribadi, golek gelek sek",0,2025-10-06T08:27:35Z,0,False
@TomiSamcoyo,"Bank center world Indonesia 
Jesu atau masuk ,",0,2025-10-06T08:25:05Z,0,False
@undangdanyrundana8316,Y lnjt bjm menyiac❤,0,2025-10-06T08:08:17Z,0,False
@hajirakbah6254,"Ini lebih ke doktrin... , sebagian itu masuk akal dan sebagiannya lagi bertentangan akal",0,2025-10-06T05:38:51Z,0,False
@SainiSan,Nabi Adam ?,0,2025-10-06T04:32:05Z,0,False
@juniorprogramming5793,ini riset fakta?,0,2025-10-06T03:32:40Z,0,False
@nafasmalam666,Mengerikan akan datang pada waktunya. Tinggal menunggu waktu,0,2025-10-05T18:11:59Z,0,False
@TansriFiz-z6x,"2025 ni siapa yang masih percaya dan msih pegang teori bumi bulat,dia adalah stupid people...bumi bukan bulat😠yg sebenarny bumi ni datar,rata dan ada hujung ny😠",0,2025-10-05T18:09:08Z,0,False
@berlinbernardo16,Jadi manusia ini drimana sih dari tuhan apa dari evolusi,0,2025-10-05T17:06:27Z,1,False
@sugiarti_1966,"Silahkn kunjngi jwdotorg dan di kolom pencarian silahkan Ketik 

Penciptaan versus evolusi yg mana yg anda percaya",0,2026-06-08T20:24:12Z,0,True
@MarzukiMarzuki2,Sudah ku simpan vidio sandal sepatu,0,2025-10-05T17:01:44Z,0,False
@senaarthana,Mntop 👌🙏,0,2025-10-05T16:46:00Z,0,False
@barseloarise1846,bang bahas 3 i atlas bang🙏,0,2025-10-05T11:15:31Z,0,False
@daryantobcb7026,"Adanya binatang besar kok ga dikupas darimn asalnya, ta😊u2 nongol",0,2025-10-05T10:06:49Z,0,False
@cougan1,wah ternyata bumi selalu update besar besaran yaa,0,2025-10-05T08:36:18Z,0,False
@indrapachee2010,Tak berdasar...menghayal. Ntah drimana data nya..,0,2025-10-05T07:28:55Z,0,False
@festivalpelajar.unggulan,"BAGUS BANGET VIDEO NYAAA, terimakasih atas inspirasi dan informasinya❤",0,2025-10-05T07:15:20Z,0,False
@agungarianto6527,top,0,2025-10-05T06:11:44Z,0,False
@edw2066,Adam hawa kemanain?! 😶,1,2025-10-05T06:11:38Z,0,False
@durdenzzz.1430,Logat jawa bjirg😂,1,2025-10-04T20:13:25Z,0,False
@muhammadroniriansyah5104,"yang jadi pertanyaan kenapa hanya pelanet ini (bumi) yang menjadi ""Bumi"", kenapa planet lain tidak? kan mereka dari supernova (zat2) yang sama",0,2025-10-04T09:48:02Z,0,False
@TomiSamcoyo,"Soge aktif, udang jobe , myunyam",0,2025-10-04T09:07:04Z,0,False
@TomiSamcoyo,"Induksi pas president abadi , automatis jam digital bumi bank center world,",0,2025-10-04T09:04:35Z,0,False
@TomiSamcoyo,Selamat studi pribadi bisa digunakan 😊,0,2025-10-04T09:03:02Z,0,False
@TomiSamcoyo,"Hukum aktif atau membayar pajak , sidik ok atau jaor atau suir sidik ok , studi ok",0,2025-10-04T09:02:02Z,0,False
@BentoKuki,Bang request : 1 jam betapa mengerikannya MBG,0,2025-10-04T08:42:09Z,0,False
@TomiSamcoyo,Pajak menggunakan hukum,0,2025-10-04T08:22:55Z,0,False
@TomiSamcoyo,"Hukum milik bisa digunakan, aju hukum pribadi, pemberi Tahuan hukum selesai",0,2025-10-04T08:22:24Z,0,False
@TomiSamcoyo,"Hukum milik , waktu pribadi, hukum sah area dunia jam digital, 
Dari jubi ke hukum pajak pribadi",0,2025-10-04T08:21:24Z,0,False
@TomiSamcoyo,Jalo hubungan selesai,0,2025-10-04T06:29:30Z,0,False
@TomiSamcoyo,Ok perusahaan program pajak ke kode milik start ke ok,0,2025-10-04T06:28:52Z,0,False
@TomiSamcoyo,Program gaeji atau pendapatan aktif ke hukum,0,2025-10-04T06:27:53Z,0,False
@TomiSamcoyo,"Jam digital Indonesia aktif,",0,2025-10-04T06:25:56Z,0,False
@TomiSamcoyo,"Indonesia perusahaan jasi intan pembuatan jalur gerak selesai, ke start pembuatan jalur, hukum perusahaan digital as Indonesia garis hukum hitam ,",0,2025-10-04T06:24:40Z,0,False
@TomiSamcoyo,"Hukum pajak metode ke atau hubungan, boleh",0,2025-10-04T06:22:30Z,0,False
@TomiSamcoyo,"Program aepo aman , Indonesia manusia dunia 😊",0,2025-10-04T06:21:37Z,0,False
@TomiSamcoyo,"Ke 7 total garis hukum import akhir pekan start president abadi Indonesia pertama,",0,2025-10-04T06:20:02Z,0,False
@TomiSamcoyo,"Indonesia keluar masuk selesai, induksi pas bintang hitam garis hukum aman dunia",0,2025-10-04T06:18:57Z,0,False
@TomiSamcoyo,"Hukum program, Indonesia sah juiri atau penentu pribadi atau mosem , ke program hukum milik ,",0,2025-10-04T06:17:47Z,0,False
@TomiSamcoyo,"Sah bumi bank center world, start alo ke hukum",0,2025-10-04T06:16:25Z,0,False
@TomiSamcoyo,"Dunia Indonesia, bank center world, Indonesia start ajo ke sah pribadi ok ok lu ok",0,2025-10-04T05:37:09Z,0,False
@TomiSamcoyo,President abadi selesai,0,2025-10-03T17:30:24Z,0,False
@TomiSamcoyo,"Hukum pajak , short dunia aktif,",0,2025-10-03T17:29:34Z,0,False
@TomiSamcoyo,"Signal negara , ajus bumi aktif",0,2025-10-03T17:28:22Z,0,False
@TomiSamcoyo,"Induksi pas , president abadi 🤭",0,2025-10-03T17:26:10Z,0,False
@TomiSamcoyo,Bank center world tomi samcoyo hukum pemimpin,0,2025-10-03T17:25:33Z,0,False
@TomiSamcoyo,"Pengajuan president abadi,",0,2025-10-03T17:24:55Z,0,False
@TomiSamcoyo,"Bumi kayak sabong , gak ada signal penghubung aktif milik ,",0,2025-10-03T17:23:04Z,0,False
@UntaPasir,Maknusia bodoh...buat patung anggap tuhan yg mencipta alam..benda murahan diangap tuhan...tuhan itu huakbar sesuatu yg besar..,0,2025-10-03T10:08:38Z,0,False
@SugonPardede,Pssti ujung2 nya manusia dari monyet 😂,0,2025-10-03T07:05:51Z,0,False
@AgungWicaksonoOfficial,Kenapa konten2 kaya gini sepi? Padahal saya paham gimana sulitnya bikin sebuah edukasi,0,2025-10-03T03:16:13Z,0,False
@ANILDAF07,bumi ternyata sudah mengalami RESET beberapakali,0,2025-10-02T18:06:12Z,0,False
@alimassidik3541,Not valid bukti ilmiah  nya ga ada,0,2025-10-02T14:34:16Z,0,False
@Streonew,Aku baca komen malah ngakak sama para atheis yang sibuk julid di kolom umat beragama 😂 hehe kasian ya kalian hidupnya ngga tenang 😂,1,2025-10-02T14:32:19Z,0,False
@atelitginting2854,Kejadian 1:1 Pada mulanya Allah menciptakan langit dan bumi,0,2025-10-02T11:47:32Z,0,False
@Jaaagal,"teori yang terlalu menyederhanakan alam semesta yang sangat rumit, bagaimana tentang deret  fibonacci, apakah tercipta secara kebetulan di alam semesta? manusia aja meniru konsep deret fibonacci untuk menciptakan disain body motor dan mobil 😊",0,2025-10-02T07:24:03Z,0,False
@muhammadgofur1745,"bang, kenapa pas zaman permian bumi malah jadi panas banget, tapi pas zaman kapur akhir malah jadi dingin kayak es? padahal kan sama-sama bencana besar yang satu banyak gunung meletus, yang satu kena asteroid. Harusnya dua-duanya bikin bumi panas dong? kok hasil akhirnya beda gitu?",1,2025-10-02T04:41:48Z,0,False
@yusufzawawy2468,Tidak ada yang tau tentang detail awal terjadinya alam semesta kecuali tuhan,0,2025-10-01T23:04:44Z,0,False
@yusufzawawy2468,"Itu hanya perkiraan,. 😂",0,2025-10-01T23:02:54Z,0,False
@lifechanel-r8w,halu bro,0,2025-10-01T22:37:52Z,0,False
@linsangmania4387,Sudah saya tonton berulang ulang tapi entah mengapa bagian ini selalu membuat saya terharu dan kagum atas ciptaan Yang maha kuasa...ini adalah vidio dan kisah terbaik dari Nasi Angkasa...terimakasih telah berbagi pengetahuan yg indah ini🙏,5,2025-10-01T17:52:12Z,0,False
@brochannel3381,Nasi,0,2025-10-01T16:34:37Z,0,False
@Cinta_Desa,Awal mula munculnya dinosaurus gak kebahas sayang sekali langsung muncul dinosaurus,0,2025-10-01T15:00:46Z,0,False
@MeimaxMeimax,Sungguh indah ciptaan TUHAN kita harus nya sadar karena semua nya suda tercatat di dalam Alkitab 🙏🙏🙏🙏🙏🙏🙏😭😭😭😭hormat Abang trima kasi buat video nya sangat bermanfaat,0,2025-10-01T13:38:50Z,0,False
@TiyoKendo,"asal usul dinosaurus itu dari makhluk apa, kenapa tiba-tiba muncul dinosaurus",0,2025-10-01T13:36:00Z,0,False
@rianhendrawan2433,"Sangat Bermanfaat bang, semoga sukses,..,",0,2025-10-01T12:06:47Z,0,False
@vlorara7134,"Fyi aja bang, sumber utama oksigen itu di laut dari microba",0,2025-10-01T03:08:43Z,0,False
@ahmadyusuftajirin9803,Kenapa ga dibahas manusia pertama min??,0,2025-09-30T14:52:23Z,0,False
@vijaynarko1100,"Volume musik nya terlalu berisik, apalagi kalau didengerin lewat speaker eksternal. Jadi susah fokus ama narasinya",0,2025-09-30T14:16:00Z,0,False
@WilayahGameCoy,"Ini semua karena ulah iblis , bukan murni manusia",0,2025-09-30T14:08:51Z,0,False
@johnsquad1092,Terlalu halu 😂😂😂,0,2025-09-30T10:54:04Z,0,False
@syarif723,"Bersyukurlah kura di rakdirkan oleh ALLAH SWT sebagai kholipah di bumi,",1,2025-09-30T09:58:32Z,0,False
@muhammadalakbar3606,The Globe earth,0,2025-09-30T09:26:46Z,0,False
@PrimaHara-q1l9f,"lu banyakan halu bng jd bocah fiktip😂
dunia diciptakan lbh dlu dr manusia, tpi manusia bisa tau proses terciptanya dunia😂",0,2025-09-30T06:23:49Z,0,False
@appril4,terhau banget huaa sangat amat bagus,0,2025-09-30T05:15:42Z,0,False
@citramentar,"Maksudku bumi normal pada awalnya adalah rumput dan tumbuhan , dan tumbuhan pohon dan rumput itu seperti milik bumi, apakah jika banyak gedung tinggi di muka bumi dan manusia mendominasi bumi apakah itu termasuk manusia bagaikan kuman gatal hingga membuat banyak jamur tinggi di bumi , apakah bumi tidak gatal seperti manusia yang terserang penyakit kulit ya. ?  Seperti kurap dan kudis . Apakah bumi ini tak menolong dirinya sendiri seperti dengan salep ? 😅 , berarti bumi menamakan kita itu manusia . Seperti manusia menamakan virus bernama kuman ???!!!!!!! 🎉",0,2025-09-30T04:17:39Z,0,False
@citramentar,Manusia bukan dari simpanse tapi dari kuman sel paling kecil jika bumi terus kiamat berulang ulang 🎉🎉🎉🎉😅,0,2025-09-30T04:08:59Z,0,False
@citramentar,Apakah asal usul manusia dari bibit terkecil ya dari kuman lalu berkembang biak dan bermutasi 😮,0,2025-09-30T04:06:01Z,0,False
@citramentar,"Apakah bumi juga akan kiamat lagi ya , itu pasti sih dan semua akan hilang hingga lalu manusia bagaimana bisa hidup dan tinggal? Sejatinya kita adalah ruh di tubuh .",0,2025-09-30T04:03:24Z,0,False
@citramentar,"Sangat mengerikan , karena manusia sangat kecil seperti kuman , bagaimana jika mahkluk terbesar dari bumi menyemprotkan sanityzer maka manusia yang 99% menjadi 5% 😊 . 
Maksudku apakah kehidupan seekor kuma juga sangat indah seperti manusia 😮",1,2025-09-30T03:59:34Z,0,False
@Mayangkara-y1h,"Berpendapat boleh dong.bahwa unsur terkecil dari benda adalah cahaya.begitu di sebaliknya cahaya akan membentuk secara alami menjadi benda.
Jadi ketika bumi ini hancur akan menjadi cahaya sebagai unsur terkecil dan sebaliknya pula akan membentuk menjadi bumi.🙏",0,2025-09-30T01:37:16Z,0,False
@Lowfly-bg4hr,Lah bukan nya bumi itu datar,0,2025-09-29T15:39:03Z,0,False
@didikairlangga1430,"Dan pada saatnya, langit akan digulung.
Bumi akan mengeluarkan semua beban beratnya.
Sang pencipta me reset segala bentuk kehidupan manusia, masuk menjadi kehidupan yg abadi.
Dimana tidak ada lagi kematian setelah kebangkitan yg ke dua.",0,2025-09-29T11:22:28Z,0,False
@yanzwarwe4896,kesadaran terhadap pengendalian perilaku manusia adalah jawaban untuk bumi memberi kebaikan kepada manusia...,0,2025-09-29T10:02:55Z,0,False
@zainurilembahmanah6028,"Alur pembentukan jagad dan makhluk hidup yang luar biasa, tapi semua menunjukkan bukan ada atau terbentuk dengan sendirinya,  tapi semuanya adalah terencana dan terpikirkan. bukan secara kebetulan semata.",0,2025-09-29T07:32:16Z,0,False
@yogapurnamika,"16:11 hoax gk ada yg ke bulan bang mereka cuma syuting dalam ruangan yg dibuat anti gravitasi mengclaim diri sebagai negara yg mendaratkan manusia di bulan sepatu yg di pakai neil armstrong dan jejak di bulan beda mereka syuting seluruh dunia di kibulin di museum nya aja baju astronot nya udh beda, AS itu banyak drama nya jgn mau di kibulin terus ya 😂",2,2025-09-29T07:04:19Z,1,False
@alvagaming2905,"emm, coba saya minta buktinya dong bg. bukti apa yg anda punya kalau perkataan mu itu benar.",3,2025-10-02T17:33:40Z,0,True
@adityapratama367,"Maha besar Allah dengan segala kuasaNya.
Semua terjadi karena kuasa dan izin Nya.

Pengingat, bahwasanya, manusia bukan apa-apa..
Kapanpun, Allah bisa ""Mematikan"" dan ""menghidupkan"" semua alam semesta ini..
Semua ada didalam Alquran..",77,2025-09-29T06:02:26Z,4,False
@bigmovie7229,mang aek,1,2026-02-01T20:52:34Z,0,True
@TuanIman-n3h,Anda percaya dengan video rekaan ini? Tiada siapa pun tahu bagaimana alam ini terbentuk,0,2026-02-14T14:12:22Z,0,True
@lymanlamin1157,Adanya oksigen di bumi apakah tidak berujud unsur oksigen melainkan molekul yg mengandung o2 seperti h2o  mohon dijelaskan molekul h2o tercipta di bumi atau dari eksternal bumi,0,2026-02-19T15:39:26Z,0,True
@taata-o3e,​@bigmovie7229eak,0,2026-03-28T08:03:22Z,0,True
@gusmusht9049,"Apakah evolusi sudah berhenti bang ?
Jika evolusi terus berjalan kedepannya manusia akan berevolusi seperti apa,adakah gambarannya ?",0,2025-09-29T05:02:20Z,0,False
@xiwaa.,"suka banget sma konten nya, sangat mudah di pahami dan visual nya juga enak di pandang",0,2025-09-29T03:11:17Z,0,False
@skfc_tonski,kek nya lebih pas kalo judulnya 'semengerikan apa penghuni planet bumi' deh 😏😮‍💨😮‍💨🥲,0,2025-09-28T19:37:04Z,0,False
@aplesapelay5076,Bicara gayanya angan2 hoax,0,2025-09-28T18:02:15Z,0,False
@wiranews8,pertanyaannya mengapa setelah ledakan supernova komposisi kimia yg teramat indah itu cuma terjadi dibumi?  omong kosong kl ada yg mengatakan alam semesta terjadi secara alamiah tanpa ada yg mengatur,0,2025-09-28T13:32:33Z,0,False
@lennyutami8214,Saya yakin dan percaya bahwa manusia berasal dari syurga. Nabi Adam dn hawa turun ke bumi untuk menjadi pemimpin dn mengembangbiakan manusia. Bukan dr evolusi bintang😊 atau kera,0,2025-09-28T12:56:00Z,0,False
@rojul96,Bumii😮,0,2025-09-28T12:52:09Z,0,False
@aslemuadiaslemuadi787,"MasyaAllah,Sangat mengagumkan Ciptaan Allah.",4,2025-09-28T12:16:03Z,0,False
@azahrajesika4011,mana ada 30 menit lebih 20 detik itu bg,0,2025-09-28T08:42:10Z,0,False
@Vlercoeda,Req Planet Jawa,0,2025-09-28T08:23:30Z,0,False
@NuranggaAngga-x7m,Kata nyamanusia  itu turunan na bi ADaM  tapi d vidio ini  manusia tercipta dari serpihan debu pelanet dan bumi  dan ada juga yg bilang dari monyet ber evolusi menjadi manusia sia. Yg bener yg mana tapi saya ttp percaya sama Allah yg maha pencipta  yg menciptakan langit bumi dn beserta isi nya,0,2025-09-28T08:16:51Z,0,False
@apriliadanadnan,NARASI ANDA SANGAT BAGUS,0,2025-09-28T06:52:29Z,0,False
@maksumsyafii3681,"Subhanallah
Walhamdulillah
Astaghfirullah",0,2025-09-28T05:53:09Z,0,False
@Jenzen01,"Spesies paling mengerikan ""manusia""😅",0,2025-09-28T01:40:22Z,0,False
@alimalco,Ribet amat nyari ttg bumi tercipta tinggal cari di kitab Al-Qur'an,0,2025-09-27T23:05:23Z,0,False
@SantiIstiningsih,Bagaimana mungkin hasil sebuah tabrakan tak beraturan bisa membentuk sebuah bangunan yg teratur?,0,2025-09-27T22:37:16Z,0,False
@wagelawagela6906,Bagus banget videonya masyaallah 😭💝💝💝💝,0,2025-09-27T22:21:45Z,0,False
@widiyafaradiba9911,Nabi Adam mana?,0,2025-09-27T15:26:36Z,0,False
@gomerama-12y,"Aku liat aja uda ngeri,apalagi yg aslinya,gua takut bgt😢😢😢😢,aku sadar,kita cuma manusia cuma sementara suruh jaga bauk bumi,gua jadi tobat dan jaga bumi baik²",0,2025-09-27T11:33:02Z,0,False
@azisatriabunbun6066,Saya membayangkan di pelanet lain ada kehidupan yang sama seperti di Bumi. Mereka juga sama berlomba² mencari tahu tentang luar angkasa dan mencoba untuk mendarat di Bumi,0,2025-09-27T03:23:07Z,0,False
@AndiBowo-c8d,Time lapse hellens.,0,2025-09-27T00:15:19Z,0,False
@AndiBowo-c8d,Earth trilyun trilyun trilyun trilyun trilyun yearst.,0,2025-09-27T00:14:54Z,0,False
@affanzzizao6770,Yaunya dari mana... 😁😁 Jaman majapahit saja gk ada yg tau,0,2025-09-26T19:25:28Z,0,False
@FirlipermanaSaputra,ngarang anjir,0,2025-09-26T16:18:56Z,2,False
@benjaminnite9034,Makanya sekolah buar gk bego kyk ortu lu,0,2025-09-26T16:46:17Z,0,True
@wilvic7750,"@benjaminnite9034banyak yang komen kaya yang di atas bro,gini banget manusia di Indonesia ini yang ga mau tau dan belajar,miris banget.",0,2025-09-29T04:48:03Z,0,True
@putraaja6950,Dari yang tidak ada akan kembali tidak ada (hilang),0,2025-09-26T13:10:21Z,0,False
@monicalewinsky5763,"Bagus banget:(
Gua kalo orang yang terpandang di dunia dan gua nonton pasti gua share kemana mana. Merekomendasikan orng orng tergerak untuk menciptakan bumi yang indah",6,2025-09-26T12:51:02Z,0,False
@wapercoklakofc.36,Terus jaman nabi itu kapan? Apa sama juga saat sm jaman orang 2 purba?,0,2025-09-26T11:27:43Z,0,False
@musik990-s2d,Manusia itu pendatang yang merusak bumi,0,2025-09-26T05:43:02Z,0,False
@Garnet7,nonton nya ini harus orang yang benar benar berpikir kritis kalo hanya main main aja pasti banyak gak setuju statement admin yang betul betul memikir akhirat dan seisi bumi ini,0,2025-09-26T03:16:09Z,0,False
@ayuyuliastuti.1834,"setiap zaman kehidupan memiliki history yg luar biasa, dan di zaman kita saat ini juga mungkin akan menjadi cerita bumi di masa mendatang, akan ada berbagai kehidupan baru yg tidak akan pernah kita ketahui, wallahu a'alam.. karna kuasa tuhan itu sungguh besar.",1,2025-09-26T02:17:11Z,0,False
@indritikamei2858,"Manusia""nya jga mengerikan 😊
Membuat kerusakan dan serakah 😊",0,2025-09-25T15:24:39Z,0,False
@dewasutawana1123,"Saya percaya bahwa semesta raya (termasuk bumi) selalu melakukan kalibrasi secara berkala untuk menjaga keseimbangannya. Manusia adalah bagian terkecil dari semesta raya ini juga mengalami hal yang sama yaitu lahir, bertumbuh, dan akhirnya didaur ulang disesuaikan dengan kondisi terkini.",0,2025-09-25T13:36:57Z,0,False
@denvendii5123,terus yang bener homo spesien apa nabi adam😢,0,2025-09-25T10:46:46Z,0,False
@denvendii5123,serius nanya berrti manusia pertamanya itu nabi adam dong?,0,2025-09-25T10:44:13Z,0,False
@teguhbeyoung1809,faktanya tidak ada satupun hal atau mahluk yg bisa menciptakan dirinya sendiri. dan apada ujung nya kita adalah mahluk yg di ciptakan.. tidak ada satupun yg datang kebetulan atau krn sendirinya...,0,2025-09-25T10:19:48Z,0,False
@chaha-5,seperti nonton fantasi...halusinasi..,0,2025-09-25T05:39:45Z,0,False
@Mawar_07,Masa nenek moyang kita dahulu monyet 🐒🐒🐒,0,2025-09-25T00:52:24Z,0,False
@dedesaputra5107,Sumber dari mana ini,0,2025-09-24T16:45:35Z,0,False
@Eka_Jaylani,30 menit betapa mengerikannya mulyono,0,2025-09-24T15:44:02Z,0,False
@RosihanRosi-w5o,norak kau.. pake bilang mengerikan...,0,2025-09-24T14:50:08Z,0,False
@hafidzatunnafiah6305,"Saya ga pernah setuju dengan teori evolusi.

Tapi saya takjub dengan proses pembentukan bumi, ternyata semua berawal dari tidak ada yg kemudian diciptakan. Allahu Akbar.",23,2025-09-24T14:22:23Z,20,False
@yusriyusalychannel1189,Teori ilmu pengetahuan itu adalah asumsi yang lahir dari bukti2 yang di dapat saat ini.. bisa tetap bisa saja berubah jika di temukan bukti2 atau teori baru.. jadi ilmu itu berkembang.. semua teori punya kemungkinan benar,2,2025-10-18T12:13:19Z,0,True
@reynaldysoetjipto5832,Tuhanmu itu baru muncul 1400 tahun yll. Tuhan Semesta Alam sudah ada sejak milyaran tahun yll..,3,2025-10-23T11:04:54Z,0,True
@hafidzatunnafiah6305,"​@reynaldysoetjipto5832tuhan saya bukan Nabi Muhammad Saw, maaf ya salah sambung",0,2025-10-23T11:27:52Z,0,True
@Moh_Irzan,Saya lebih setuju dg sains drpd cerita yg dibawa bangsa timur tengah bbrp ribu tahun yg lalu.,1,2025-11-01T16:07:02Z,0,True
@hafidzatunnafiah6305,"​@Moh_IrzanMonggo mas, sah sah aja",0,2025-11-01T16:20:50Z,0,True
@boydarma7376,Dan kehidupan hanya ada di bumi? 😂,0,2025-09-24T13:02:50Z,0,False
@sportspowernews01,"bang, kenapa setiap pergantian periode diiringi dengan kehancuran dulu baru ada pembangunan.? apakah mungkin kedepannya akan seperti itu lagi berulang?",0,2025-09-24T07:35:12Z,0,False
@trimaulana831,Padahal di dalam Alquran sudah dijelaskan,0,2025-09-24T04:04:20Z,0,False
@ezasaputra02,Lebih mengerikan DPR 🙏,0,2025-09-23T21:08:26Z,0,False
@ardiyanviqant1251,keren,0,2025-09-23T16:01:19Z,0,False
@SamsulPonsel-hn5lv,Kalau mmg ledakan bintang raksasa. Saya GK percaya kalau bumi cuma ada satu. GK masuk akal,0,2025-09-23T15:14:23Z,0,False
@buuxgaul85,Chanel pembodohan,0,2025-09-23T14:51:31Z,0,False
@Raden_Elisura,"Tau dari mana lu min. Dongeng apa fakta ini, atau cuma hasil dari pemikiran cocok lagi profesor profesor",0,2025-09-23T14:13:30Z,0,False
@sendysaputra6691,manusia bukanlah dari mamalia seperti teori evolusi manusia itu beda dari dunia ini  manusia tidak lahir di bumi tapi manusia di turunkan di bumi entah dari mana soalnya manusia itu beda dari makhluk² yang sudah ada di bumi dari awal terciptanya bumi,0,2025-09-23T13:09:26Z,0,False
@robyikarusion,Bang request berapa mengerikan nya jokowi,0,2025-09-23T12:15:56Z,0,False
@pipihsitisopiah8861,Auto subrek❤❤,1,2025-09-23T05:36:59Z,0,False
@rahmataying,Dari vodeo ini saya semakin yakin akan adanya hari akhir bagi kehidupan manusia di bumi ya itu kiamat 😭Allahumma Sholiala Saidina Muhammad 🤲,43,2025-09-23T02:15:49Z,3,False
@Meinard0905,"Ish aneh, kan di Al quran tertulis, Jadi Selama ini belum percaya?
Juatru dr Video ini bisa lebih Percaya 
Et dah😂😂😂
Di Kitab ada tapi lebih percaya video.
bujuh tapi endingnya Allahumma sholiala Saidina Muhammad😢😢😢😂😂😂",0,2025-11-24T18:55:58Z,0,True
@rahmataying,​@MSCollection-no1zhliat komanya apa pahami dulu maksudnya nya dan tonton dulu videonya sampai habis. Itu bukan percaya ke video ini gagal paham kah baca komen?,0,2025-11-25T01:00:06Z,0,True
@hadeshail,Yg membuat bumi sekarat orang seperti lu yg mendahulukan mistis dari pada menyayangi yg terlihat.,0,2026-04-17T14:17:38Z,0,True
@atikahana-n1l,"Tanpa pola, tanpa buyspin dijamin selalu gacor 𝐉𝐀𝐋𝐀𝐊𝟒𝐃",237,2025-09-23T01:42:00Z,1,False
@megi5625,judol ngentottt,0,2025-09-27T19:17:15Z,0,True
@wi-rapersaima,"Peraturan konyol lewat agama sehingga manusia menjadi tdk terkendali dan trjadi permusuhan, itulah yg menghancurkan dunia  ...",0,2025-09-23T00:06:50Z,0,False
@eternal36-r6w,memotivasi banget,0,2025-09-22T18:26:06Z,0,False
@rikarahayu176,Hoax...hanya tuhan yg tauu masalah terciptanya dunia,0,2025-09-22T13:55:26Z,0,False
@byhakkywill,"Maha Besar Tuhan dengan selaga ciptaannya, kehidupan kita diciptakan dengan metode yg sangat rumit.",0,2025-09-22T11:53:35Z,0,False
@IjaMaulana-d7z,"Bg 30 menit
Betapa mengerikan bos ku",0,2025-09-22T11:33:59Z,0,False
@nurwavestudio,Keren,0,2025-09-22T10:03:07Z,0,False
@N45_1,Bumi adalah kumpulan serpihan dari matahari raksasa yang meledak milyaran tahun lalu. Mengapa hanya terbentuk 1 bumi saja ?,0,2025-09-22T06:50:32Z,0,False
@edimujono2535,👍,0,2025-09-22T06:23:35Z,0,False
@AliQadam-u1t,"Kalau saya menumpulkan data sana data sini .Bumi itu planet paling aman di kerajaan langit.karena dia masuk di keluarga matahari Azzura .dalam legenda mesir di namakan Ra.kalau ada kamera pergi jauh .keluarga Ra itu rumpun planet yang mungil memisahkan diri dari basis planet raksasa.jadi Keluarga Ra tidak di minati sama Alien pemburu Sumber daya Energi.Bumi itu Memiliki kurang dari 3 persen sumber daya di bandingkan milyaran planet.itu yang di langit malam seperti langit terbelah di situ kumpulan batu atau planet unik.tapi resikonya besar .ada badai angkasa ,petir angkasa,monster kabut angkasa.mustahil tehnologi manusia ke sana.jadi emang mampunya manusia jalan jalan di lingkungan Ra .mungkin saya Halu ya",0,2025-09-22T04:52:37Z,0,False
@HamkaArsad,"Inilah dongeng namanya, mengira ngira ,😂

Teori evolusi menyatakan aktifitas fisik dapat mengubah satu individu menjadi individu baru akibat dari upaya bertahan hidup. Teori ini didapatkan jauh sebelum ilmu genetika ditemukan. Sehingga sangat salah besar

Mengapa? Sebab dalam setiap mahluk hidup memiliki sel dan dalam sel terdapat yg namanya DNA. DNA INILAH yg menentukan bentuk fisik mahluk hidup. Dan DNA adalah ikatan karbon yang sangat kuat, dia tidak akan terlepas kecuali dalam rekayasa genetika di dalam laboratorium, atau mengalami mutasi genetika. Dan yg namanya mutasi genetika selalu bersifat buruk dan tidak presisi dan sifatnya selalu bersifat merugikan mahluk hidup itu sendiri. 

Makanya ketika dikatakan bahwa mahluk hidup satu berasal dari mutasi genetik satu mahluk hidup, itu sangat jarang bisa terjadi. Sebab mutasi genetik akibat dari struktur karbon mengalami gangguan akibat paparan radiasi. Sebab ikatan karbon dalam DNA sangat kuat, jarang bisa terjadi mutasi dan jika terjadi mutasi selalu dalam bentuk buruk

Nah mahluk hidup yang begitu cantik dan presisi itu bukan akibat dari mutasi, sebab jika akibat dari mutasi maka bentuk awalnya sebelum mutasi harus jauh lebih baik. Sedangkan evolusi menyatakan bentuk setelan lebih baik dari bentuk sebelumnya. Itu tidak masuk akal karena mutasi genetik selalu bersifat acak tidak presisi dan bersifat merugikan",1,2025-09-21T18:49:49Z,1,False
@HamkaArsad,"Seperti contoh dikatakan bahwa jerapah berasal dari hewan berleher pendek, karena makanan di bawah semakin kurang makanya mereka mendongakkan lehernya berupaya menggapai daun daun di ranting yang tinggi, lama lama lehernya jadi panjang, padahal panjang pendeknya leher ditentukan oleh DNA. Katakan hewan itu bisa berubah menjadi leher panjang, tapi DNA tidak berubah maka anak yang diturunkan tetap akan berleher pendek. Sebab DNA lah yang menentukan bentuk fisik mahluk hidup. 
Buktinya suku leher panjang di Thailand yang memanjangkan leher pakai lilitan tembaga,  tetap anak yang baru lahir lehernya pendek, 

Sebab bentuk fisik yang diturunkan ditentukan oleh DNA, BUKAN aksi fisik badan kita yang bertahan hidup, dan DNA ini sangat kuat, hanya bisa berubah susunannya ketika ada rekayasa genetika di laboratorium atau karena mutasi genetik, dan ini sangat jarang terjadi sebab mutasi genetik tidak bertahan lama akibat perubahan kimia tubuh akan mengakibatkan individu mahluk hidup rentan terhadap penyakit, dan mengganggu psikologis mahluk tersebut",0,2025-09-21T19:07:17Z,0,True
@AiryaLestari,Itu tentang adam dan hawa bank katanya manusia pertama,0,2025-09-21T16:51:17Z,0,False
@TonioRento,Ngapain jauh jauh lihatnya dari luar angkasa cgi.....masuk yang paling dalamnya seluruh  laut  aja belum bisa.........,0,2025-09-21T16:37:37Z,0,False
@munifahlove,Time to sleep,0,2025-09-21T16:13:04Z,0,False
@yuko-xu1bm,Kenapa ajaran agama tdk mebgajarkan ini.???,0,2025-09-21T15:57:23Z,0,False
@MustofaTofa-l3g,"Pada intinyaI mahluk hidup semuanya yang ada di bumi ini ada  yang menciptakan,",0,2025-09-21T15:44:14Z,0,False
@hafizfarmers,"Luar biasa ...lalu , apakah ada kehidupan lain setelah peradaban manusia saat ini akan punah , akan di punahkan (kiamat) , tuhan sendiri juga sudah bicara seperti itu..kerusakan di muka bumi di sebabkan oleh ulah kaki tanganmu sendiri , jika memang iya ,,? Siapa generasi penerus setelah manusia ?",0,2025-09-21T14:43:30Z,0,False
@setiawanahmad2106,Keren abis...,0,2025-09-21T14:17:40Z,0,False
@nagib_0793,Bohong semua isinya 😂,0,2025-09-21T12:22:48Z,0,False
@HernawansChannel,"Tetap, mungkin tdk pasti benar seperti itu. Teori manusia.",0,2025-09-21T10:01:17Z,0,False
@gamebocil5257,Bgus bgt sneng nemu ini,0,2025-09-21T08:47:48Z,0,False
@SitiRohani-ji2gv,Ya Alloh smg kita terhindar dr bahaya,0,2025-09-21T08:29:41Z,0,False
@ApipNabil,Ini pakai kamera apa dan di ambil gambarnya pakai apa di zoom sedetail itu 😅,0,2025-09-21T07:50:47Z,0,False
@juliyantotanujaya9654,Yes....Adam dan hawa hanyalah cerita dongeng dari agama2 samawi,1,2025-09-21T06:35:40Z,0,False
@Mr-Iyyus,"Melihat ini akhirnya tersadar bahwa tidak mungkin Yesus manusia dari nazaret adalah Tuhan. Bagaimana mungkin Yesus yg dikandung, lahir dan butuh 30 tahun untuk berdakwah dianggap Tuhan. Tuhan kok 30 tahun gak lakukan apa2 didunia.",0,2025-09-21T02:15:38Z,0,False
@yaampunMadkhi,Kok bisa tau 4 milyar tahun yang lalu dari siapa ya bang,0,2025-09-21T00:56:36Z,0,False
@yusufazha5426,Jaman nabi gada?,0,2025-09-21T00:48:45Z,0,False
@cakadit1805,"Kok saya merasa banyak bagian gak gak tersambung ya atau mungkin lebih tepatnya terputus... 
Dari mulai kehidupan pertama, makhluk sederhana tiba2 ada makhluk air yang lebih kompleks... 
Terus kepunahan masal pertama, tiba2 masuk dunia raksasa (dinosaurus)... 
Kenapa seakan terputus jauh ya....,",0,2025-09-20T18:01:29Z,0,False
@siuuuuu_uy,bg kalo manusia punah siapa lagi yg akan melanjutkan kehidupan,0,2025-09-20T13:48:18Z,0,False
@nanda_avi_fatus_sovyah,"Oh ini orgnya😊,slma ini ku tonton, suaranya enak bgt buat rilexsasi 😊",0,2025-09-20T13:30:18Z,0,False
@titidihyan4073,Ngawur,0,2025-09-20T07:59:28Z,0,False
@ZuhdaAzk,"Dalam Al-Qur'an aja di sebutkan awal adanya akam semesta adalah bersatunya langit dan bumi serta planet lainya.
Dan manusia pertama kali yang turun ke bumi adalah nabi Adam, yg mna Allah sendiri yg menciptakan nabi Adam dri tanah sejak masih hidup di surga,",0,2025-09-20T07:13:57Z,0,False
@RohmansssSyaii,Tehnologi atau manfaat dunia atau didalamnya(berkaitan dgnnya. Jawabanya salahnya memilih jaln atau pemimpin.,0,2025-09-20T05:19:15Z,0,False
@Babalionk99,Allahuakbar!,0,2025-09-20T03:30:05Z,0,False
@jusferli1085,"Masih kurang jelas om , tapi setuju dari sains dan biologi",0,2025-09-19T19:01:49Z,0,False
@AgungS-g8i,HALU,0,2025-09-19T17:55:41Z,0,False
@anggrainiistianingrum,Hadir bank terimakasih..,1,2025-09-19T14:30:23Z,0,False
@demenmancingofficial14,"Berat, the last world nih",0,2025-09-19T12:42:01Z,0,False
@iissusilawati3296,"Maaf bang...saya bukan dari monyet...
Lalu mau berefolusi apalagi manusia ini.",0,2025-09-19T12:37:21Z,0,False
@Yadikum,"mungkin beberapa ratus tahun lagi cerita seperti ini bisa dianggap sebagai dongeng, seperti dongeng2 yunani atau bangsa2 kuno lain yg masa itu dianggap sebagai sebuah kebenaran.",0,2025-09-19T11:05:55Z,0,False
@aldi-1995,makasih informasi bisa mentuh hati 😢😢,0,2025-09-19T09:48:26Z,0,False
@androidsystem9021,bumi itu datar menurut quran om,0,2025-09-19T07:28:36Z,0,False
@RifaiSnail,ok,0,2025-09-19T02:51:05Z,0,False
@BagusFeriyanto-b5q,sangat menambah ilmu,0,2025-09-18T19:24:42Z,0,False
@alitsuhendra4568,Saran aja kak. Backsound nya kecilin dikit. Suaranya jdi agak ketutupan,0,2025-09-18T17:47:06Z,0,False
@user-zi6sf3ld2u,Pertanyaannya kok bisa tahu????,0,2025-09-18T13:16:46Z,0,False
@mukbangfantasy,"Kurang makhluk ekstraterial min, trus ayam dulu apa telor dulu?
Sebenarnya ada pesan moralnya, tapi mungkin si pencipta kopit nggak akan peduli itu.
Dimana mana orang orang pinter pada keblinger, yg polos jadi korban.
Dan isi dari dunia ini 20% orang baik, 80% pura pura baik",0,2025-09-18T11:09:57Z,0,False
@xxvanzz892,Kok bisa tau ya ?,0,2025-09-18T10:39:23Z,0,False
@mahyarchannel1364,"NENEK MOYANG KU NABI ADAM
BUKAN MONYET.... TIORI DAN KEPERCAYAAN SILAHKAN BERIMAJINASI... HEHE",0,2025-09-18T02:57:30Z,0,False
@mahyarchannel1364,"ALLAHU AKBAR
MASYAALLAH TABARAKALLAH",0,2025-09-18T02:46:11Z,0,False
@yudijuanjuan8407,Dan Narasi ini dibuat oleh orang Indonesia... Jika dibuat orang Negara lain beda lagi😂😂😂😂,0,2025-09-18T02:27:18Z,0,False
@AgasNove,gg,0,2025-09-18T00:37:32Z,0,False
@aidilputra1933,Yang jadi pertanyaannya kenapa harus BUMI yang berbeda (ada kehidupan) sedangkan planet lainnya juga berasal dari materi yang sama ?,0,2025-09-17T18:37:32Z,0,False
@DadiRohiman-m9y,"Ini semua cipataanmu yaa alloh, tiada kata selain allohuakbar",0,2025-09-17T16:06:57Z,0,False
@luqmanabdullah6184,"Ini versi ilmuan kan 
Sebagai umat beragama ini versi agama apa ya???",0,2025-09-17T14:48:54Z,0,False
@arfitasetia2417,Serasa yg bahas adminnya dari luar angkasa planet lain 😂,0,2025-09-17T14:45:11Z,0,False
@daeatci,"Untuk mengetahui Bumi yg sebenarnya seharusnya kita ikut habib miraj satu kali saja,bukankah habib bisa bolak balik kebumi kemudian miraj lagi begitu seterusnya sampai 70x😊😊😊😊",0,2025-09-17T14:38:30Z,0,False
@ardianbrekele1613,Dongeng sebelum tidur 🥱🛌🏽,0,2025-09-17T12:16:57Z,0,False
@yantomaz636,ALLAHUAKBAR,0,2025-09-17T10:56:16Z,0,False
@mootiy,asal muasalku dulu ak seorang mermet,0,2025-09-17T02:43:52Z,0,False
@DzuLfendie,"Bang, Durasinya terlalu singkat, Bisa nggak tambah Durasinya bg, Sekitar 3 Jam Atau 4 jam, Biar Lebih detail lagii Bang.. Tentang Bumi kita ini,",0,2025-09-16T17:44:58Z,0,False
@cahindo1449,apakah akan ada kehidupan baru muncul dibumi setelah kehidupan ini punah,0,2025-09-16T09:59:52Z,0,False
@gustiarsyad3286,Menarik admin. tapi menariknya adalah Siapa yang menciptakan ROH MANUSIA? mungkin manusia hidup dengan Jasad tanpa ROH?,0,2025-09-16T08:48:14Z,1,False
@samsam-hi4cp,"Cek aja orang mati yg organ nya masih lengkap, kenapa bisa mati ?",0,2025-09-16T15:32:31Z,0,True
@TamiaNabila,Masha allah. Allahu akbar.,0,2025-09-16T02:54:58Z,0,False
@trichandrapi,Sesat 😂 Gimana caranya tau,0,2025-09-15T19:32:10Z,0,False
@budibae8000,😂Nasi uduk kali,0,2025-09-15T16:34:40Z,0,False
@alphathetafx3555,terimakasih bang buat konten edukasinya semoga makin diberkati konten2 abang selanjutnya GBU 🙏🙏🙏,0,2025-09-15T16:00:16Z,0,False
@takiyajidiee,Allahu Akbar,0,2025-09-15T13:40:34Z,0,False
@Pagelaran_Aroid,"yayaya aja ini semua dri ilmuan eroeh.. tntang masa lalu...
just dekedar tau aja!! kebulan aja bohong😂
jd jgn telen mentah2 apa lg evolusi manusia..
gw bkn dri turunan monyet/kera .. tp dri nabi adam",0,2025-09-15T07:04:30Z,0,False
@triwahyu1481,argumentasi anda salah Allah swt sang pencipta lagit dan bumi menciptakan manusia pertama lwt tanganNYA yg namanya Adam kalifah pertama di bumi jadi teori darwin salah besar,0,2025-09-15T05:35:40Z,0,False
@KAKI268_T3mpatnya_M3xwin-m,Lumayan ada pemasukan tentang bumi,0,2025-09-14T23:42:34Z,0,False
@penikmatyoutubesaja,Hidup bukan di izinkan Bumi melainkan Allah maha kuasa maha besar maha segalanya. Tetap bersyukur mari perbaiki diri dan lingkungan kita masing masing di akhir zaman ini,0,2025-09-14T19:57:43Z,0,False
@febyanjoy,Manusia pertama Nabi ADAm As Bro....,0,2025-09-14T19:29:39Z,0,False
@zM_Khz,Sejarah nya Mimin dari pemikiran barat(yg dimana mereka berpikir bahwa nenek moyangnya manusia adalah  manusia purba yg mirip ..nyet). KLO  gue nenek moyang gue ya Adam dan Hawa😊,0,2025-09-14T17:42:26Z,0,False
@Wong-pinter-i2n,"ini hanya dongeng untuk anak yg susah tidur, tidak berlaku untuk orang dewasa, cerita yg mengarang sendri hanya utuk dongeng ank2",0,2025-09-14T17:22:41Z,0,False
@Anissa_Savitri,Manusia bagaikan remahan rengginang,0,2025-09-14T14:37:29Z,0,False
@50NYE55,Berarti kemungkinan ada planet lain yg serupa bumi di galaxy sebelah yg ada makhluk hidup yg tercipta,0,2025-09-14T12:56:25Z,0,False
@alanwardaring8153,ANTARA FAKTA DAN IMAGINASI,0,2025-09-14T06:59:27Z,0,False
@sasongko5769,"Makasih para ilmuwan, dengan pemikiran dan penelitian nya yang luar biasa, terimakasih juga untuk channel ini yang telah memaparkannya... kereeeeennnnnnnnnnnnn!",0,2025-09-14T03:47:26Z,0,False
@RianTo-p9z,Klo gk kuat iman bisa bisa tidak mengenal tuhan,0,2025-09-13T15:29:37Z,1,False
@SayurIkan-r9x,"Otak lu yang ga sinkron dengan sains, dikit dikit dikaitkan dengan Tuhan.",0,2025-09-13T16:18:43Z,0,True
@dwiry7,"Saat ada dinosaurus di bumi, apa nabi adam sudah ada?",0,2025-09-13T14:28:11Z,1,False
@arifnurhidayat2800,"ada ,sekalipun hidup bersamaan ,dinasaurus itu jauh lbh kecil drpda nabi adam.",0,2025-09-13T14:53:55Z,0,True
@rafiega888,😢,0,2025-09-13T13:06:12Z,0,False
@pni9329,"Sadarlah manusia membentuk perubahan membentuk teknologi jangan LAh merusak Bumi ini secara perlahan , cintai pohon alam rumbut Hewan biarkan dia hidup sendiri jangan merusak atau mengecor itu awal kerusakan bumi secara perlahan",0,2025-09-13T12:30:48Z,0,False
@inthebeautyinfinitydjokosa6453,"Bagus, akan tetapi.
Mengenai covid-19 sebenarnya hanya permainan elite global. Mengenai kematian jutaan orang pada covid 19 sesungguhnya hanya fitnah flu batuk pada umumnya yang dibesar-besarkan.
( lebih jelasnya simak kajian Pak Darma perengkuan)!",0,2025-09-13T11:07:46Z,1,False
@arifnurhidayat2800,"mantapp ,,tujuan e untuk mensurvey negara mana yg patuh dan tunduk pada aturan2 elit global",0,2025-09-13T14:54:48Z,0,True
@tatangtatang2311,Masya Allah siapa yg pertama meneliti tentang ini. Maha besar Allah.kita ini siapa cb renungkan.,0,2025-09-13T10:46:40Z,0,False
@aikhomisah1712,Dan semua ini dikisahkan secara tersirat di Al-Qur'an. Masya Allah🥺,9,2025-09-13T05:03:29Z,1,False
@WIBISANA22,"Jadi manusia pertama nabi adam atau spesies mamalia yang berevolusi jadi homo sapiens?
Jadi manusia terbuat dari tanah atau debu bintang?
Jadi kucing tercipta karna proses evolusi atau bers.... ah males ah",0,2025-11-28T05:45:52Z,0,True
@KhalidSulung,Dengar boleh pecaya jangan,0,2025-09-13T01:47:50Z,0,False
@omyan7194,TERIMAKASIH NASI ANGKASA 🫡,1,2025-09-12T14:32:35Z,0,False
@alierfan3349,"kalau bumi bisa berevolusi tidak mungkin di galaxy lain tidak melakukan hal yang sama, artinya kita hidup disemesta ini tidak sendiri",0,2025-09-12T09:56:11Z,0,False
@boysantoso14,"Cerita nya meghanyutkan dan menyimpang, bagi yang goblok pasti percaya, dari pada nonton ini mending memperdalam Alquran, semua sudah ada dalam Alquran, ha ha ha ha...ngapusiiiiiii",1,2025-09-12T03:17:18Z,2,False
@SayurIkan-r9x,"IQ LU RENDAH, BAHAS AGAMA JANGAN DI VIDEO TENTANG SAINS, LU DENGERIN AJA CERAMAH YANG MENURUT LU ADA SISI KEAGAMAAN, JANGAN DISAMAKAN DENGAN SAINS.",0,2025-09-13T16:13:44Z,0,True
@samsam-hi4cp,"Justru ini sejalan dengan keimanan, allah bener2 nyiapin bumi buat manusia saat bumi ini udah siap, ibarat lu bikin rumah ga mungkin lu tempatin klo belom ada atap nya",0,2025-09-16T15:47:12Z,0,True
@bangerlandi,"secara pribadi saya  percaya dengan evolusi bumi namun soal terbentuknya  kehidupan (manusia) saya masih ragu dan kurang masuk akal dari video ini 🙏  

saya lebih percaya dari teori secara Islami yang tertulis di Al Qur'an maupun hadits  bahwa manusia pertama yang diciptakan yang ada di bumi adalah adam   ..",1,2025-09-11T16:57:49Z,0,False
@lhd.14,cerita yg menghibur 😂,0,2025-09-11T15:39:39Z,0,False
@imamsubagyo8396,Ada satu fase darimana datang air di bumi....? Belum diceritakan. Mungkin dari komet yang merupakan material es di alam semesta.,0,2025-09-11T05:41:00Z,0,False
@helenna9646,Sperti yg tertulis d kitab kejadian 1. Hari ini d alkitab bisa jd artinya masa/waktu,0,2025-09-11T05:16:25Z,0,False
@Latif-t2m,"Adam dan hawa menangis melihat bualan ini...
Siapa yang tau dengan pasti evolusi dengan terbatasnya segala hal pada masa itu 😢",0,2025-09-11T00:37:17Z,0,False
@juniardi1607,Bang request 30 menit betapa mengerikan nya para pejabat..,0,2025-09-10T23:33:35Z,0,False
@alinkahmadzulkifli4679,asal manusia dari keturunan nabi adam as...,0,2025-09-10T20:34:31Z,0,False
@malaikatmagang7565,tuhan lu ?,0,2025-09-10T10:45:48Z,0,False
@dodihelton5713,ahli agama minggir dulu,3,2025-09-10T04:53:49Z,0,False
@rikoskyy,im watching this for free? hell yeah,1,2025-09-10T00:52:03Z,0,False
@Ezscal,Ini kenapa Kapitalisme ada,0,2025-09-10T00:20:42Z,0,False
@Gty-v1t,Jadi nangis 😭,0,2025-09-09T23:35:05Z,0,False
@muhammaddjordan29,"Menurut gw, daripada orang"" ngedonate hiburan"" semata di medsos, lebih baik kalo kasih dukungan ke channel"" kaya gini, yang membangun dasar"" kesadaran buat mereka secara jangka panjang dan bermanfaat bagi mereka sendiri dan bumi yang mereka tinggali. Tapi ini cuma sekedar opini egois doang.
Maaf klo blm bisa kasih dukingan secara nyata bang, tapi saya mendukung dengan meraih kesadaran lewat konten yang channel ini sajikan. Respect!",0,2025-09-09T21:21:37Z,1,False
@muhammaddjordan29,Terimakasih,0,2025-09-09T21:24:51Z,0,True
@Peter-XX9,Penganut bumi datar mna ni 😂😂😂,0,2025-09-09T18:45:05Z,0,False
@landingkusuma7680,Teori manusia...... prakiraan aja.,0,2025-09-09T16:33:42Z,0,False
@nayanur7109,Allahuakbar,0,2025-09-09T15:44:44Z,0,False
@slametraharjo5806,"Riques dong om., betapa ngerinya hidup kalo gada uang 😅",0,2025-09-09T14:28:35Z,0,False
@lovely.raa304,"Saya sangat suka semua konten dari channel ini, sepertinya saya kembali dan maju dari waktu ini😊",0,2025-09-09T00:33:54Z,0,False
@QoriAhmad-d9u,Bang request 30 menit betapa mengerikannya komplotan banteng,0,2025-09-08T16:03:10Z,0,False
@Somà_Jênar,"Hong Ilaheng: dari ketiadaan kemabli tiada
mudah bagi Allah menghidupkan sesuatu yg telah mati",1,2025-09-08T15:27:36Z,0,False
@SayurPahit-m1g,Bisa ga sih di planet mars di modifikasi cuaca biar hujan,0,2025-09-08T15:03:22Z,0,False
@24MR971,"Entah Mahluk apa nnti yang akan menggantikan kita, di masa yang akan datang🥹",0,2025-09-08T14:57:00Z,0,False
@MasRosyidChannel,"Dan ahirnya masa jaya manusia akan di akhiri dengan ada nya kehancuran masal yg lebih di kenal dengan kiamat,. Kiamat jaman dinosurrus mungkin jugaa sama dengan kiamat yang akan terjadi pada manusia kelak,..
Wallahu a'lam,...",0,2025-09-08T13:58:53Z,0,False
@wayandarsika8551,Begitu detail nya tuhan menciptakan keseimbangan alam,0,2025-09-08T12:39:30Z,0,False
@muhamadokindo4521,"Manusia lebih berbahaya.sekarang lingkungan saya tercemar.dulu tanpa sampah.sekarang sampah dimana"" dan kali belakang rumah terkontaminasi limbah.dasar manusia.",0,2025-09-08T12:23:43Z,0,False
@generasitani,pengen ketawa lihatnya😂,0,2025-09-08T11:39:00Z,0,False
@TriPrasetyo-r4g,"Dari semua fase kehidupan"" yang sudah terlewati dan berakhir musnah. pada akhirnya sekarang manusia sudah terlalu mendominasi. Sifat"" nya yang selalu nerusak. Membuat apapun tidak seimbang. Dan apa yg akan terjadi selanjutnya???",0,2025-09-08T10:18:26Z,0,False
@Dhedhoto,Bang rikues 30 menit betapa mengerikan nya hidup ini,0,2025-09-08T09:34:17Z,0,False
@AyahAtan-u4u,Inilah kuasa allah. Allahuakbar allah maha besar Allah maha pencipta langit dan bumi semua Allah yg menciptakan. Masyaallah luar biasa ciptaan mu ya robb.,0,2025-09-08T01:13:08Z,0,False
@KrisSagner,Dimanakah Adam dan Hawa nenek moyang manusia pertama kali di bumi,0,2025-09-07T17:58:31Z,0,False
@mjjamiel8360,Tau dari mana sih,0,2025-09-07T15:48:46Z,0,False
@ikbalmaulana3463,Subhanallah masyaallah,0,2025-09-07T14:44:22Z,0,False
@vallennetrajuniar1490,seminggu sekalinaja bang,0,2025-09-07T13:30:32Z,0,False
@arifzainahar,mantaaaap.... thanks bang,0,2025-09-07T07:33:06Z,0,False
@ilikeu-1tahunyangakandatang,2:03 rafi ahmad dong,1,2025-09-07T05:31:22Z,2,False
@JohanGanteng-y6z,bbb su,0,2025-09-29T00:11:34Z,0,True
@intanyulis6497,Bedaa😭😭,1,2025-11-03T13:37:41Z,0,True
@AJSio-c6d,Konten seperti ini sengaja menolak Tuhan yang menciptakan semuanya...,0,2025-09-07T03:18:01Z,0,False
@fahrul6681,Bacot,0,2025-09-06T22:15:35Z,0,False
@channelgeming8478,Lebih seram laut dalam,0,2025-09-06T11:33:20Z,0,False
@MRCHANNEL2123,"semakin kita pelajari semakin yakin alam itu tidak terjadi secara kebetulan, alam semesta adalah rencana penciptaan agung",1,2025-09-06T11:04:06Z,1,False
@Lazio_una,"pertanyaan siapa? harusnya dengan luas alam semesta yang tak tak terbayangkan ini dan sekomplek ini, manusia tidak akan pernah mengetahui siapa penciptanaya.",0,2025-09-08T12:37:25Z,0,True
@anggapahrega1067,"Ketika teknologi menjadi doktrin kemajuan dan keberhasilan umat manusia,d situlah kita tidak sadar kerusakan dan kehacuran sudah terlihat nyata,
Maka kiamat pun bukan hanya sekedar dogma agama",0,2025-09-06T07:05:53Z,0,False
@cand017,Luar biasa min bintang 5 ⭐⭐⭐⭐ ⭐,0,2025-09-06T06:03:32Z,0,False
@andysapta4271,Teori evolusi manusia berasal dari kera adalah kekeliruan salah paham orang2 terhadap ucapan charles darwin...,0,2025-09-06T00:11:22Z,0,False
@karimslamet1750,"Apakah dinosaurus benar2 pernah ada di bumi ?
 (Apakah sejarah *dinosaurus dimanipulasi sebagai pembenaran utk beberpa teori dri tokoh tertentu yg sudah kita kenal?)",0,2025-09-05T23:34:36Z,0,False
@troblemakerboy4072,Di belakang saya jalan raya bang. Masak mo nonton video aja musti di tengah jalan,0,2025-09-05T23:21:21Z,0,False
@SelayarProject,"Maaf, tp stahu aku, sblum bisa muncul kehidupan, bumi mengalami masa yg mana smua permukaannya itu air karena hujan terus menerus yg mana disebabkan oleh jatuhnya meteor raksasa yg membawa unsur² terbentuknya air dimana ini terjadi saai bumi masih dalam bentuk kerak² tipis, ini membuat cahaya matahari reduo, kadar CO2 makin tinggi yg kemudian membuay suhu bumi turun drastis mengakibatkan bumi mengalami masa dmana semua permukaannya tertutup es yg membuat bumi terlihat seperti bola es raksasa, barulah setelah itu kerak bumi bergeser memaksa panas di dalam bumi keluar dan mencairkan es nya kemudian dari retakan itu membentuk gunung² yg terus mengeluarkan lava, terus karena lava cair langsung mengeras karena penurunan suhu drastis stelah kontak langsung dgn air, itulah yg membuat bumi punya daratan, pertama raksasa (super benua) bernama vaalbara, stelah itu mncul organisme yg bahkan tdk butuh oksigen kemudian dgn reaksi kimia yg entah kek mana memunculkan oksigen di dlm air yg juga menjadi awal dri hdupnya makhluk hdup sel tunggal, kemudian karena muntahan uap dari gunung yg terus menerus, suhu bumi yg mlai turun membentuk atmofer yg menjaga bumi dari radiasi berlebihan matahari dan jga membuat oksigen terperangkap dan itulah yg kita hirup sampai skrg, terus kerak bumi yg terus bergerak membentuk benua² baru scara terus menerus smpai ke daratan (benua) yg kita kenal dan tempati skrg.


Fun Fact nya, ternyata semua daratan Indonesia itu tidak ada di benua raksasa pertama yg terbentuk, karena smua daratan Indonesia itu berada di dasar lautan, tapi setelah pergeseran kerak bumi dasar laut yg juga mebuat dasar laut jadi terangkat, maka muncullah daratan² baru yg kita kenal skrg dgn nama Indonesia",0,2025-09-05T19:51:44Z,0,False
@Rahmatdino2Dino2-xx5vh,30 menit memahami betapa mengerikannya bumi (bagian Indonesia),0,2025-09-05T18:40:23Z,0,False
@joe6688,Maha besar Allah SWT,0,2025-09-05T16:49:32Z,0,False
@Pakde_Y,Dan ketika masih bisa bernafas itu adalah wujud rasa syukur yang sering aku lupakan,0,2025-09-05T13:40:08Z,0,False
@imanislam999,Ada yg keliru dengan logika sains saat ini😂😂 ada yang tau? Kalo gak ada udara/hampa kenapa ada uap air?,0,2025-09-05T13:35:47Z,0,False
@ArryLambertus,Saya memilih untuk merawat bumi ini.,0,2025-09-05T12:29:04Z,0,False
@ArryLambertus,Saya lebih percaya tentang hal ini.,0,2025-09-05T12:10:57Z,0,False
@djokopranoto5287,Apik cak 😊,0,2025-09-05T09:27:34Z,0,False
@AnehTapiNyataATN,"Video sangat bermanfaat, kita jadi tahu dan menambah pengetahuan",0,2025-09-05T05:55:52Z,0,False
@AyuTokan-m2e,"Yang mengerikan makluk hidup yang berakal budi, semua dibumi punya susunannya dan fungsinya, tapi semuanya diambil akibatnya bumi jadi terganggu",0,2025-09-05T03:39:17Z,0,False
@MuhammadRasyid856,"wow, mari kita berikan applause buat konten ini 
mahkotamu king, this video is very very goood, full daging, padat dan kata-katanya baguss, salah satu video terbaik yang pernah aku tonton",17,2025-09-04T23:57:44Z,0,False
@DenaAgustiana-p7s5q,Sebenarnya manusia itu revolusi dari monyet atau anak cucu Adam??,0,2025-09-04T23:11:04Z,1,False
@arwani__,"Agama sifatnya kepercayaan, tergantung lu percaya yang mana cuma diri lu sendiri yang bisa menentukan",0,2025-09-06T10:01:14Z,0,True
@DenaAgustiana-p7s5q,Bang kenapa semua planet bisa membulat sempurna,0,2025-09-04T22:58:11Z,0,False
@MarioWongko,Mungkin kita adalah AI super canggih yg diciptakan oleh Tuhan. Dan alam semesta adalah komputer canggih.,0,2025-09-04T22:43:33Z,0,False
@richrich6483,Kenapa saya baru menemukan channel ini skrg 😢,0,2025-09-04T19:55:27Z,0,False
@AngelamariantysikasTaneo,Lalu apakah suatu saat nanti kita pun akan disebutkan dalam sejarah sebagai spesies yang pernah hidup?  Ataukah kita adalah sejarah akhir dari kehidupan?,0,2025-09-04T15:32:48Z,0,False
@MuniahMuniah-uo4iz,Kaks sudah bagus aku suka filem tatasur ny,0,2025-09-04T15:12:36Z,0,False
@arsybainalhaq2181,"Hanya sekedar saran kecil, jika bisa tolong sertakan credit, untuk musik dan source vidieo maupun gambar. walau gambar dan musik nya non copyright atau open source,ketika menambahkan credit bisa jadi bentuk apresiasi atas hasil karya mereka. Saya sendiri sudah subs chanel ini dari ratusan subscriber dan saya berharap Chanel ini terus berkembang ke arah yg lebih baik dan terus mengedukasi masyarakat lebih luas lagi.",0,2025-09-04T15:11:16Z,0,False
@bagaskara1567,Gilaa keren banget materinya,0,2025-09-04T12:44:45Z,0,False
@wongbagusgituaja8469,MENDAHULUI KEHENDAK NYA,0,2025-09-04T07:20:38Z,0,False
@anakcerdas7729,"Kompleks dan bagus, tapi jika kalian cerdas hal teori ini nggak bisa masuk akal",0,2025-09-04T00:26:11Z,0,False
@shortunknown23,"Reques, 30 menit betapa mengerikannya WANITA",5,2025-09-03T16:54:40Z,0,False
@JakiJaka-d3o,NASA NASI NASDEM,0,2025-09-03T16:17:55Z,0,False
@Daniyoks,Akankah ada babak baru setelah kepunahan manusia??????,0,2025-09-03T14:44:12Z,0,False
@gamerngambang1071,"maaf.. saya suka bertanya sendiri. darimana pemilik akun ini menemukan kalau Zaman Hadean berlangsung sekitar 4 Miliyar tahun yang lalu?
sedangkan umurmu saja belum ada 100 Tahun..
Coba boleh minta referensinya pak. terlebih kalau kalau ambil referensi orang barat, hati-hati ilmunya..
mohon dibalas
@Nasi Angkasa",0,2025-09-03T13:30:17Z,0,False
@RakyatBiasa-cc5ml,"bang,request sejarah DPR dong😅 dalam masa 58 persen dong",1,2025-09-03T08:44:33Z,0,False
@momoshiki1411,Konten merusak ke yakinan seseorang dengan agamanya ini..,0,2025-09-03T07:36:09Z,0,False
@rumaiyshabatubara219,"Yang menciptakan langit dan bumi adalah Allah Dzat yang Maha Kuasa.. 
Tidak ada yg tercipta secara kebetulan semua nya sudah Dia atur.. 
Dan nenenk moyang manusia adalah adam bukan monyet seperti yang anda katakan",0,2025-09-03T07:30:14Z,0,False
@momoshiki1411,Kalau aku sih nga percaya yg bgini…,0,2025-09-03T07:26:49Z,0,False
@FajarPrasetya-o1g,"Klian percaya 😂😂😂😂 dunia ini penuh dengan misteri manusia hanya pandai menebak, bahkan manusia yg memprediksi belum lahir dunia sudah ada",0,2025-09-03T05:19:44Z,0,False
@MlbbNanaGajah,Nabi adam gak di bahas kok bang manusia pertama di bumi,0,2025-09-03T04:06:02Z,0,False
@jojon767,Ni mah ngayall😂😂😂,0,2025-09-03T02:24:54Z,0,False
@habibahbahrun1698,"keren, setelah nonton ini semakin sadar pikiran manusia itu terbatas.ujung2nya ga ada yg bisa jawab selain dri pada ""Sang Pencipta"". Wallahu'allam...",0,2025-09-03T02:11:38Z,0,False
@leiikyb8571,👍,0,2025-09-02T19:37:13Z,0,False
@kalasenja6876,bumi bulat apa datar hayo,0,2025-09-02T18:53:19Z,0,False
@andikapratama3101,Bahlil harus liat ini sih,0,2025-09-02T18:26:26Z,0,False
@kankspeed,"Bumi kalo bulat ga akan ada laut ..
Bumi kalo datar ga akan ada gunung & lembah",0,2025-09-02T17:59:09Z,0,False
@RevalPratama-n2g,Baru pertama kali lihat video menarik ❤🎉,0,2025-09-02T13:21:16Z,0,False
@sutiniNyonya-v1t,Terima kasih..,0,2025-09-02T09:27:41Z,0,False
@glowiildila,Ini cocok banget untuk dipertontonkan saat belajar dikelas,2,2025-09-02T05:59:55Z,0,False
@JURAGANMUSIK12,"Request, 30 menit betapa mengerikan manusia.",7,2025-09-02T04:49:10Z,0,False
@johnnyy93,"Bahwa Allah kuasa, dulunya langit & bumi menyatu. Al-Anbiya : 30",0,2025-09-01T19:22:07Z,0,False
@RendyAbduloh,p,0,2025-09-01T12:59:00Z,0,False
@khalidnurikhsan1623,"Masyaallah,,,",0,2025-09-01T09:59:27Z,0,False
@IzzuddinAbdurahman-w3z,Keren banget penjelasannya,0,2025-09-01T03:11:21Z,0,False
@barcodeprojectksm9258,"Semua dalam bentuk teori, Krn memang harus di buat seolah alami. Agar sains dianggap masuk akal. Tp jngn. Lupa yg hidup bukan hanya mahkluk bergerak. Yg seolah2 bisa dijelaskan dengan fosil dan ini itu. Tp sampai sekarang mereka tidak bisa menjelaskan bagaimana mana tumbuhan berevolusi. Tidak ada bibit. Tidak ada pemicu agar terbentuknya tumbuhan. Ini menandakan mereka hanya spekulasi agar sains bisa masuk akal. Coba kalian berfikir. Misal tumbuhan. Pertama adalah lumut. Bagaimana. Cara lumut jd mempunyai biji. Lalu lumut bisa menjadi cabai, pohon kelapa, buah pepaya, jenis akar monokotil dan dikotil. Dr mana asal mereka. Dimana sampe budeg juga ga bisa ditemukan teori. Bagaimana munculnya aneka ragam tumbuhan. Mau alasan dr langit atau meteor. Panas meteor brp? Hingga biji2in bisa tahan akan panas ny meteor. Jd memang bagus sains membuat semua hal harus bisa masuk akal. Tp ga bisa jd hal baku. Krn jelas teori evolusi yg dr mahkluk ber sel satu menjadi mahkluk kompleks pun. Hanya pemuas agar ilmu tetap dihargai. Wlw masih menyesatkan. Dlm sudut pandang dan akal.",0,2025-08-31T20:24:23Z,0,False
@cardcraft1121,apakah banyak nya nebula di semesta akan menjadi kehidupan baru,0,2025-08-31T15:36:59Z,0,False
@hepoyfun,"Terbentuk dari kumpulan debu, tapi kenala jadi ada magma ya, di dalam bumi? Darimana?",0,2025-08-31T14:32:34Z,0,False
@hhhhkkkiurew,"Nauzzubillah min zalik,kiamat sdh di ujung pintu akan tetapi maksiat makin bertambah.Akhir dari ini semua kiamat akan datang esok? Semoga kita bisa sadar dgn dosa dosa dan kmbali ke jln yang mustaqim.",0,2025-08-31T13:23:31Z,0,False
@Videoallkucing,Inimah teori manusia dari kera😂,0,2025-08-31T04:09:37Z,0,False
@teropong_pintar,Indah ya bumi kita 😊,0,2025-08-30T19:11:52Z,0,False
@MuhammadMakmun,14:46 Cikal bakal lahirnya Fufufafa dimasa depan.,0,2025-08-30T16:53:46Z,0,False
@wawanNdo,"ini tanda bukti jika manusia memang tidak bisa menguasai bumi,, karena jika BUMI bergerak (bencana alam) perbuahan iklim, maka habislah Manusia semua, dan ini sudah di mulai",0,2025-08-30T15:53:32Z,0,False
@kerenabizz-k1f,"Heran deh, msh ajaaaa percaya bumi bola😂😂",0,2025-08-30T12:04:25Z,0,False
@herrykurniawan223,Kata2 menjadi penjaga   bukan perusak      paling top,0,2025-08-30T10:03:29Z,0,False
@JalanSunyi-n7q,Kerenn,0,2025-08-30T07:56:55Z,0,False
@Su_Dy,Keren sih bang bisa jadikan sumber informasi,0,2025-08-30T01:19:56Z,0,False
@tuffyo536,"Jadi kesimpilannya kita hidup itu gak ada tujuannya sama sekali cuma bertahan hidup terus mati, maka bersenang senanglah gak usah ibadah toh nanti gak ada pertanggung jawabannya, mabok2 an, zina, judi semua itu kan enak sayang kalo gak dilakuin toh gak ada akhirat ini buat pertanggung jawaban 😂",1,2025-08-30T00:42:26Z,0,False
@bayuafriza-im3iz,seruu bangg,0,2025-08-30T00:41:31Z,0,False
@dilacitranindadila4057,sifat  jalal  dan jamal,0,2025-08-29T23:39:50Z,0,False
@ag_ywz666,lebih ngeri negara indonesia,0,2025-08-29T17:36:05Z,0,False
@DidiPermana-e4x,Tak mungkin terbentuk dgn sendiri nya tanpa ada yg mengatur nya...,0,2025-08-29T17:31:16Z,0,False
@muhamadfauzan4983,bang bahas indonesia gelap.,0,2025-08-29T15:31:37Z,0,False
@ukimaisar8390,Bagus banget narasinya dan videografi nya,0,2025-08-29T15:00:49Z,0,False
@Gopir7,Ini soundtrack nya apa ya,0,2025-08-29T09:19:34Z,0,False
@FarzioMagnifico,"LIRERASI DOANG, ILMU ITU LU DAPER DR MANA KO GA DIJELASIN, FILSUF BAHAYA",0,2025-08-29T07:08:53Z,0,False
@vevansteward6934,Mantap dongengnya 😊 cocin untuk pengantar tidur,0,2025-08-28T21:18:32Z,0,False
@Pitoyo-l5r,Bang request 30 menit betapa mengerikannya anggota DPR dikonoha,0,2025-08-28T18:55:23Z,0,False
@oorinky_official,😢😭,1,2025-08-28T17:31:31Z,0,False
@isaalhidayat6631,allah huakbar,0,2025-08-28T14:12:34Z,0,False
@Sisca_Yolanda,narasi pake chat gpt nih 😂 ketauan deh😂,0,2025-08-28T14:01:47Z,0,False
@HRG_BOY,lanjut banggg gw suka yang beginian timbang tobrut👌🏻,0,2025-08-28T13:57:20Z,0,False
@yonathaneldhi,Kapan bahas Indonesia yg inisial DPR bg,0,2025-08-28T13:27:05Z,0,False
@R.Pramudya08,Allohu Akbar......BETAPA Kecilnya makhluk yg namanya manusia😢😢😢😢,0,2025-08-28T13:15:15Z,0,False
@haidarsyn,"Mafia tambang, migas, pejabat korup BANGSAT!!!!",1,2025-08-28T12:00:54Z,0,False
@VerriePepez,Min...lu tau crita ke gitu dari siapa.???,0,2025-08-28T06:59:36Z,0,False
@Doridori_2000,kaum bumi datar saya harap bisa nonton video ini,0,2025-08-28T05:32:10Z,0,False
@abdoelabbas-y1y,"jadi bingung.. 
katanya manusia pertama di bumi adalah Nabi Adam Saw.. 
dan di ciptakan Hawa..",0,2025-08-27T18:13:57Z,0,False
@rey_al,Bang request 30 menit betapa mengerikan nya negara Jawa,0,2025-08-27T17:20:43Z,0,False
@WahyudiWahyudi-e3u,Semuanya atas kuasa dari allah S.W.T sang Pencipta kehidupan,0,2025-08-27T15:07:42Z,0,False
@tomatgustavi2021,Tidak ada yg kekal abadi di bumi ini.... manusia hanya mampir minum saja.,1,2025-08-27T12:25:59Z,0,False
@Omzi-021,"Terimakasih, kontennya bagus",0,2025-08-27T11:17:46Z,0,False
@wavescomplete5085,"Lepas tu, munculla BERUK.  tak lama selepas itu beruk tu bertukar berevolusi menjadi manusia iaitu si etheis..",0,2025-08-27T07:08:29Z,0,False
@ririn-cb5ov,Jd rasanya bersyukur bgt....kalo kita dgrin nya,1,2025-08-27T04:41:19Z,0,False
@AnamSablue-b8x,dari awal video ini saya tambah meyakini bahwa kematian adalah awal dari kehidupan seperti halnya bintang pertama yg mati dan meledak menjadi awal dri proses kehidupan dan juga nanti ketika manusia mati juga merupakan awal dari kehidupan yg sebenarnya,119,2025-08-27T01:56:12Z,18,False
@MydearLove1830,"Betul, proses kelahiran kembali itu nyata. Yang muncul akan lenyap, yang lenyap akan muncul.",6,2025-09-14T19:49:03Z,0,True
@hmmhmmmhmm,Reinkarnasi dong,2,2025-09-19T16:19:52Z,0,True
@MydearLove1830,​@hmmhmmmhmmreinkarnasi sama kelahiran kembali beda,0,2025-09-19T16:51:22Z,0,True
@abdituhandajjal,Isekai dong😂😂😂,0,2025-09-20T17:14:08Z,0,True
@dedesaputra5107,"Wkkkwkw, lawak",1,2025-09-24T16:54:56Z,0,True
@savrysavry3713,Siapa yg menciptakan semua? Dialah ALLAH Subhana huataala,0,2025-08-27T01:34:45Z,0,False
@wafilnurhidayat9777,"Please jangan ada warga indo yang masuk bilang hoax😢😢. Ini konten keren banget, membantu manusia berfikir dan bernalar",1,2025-08-27T01:08:56Z,1,False
@nunugimang99,Hoak,0,2025-08-29T00:54:43Z,0,True
@adhisepti1448,Kesalahannya adalah.. knapa muncul komodo di akhir video 😆😆 dah terharu karena videonya malah muncul komodo .. 😅😅,0,2025-08-26T22:38:36Z,0,False
@yantoaljogjawi2755,"Awalnya serius nyimak
Semakin di simak kok jadi seperti dongeng.
Padahal ilmu sains harusnya bisa di cerna dengan logika.",0,2025-08-26T21:29:04Z,0,False
@KamuNanyak-d7h,Gg,1,2025-08-26T17:45:16Z,0,False
@gideonximenes1015,Skala waktu geologi,0,2025-08-26T17:38:03Z,0,False
@immoyang5679,"Tepuk tangan untk orang yang memberikan informasi semacam ini.
🙌🙌🙌",0,2025-08-26T15:27:13Z,0,False
@AndikaSaputra-hg2jn,Request min 20 menit betapa mengerikan nya pulau Jawa,1,2025-08-26T15:04:33Z,0,False
@yanuarazis9242,"Bumi, umurmu sudah diunjung tanduk, ketika manusia tercipta, maka itu sebuah pertanda, jika usiamu sudah sekian  milyar tahun, apalah arti seribu 1000 tahun bagimu, engkau sudah tua, menanti hari itu tiba, terima kasih bumi dan sampai jumpa di tempat dimana yang kau sudah duga",0,2025-08-26T11:30:06Z,0,False
@windayani7737,"Lalu Aku bersumpah tempat beredarnya bintang bintang 56:75 ❤
Sesungguhnya tidak ada keraguan dalam Al-Qur'an.
Wallahu a'alam bishawab",0,2025-08-26T10:59:12Z,0,False
@sofiyahsofiyah6664,Request betapa mengerikanya jokowi,0,2025-08-26T10:52:59Z,0,False
@AbuDzar-x7h,keindahan itu di rusak oleh manusia yg memiliki sifat keserakahan😢,0,2025-08-26T09:29:36Z,0,False
@iongrafikamunculasli,seberapa akurat narasi di video ini ?,0,2025-08-26T09:09:21Z,0,False
@AbuKusti-a1,"❤ Ternyata Bumi dan seisinya bukan ciptaan Nya, keberadaannya karena proses itu sendiri, Jadi selama ini dibutakan oleh Dogma Agama Penciptaan., ternyata,.. baru Paham, Alhamdulillah 😅",0,2025-08-26T07:27:26Z,0,False
@studentfilms4753,"Dari sini kita belajar, bahwa Tuhan menciptakan kita",0,2025-08-26T06:46:16Z,0,False
@yohanez777,jadi haru 😢😊,1,2025-08-26T05:28:04Z,0,False
@manurung8626,Wah betapa mengerikan ya bumi😱,0,2025-08-26T04:54:19Z,0,False
@manurung8626,Wah betapa mengerikan ya bumi😱,0,2025-08-26T04:50:23Z,0,False
@iruhami,TAKJUB! 🔥,0,2025-08-26T03:37:18Z,0,False
@englishhousebali,"Saya lanjut nonton karna di kolom komentar gak ada yg nulis ""ini sesuai dengan yang di ALQURAN""",0,2025-08-26T01:40:07Z,0,False
@TuanPadukaygmulia,66 juta tahun yg lalu kehidupan manusia dimulai min ? Saya kira sekitar 100 juta tahun yg lalu kehidupan manusia dimulai ada,0,2025-08-25T19:59:44Z,0,False
@artthrock7229,Wkwkwk,0,2025-08-25T18:22:16Z,0,False
@artthrock7229,30menit dpr,0,2025-08-25T18:05:19Z,0,False
@hurycane565,"Apakah betul bumi ini bulat min...
Mohon pencerahannya 😢😢😢",0,2025-08-25T18:03:34Z,0,False
@aditemye,Back to Nature ❤,0,2025-08-25T17:57:54Z,0,False
@ekohidayat1674,"Mari jga bumi ketaatan thp sang illahi, ilmu dan nilai manfaat thp sesama",0,2025-08-25T17:32:23Z,0,False
@fauziadafauziada9011,Lebih mengerikan anggota DPR.,0,2025-08-25T16:40:55Z,0,False
@michaeljeremy,"good job bro, konten yang sangat bermanfaat",0,2025-08-25T16:40:44Z,0,False
@AkunBaruu-k5c,"Hanya orang² males dan minim informasi yg mengatakan dunia/alam semesta dan isi nya terbuat karna kebetulan atau karna keajaiban.
Logika dasar nya, tidak mungkin ada ISTANA dengan sendiri nya, pasti ada yg membuat nya.",0,2025-08-25T15:13:42Z,0,False
@CatatanSeiko,Kureng,0,2025-08-25T12:49:51Z,0,False
@ALBERTUSSSSSS,"Bang, gue mau kebumi dong",0,2025-08-25T12:45:42Z,0,False
@arekmasohichannel,😇👍,0,2025-08-25T10:57:07Z,0,False
@ruslanikece762,30 menit semengerikan apa 2014 2019,1,2025-08-25T10:31:50Z,0,False
@putusujana5848,Kok bisa tau ya ?,0,2025-08-25T10:29:10Z,0,False
@bahrudinzain9496,Sempurna bang,0,2025-08-25T08:28:19Z,0,False
@DatukMaringgi-g4c,"hebtanya dikita tuh kadang percaya dengan karaangan ilusii imajinasi nyampe bahkan mungkin meneliti sampai MILIARAN TAHUN??? simpelnya bagaimana membuktikannya??
sedangkan segala sesuatu yang ada di bumi bahkan jauh sebelum bumi atmosfir atau ledakan yang tadi disebutkan super nova aatau apalah bahasa nya, sudah ada catatan sejarah itu sekitar 1400 thun lalu dan itu bisa di buktikan secara ilmiah atau pun saint dan itu namanya QURAN.  dan tidak sedikit orang banyak tidak mempercayai atau tidak mengetahui bahkan orang tidak bisa membuktikan kesalahanya TAPI  kebanyakan orang tidak TAU dan mencari tau dari QURAN.
dan semua tadi yang diceritakan itu semua tidak ada yang kebetulan melainkan sudah di atur sedemikian rupa sehingga menjadi sistematis dan sesuai dengan kondisinya dan itu ada yang mengatur nya ya itu sang pencipta atau kita sebut ALLOH.
logikan sederhana apakah bumi itu bulat atau datar?? lihat saja secara langsung lautan seperti apa.
NETRAL bukan berarti tidak berpihak. melaikan berpatokan pada kebenaran yang otentik klo tidak itu bukan netral melaikan membohogi diri sendiri dan ego.
maka dari itu kita harus buktikan QURAN dengan hal ilmiah dan itu sudah disebutkan atau dipinta sendiri oleh QURAN.
mungkin sedikit saja referensi QS. Surat Al-Anbiya ayat 30
""Dan apakah orang-orang kafir tidak mengetahui bahwa langit dan bumi keduanya dahulu menyatu, kemudian Kami pisahkan antara keduanya. Dan dari air Kami jadikan segala sesuatu yang hidup. Maka mengapa mereka tidak beriman?"" 
dan ayat ini yang sekarang penemu banyak yang bilang teori BIG BANG
itu salah satunya.
kalo kamu memang ingin mengetahui dan mencari kebenaran akan kamu dapatkan setelah membacanya dan memahami makna nya oleh diri kamu sendiri pun.
karna QURAN bukan hanya untuk umat islam, ataupun para pemuka agamanya, melaikan untuk semua mahluk terutama MANUSIA.",0,2025-08-25T05:57:36Z,0,False
@zenzen001_,"Pembawaannya bagus banget😭❤️ rapi, ga pertele-tele, mudah di pahami. Menyentuh banget. Sebagai orang yang suka sejarah love banget sama video ini, tanpa ada unsur agama, politik, ras, dll tapi pure ngasih pemahaman inti kehidupan secara baik dan lembut❤",42,2025-08-25T05:43:50Z,0,False
@chaflwr8442,"Bumi sudah mengalami banyak hal berjuta juta tahun, dari awal sampai saat ini banyak hal terjadi, apa mungkin kiamat adalah habisnya masa manusia bukan masa bumi? Bisa saja seperti masa” berjuta juta tahun yg lalu habis seperti masa dinosaurus, pd masa kiamat itu masa manusia nya saja yang habis kemudian bumi mempunyai masa baru lagi yg entah apa itu nanti",0,2025-08-25T03:04:51Z,0,False
@rezaaqbar,"Kalau mengikuti histori dr ini, berarti yg setuju full dgn teorinya, setuju jg kalau mereka berasal dari Monyet sesuai hukum teori Revolusi Darwin DAN KALAU ADA YANG HINA+CACI MAKI LU MONYET JANGAN MARAH, NYET!!


😂🤣😂🤣",0,2025-08-24T21:37:06Z,0,False
@x-hareudank9224,"Pada akhirnya bumi akan sepi, yang tertinggal hanyalah penguasa terakhir...raja diatas semua raja...dialah penguasa bumi yg tangguh...
dialah....MULYONO",0,2025-08-24T14:46:05Z,0,False
@AINGEDI,Tolol,0,2025-08-24T13:45:35Z,0,False
@andyfebry8212,"Volume narasi kurang kenceng,, kalah sama backsound",0,2025-08-24T13:20:58Z,0,False
@septi9842,Barakallahu fiikum bang 🙏,0,2025-08-24T12:53:26Z,0,False
@nailulfasikha1406,"bang sumpah keren bangt, aku biasanya gatahan bgt liat vid panjang dan selalu psang speed 2× krna kbnyakan nnton vt pendek 😞 tpi dri awal vt ini smpai akhir aku ga psang speed nya, makasih ya bang sukses terus",0,2025-08-24T12:40:55Z,0,False
@RizkyRakhmadani,"Entah kenapa gua yakin memang sebelum nabi adam dan siti hawa ada manusia lain yang sudah ada dimuka bumi, kan nabi adam disuruh Allah untuk jadi khalifah (pemimpin) dimuka bumi jadi manusia yang benar2 berakal itu ya memang nabi adam manusia lain sebelum itu mungkin mirip2 kaya gorilla atau simpanse yg entah berevolusi mengikuti perkembangan jaman nabi adam atau malah punah sendiri hanya Allah yang tahu wallahualam",0,2025-08-24T12:09:11Z,0,False
@hiskiahubusa7940,Bang saya kurang paham zaman transformasi hewan ke manusia😢,0,2025-08-24T12:06:48Z,0,False
@fforbye8402,"kok bisa ya miliaran juta tahun lalu dipelajari, itu para peneliti gimana belajar nyaaa 🥹🥹🥹",0,2025-08-24T10:37:16Z,0,False
@Zwhooo,"setiap masa ada kepunahan tersendiri untuk berganti ke masa yang berikutnya, begitupun masa yg saat ini kelak akan merasakan hal yg sama",0,2025-08-24T09:25:24Z,0,False
@Boing-Kokbisa,"INI TENTANG PEMANASAN GLOBAL🥵

APA PENYEBAB PEMANASAN GLOBAL :
disebabkan oleh peningkatan emisi gas rumah kaca seperti karbon dioksida (CO2), metana (CH4), dan nitrogen oksida (N2O) ke atmosfer. 

Jika ini terus dibiarkan maka dampaknya akan sangat besar dan mengerikan😱,
Lalu apa yang harus kita lakukan KITA HARUS SEPAKAT, untuk mengubah gaya hidup yang lebih sehat dan pembatasan penggunaan sampah plastik sekali pakai dan mengolah nya dengan Daur ulang Bukan dengan membakarnya karna itu menyebabkan asap yang mengandung racun🥴, ini 
Contoh pencegahannya seperti Tanam Pohon:
Pohon menyerap karbon dioksida dari atmosfer, jadi menanam dan melestarikan hutan sangat penting. 

APAKAH KALIAN MASIH INGAT DENGAN  ZAMAN KEKERINGAN BERUBAH MENJADI ZAMAN ES INI FAKTANYA:

Tumbuhan non-vaskular pertama, seperti lumut dan lumut hati, yang muncul 470 juta tahun lalu, diduga menyebabkan penurunan drastis kadar karbon dioksida di atmosfer, memicu dinginnya iklim dan terjadinya serangkaian zaman es pertama di Bumi. Fenomena ini terjadi selama Periode Ordovisium, di mana tumbuhan darat yang belum memiliki akar dalam ini mengubah iklim global, menyebabkan berhentinya peningkatan kehidupan laut dan berakhirnya periode kekeringan untuk memulai zaman es. 
 
Pada pernyataan diatas dapat di garis bawahi, menanam pohon itu sangat penting untuk menurunkan KARBON DIOKSIDA dan pencegahan terhadap gas Rumah Kaca

Mari kita sepakati ini bersama dengan melestarikan agar BUMI kita ini kembali Sehat😊",1,2025-08-24T08:09:13Z,0,False
@AgungMahendra-j6f,Karangan... nol besar.  Tak ada dasar bukti kuat.,0,2025-08-24T01:40:22Z,0,False
@alainwidan,wow,0,2025-08-23T23:30:41Z,0,False
@Dananjaya-saja,3jt/hari bisa melupakan hal yg mengerikan bukan ??,0,2025-08-23T20:32:25Z,0,False
@MasSamu-sx2bw,Sok tau,0,2025-08-23T19:12:43Z,1,False
@b2rica666,Mirip koruptor,0,2025-08-24T12:15:12Z,0,True
@fakunmahesa8555,"Dan kalian sadar gak dimana ada genangan air pasti disitu ada ikan walaupun kadang jauh dari sumber mata air,tpi harus dikroscek dulu genangan air yang gak pernah surut.....coba kalau dipikir secara nalar dari mana datangnya ikan sedangkan jauh dari aliran air seperti sungai dll....",0,2025-08-23T17:01:00Z,0,False
@ockay7893,Bang request 30 menit betapa mengerikan nya DPR bang,0,2025-08-23T16:56:23Z,0,False
@rezamaok7905,Dari benda mati penuh magma dan gas beracun..kok tiba² ada hewan atau kehidupan..mereka itu dikirim darii suatu tempat atau terbentuk dari debu atau gas beracun...atau dari batuan yg tiba² hidup...,0,2025-08-23T16:46:44Z,0,False
@arbas8637,"Jika bumi telah beberapa kali mengalami fase keheningan. Maka apakah di jaman manusia ini, bumi akan kembali mengalami keheningan? 😢",0,2025-08-23T16:11:30Z,0,False
@andyvikacuchannel,Bumi menangis dan menolak saat tahu bahwa dirinya akan di huni manusia.tapi bumi merasa tenang ketika tahu bahwa akan ada kekasih yang membuat bumi ada ikut menghuni bumi.,0,2025-08-23T15:14:51Z,0,False
@AbdiAdam-b1i,Manusia di ciptakan dari tanah 😢😢,0,2025-08-23T14:37:58Z,0,False
@ElisM-x1z,Dari mana Abang ini tahu bahwa bumi kaya gitu sebelum ada kehidupan,0,2025-08-23T13:54:50Z,0,False
@yosie89chopin10,Kerennn bangett... video edukasinya.. saya tonton sampai selesai loh...❤❤❤❤❤,1,2025-08-23T13:07:25Z,0,False
@nanikwiharti4881,"Manusia pertama yg menginjak bumi adalah Nabi Adam,,,, manusia bukan dari manusia purba.",0,2025-08-23T13:04:37Z,0,False
@PatingTrocoh,Mirip kamar film,0,2025-08-23T12:57:32Z,0,False
@RendiJulian-r6r5i,Salfox sama bacaan nasi kan harusnya NASA,0,2025-08-23T10:19:36Z,0,False
@decode704,next jaman robot ya berarti,0,2025-08-23T07:08:37Z,0,False
@Ammogreen,Sains adalah dongeng masa depan,0,2025-08-23T07:02:55Z,0,False
@TitisJuwan,Bumi tanpa pajak mungkin akan jadi lebih baik,0,2025-08-23T04:39:06Z,0,False
@RinZuki46,ternyata tujuan black goku emg benar,0,2025-08-23T03:09:28Z,0,False
@KazuKaedara,Nice video,1,2025-08-23T02:23:24Z,0,False
@fredocalvin,"Request Bang, 30 menit mengerikannya anggota DPR Indonesia",0,2025-08-23T01:58:40Z,0,False
@iceserve5758,invalid,0,2025-08-23T01:20:45Z,0,False
@Xiaohekianu,"Lengkap sekali smape covid juga di bahas,.😂",0,2025-08-22T22:13:16Z,0,False
@ImahQuin,Teori paling bodoh,0,2025-08-22T22:12:26Z,0,False
@Xiaohekianu,"Kemudian terciptalah para koruptor dia bagian dari manusia juga,hama nya rakyat kecil😅",0,2025-08-22T22:12:12Z,0,False
@Xiaohekianu,"Sekalian aj kupas tentang akirnya bumi atau hari kiamata, bukan nya semua itu ciptaan Allah.😂ada ada aja teorinya, jelasin juga kenapaa ada manusia ganteng dan jelek",0,2025-08-22T22:10:01Z,0,False
@Xiaohekianu,Dinosaurus itu fiksi tidak ada😅.itu hanya perkiraan saja.tentang makluk purba,0,2025-08-22T21:54:30Z,0,False
@dikakc,bumi akan reset lagi ⏳,0,2025-08-22T20:41:12Z,0,False
@Sinoleid,"Ini adalah asumsi adek adek, Sejatinya bumi diciptakan tuhan untuk manusia, bukan terjadi karna supernova. Tetap rasional dalam lingkar islam.",0,2025-08-22T19:26:25Z,2,False
@IlhamMahessa-s5h,"ngakak, bok mabok",0,2025-08-22T21:59:27Z,0,True
@sophomore19,"Kalo kamu emang ga paham ya gausah bawa-bawa Islam, ga semua hal yang kamu ga pahami itu otomatis jadi asumsi, bisa jadi emang otakmu aja ga mampu menyerap.  Lagi pula Tuhan kasih manusia otak buat berpikir dan mencari tau segala sesuatu, bukan buat pajangan doang.",0,2025-08-24T10:56:39Z,0,True
@PadlyBoys,jam2 jam2 jam2 jam2 jam2 jam2 jam2 jam2 jam2,1,2025-08-22T18:59:17Z,0,False
@nazmimaf,Manusia makhluk paling serakah yang ada di bumi ini,0,2025-08-22T18:42:18Z,0,False
@aryaputraradiyta,"Stephen Hawking pernah bilang 

Agama biasanya percaya begitu saja pada aturan atau ucapan tokoh yang dianggap suci, tanpa harus dibuktikan.

Sains justru mencari kebenaran lewat bukti nyata, pengamatan, dan logika.

Menurutnya, agama memang bisa bikin orang merasa tenang, tapi kalau untuk menjelaskan dunia, agama itu seperti cara yang “malas”, karena berhenti di jawaban “itu sudah kehendak Tuhan” tanpa mencari penjelasan lebih jauh.",8,2025-08-22T17:26:58Z,3,False
@jhehehe1,"Jangan menggiring opini seakan-akan agama itu hanya ‘berhenti di jawaban kehendak Tuhan’. Tidak semua orang beragama berpikir seperti itu, banyak juga tokoh agama yang mendorong penelitian, logika, dan pengetahuan. Sains dan agama bisa berjalan berdampingan tanpa harus saling menegasikan. Jadi sebaiknya jangan membuat generalisasi berlebihan",1,2025-08-22T18:50:05Z,0,True
@syafiqputrajaya,"Saint itu pemikiran dan perkiraan manusia,tidak pasti dan 100% benar.

Justru kita manusia harus sadar bahwa seluruh yg ada ini ada pembuatnya siapa lagi kalau bukan Tuhan.
Ingat orang2 saint itu manusia.manusia hanya sebagian dari megah dan agungnya hasil dari sang pencipta.lalu kenapa kita harus mengagungkan hasil kerja saint lalu mengesampingkan keagungan Tuhan ???
Tuhan mampu melakukan apapun termasuk mengabarkan sesuatu kepada mahluk ciptaannya.
Manusia tetaplah manusia mahluk ciptaannya yg di bekali akal dan pikiran tapi tidak kekal,sdah bnyak orang2 yg bisa bicara tentang saint dan hal apapun,tapi sekarang mereka sudah meninggal dan bisa di bilang hanya meninggalkan sebuah kisah.",3,2025-08-22T19:52:24Z,0,True
@darkbasstrap,coba Lu cek di Al Qur'an Wak jngn cuma 1 kitab😂,0,2025-08-24T09:43:27Z,0,True
@UdinPetot-i3f,"sering banget main game tentang luar angkasa, mendarat di planet antah berantah dan mulai merasakan""di game aja sebesar gini apalagi di dunia nyata""kaya ngeri banget ngebayangin nya",0,2025-08-22T15:52:42Z,0,False
@Ceriasss,Betapa Mengerikanya PEJABAT,0,2025-08-22T15:48:34Z,0,False
@AgusHermanto-su7xv,Lanjut bang,0,2025-08-22T15:34:28Z,0,False
@Rosyid10,"Evolusi manusia dari kera menjadi manusia itu hoax. Justru manusia yang sangat bodoh dan rakus bisa melahirkan kera, kalaupun kera cerdas dan beradab tidak akan bisa melahirkan manusia. Sudah diceritakan dari dulu manusia yang serakah dan tidak patuh pada tuhannya dikutuk jadi kera.",0,2025-08-22T15:21:02Z,0,False
@marcelanggersaputra3265,absolut cinema jirrr❤,1,2025-08-22T14:38:19Z,0,False
@HevanKim,Teori benua belum ada😂😂,0,2025-08-22T14:09:15Z,0,False
@keisha212,Bang. Request 30 menit. Seberapa palsu nya ijazah jokowi,0,2025-08-22T14:05:28Z,0,False
@donalmasif6595,"Yg JD pikran saya dari dulu, alam semesta yg tdk terbatas ini, knp cmn bumi yg ada kehidupan , pdhl ada milyaran galaksi di alam semesta ini.",0,2025-08-22T13:33:50Z,2,False
@ferdinanreza18,"emg siapa bro yg bilang hanya bumi yg ada kehidupan? alam semesta sangat luas, setiap planet ke titik planet sangat jauh. dan syarat adanya kehidupan pasti ada oksigen dan air, sedangkan oksigen dan air ada karena kondisi planet tsb sudah stabil (spt bumi) tidak ada tabrakan/gangguan dari luar spt meteor yg mengacaukan semuanya...",0,2025-08-22T14:47:56Z,0,True
@CR-kx6qd,Lu tau darimana klo cuma bumi yg ada kehidupan?,0,2025-08-23T04:59:32Z,0,True
@sukiyem3235,"Inti dari video ini adalah manusia bukan hanya tinggal di bumi, tapi kita berasal dari debu bintang. Artinya kita benar benar diciptakan dari tanah",0,2025-08-22T13:21:02Z,0,False
@ELChannel0310,Lebih mengerikan Mulyono bang,0,2025-08-22T13:18:59Z,0,False
@MicoSaputra-x4f,Wow,0,2025-08-22T12:48:05Z,0,False
@intanrealme3854,"sains tdk bisa di pisahkan dari keberadaan Tuhan... tuhan betul2 esa, dan berkuasa...",2,2025-08-22T12:21:05Z,0,False
@SaptoHardjono,Sangat suka sekali ...menambah wawasan dan menambah tingkat keimanan kita kepada sang Kholiq yang maha segalanya,0,2025-08-22T11:54:41Z,0,False
@hardiansyahlubis5515,Tahu dr mana ? bumi hasil dari pecahan super nova ?,0,2025-08-22T10:16:23Z,0,False
@AInimals-99,"""Dan Allah telah menciptakan semua jenis hewan dari air, maka sebagian dari (hewan) itu ada yang berjalan di atas perutnya dan sebagian berjalan dengan dua kaki, sedang sebagian (yang lain) berjalan dengan empat kaki. Allah menciptakan apa yang dikehendaki-Nya. Sungguh, Allah Mahakuasa atas segala sesuatu"" (QS An Nur : 45)",22,2025-08-22T08:06:52Z,20,False
@SOUTHEASTASIA-q9z,Berevolusi,0,2025-08-29T01:33:15Z,0,True
@fajaradinugroho337,Gak usah cerita dongeng disini,4,2025-08-29T11:39:23Z,0,True
@ShalsyaJesicca,"@fajaradinugroho337kalo ada hadisnya bukan dongeng oten goblok, emg ada di dibble ayat ginian",0,2025-08-29T20:45:26Z,0,True
@AInimals-99,​@fajaradinugroho337coba lihat terjemahan Alquran di hp anda pak kalau saya dongeng 😂,0,2025-09-11T03:41:31Z,0,True
@AInimals-99,Surat dan ayatnya jelas ​@fajaradinugroho337,0,2025-09-11T03:41:52Z,0,True
@untukanda8108,Pertanyaan nya adalah bagai mana bisa manusia mengetahui nya sementara pada saat itu belum ada kehidupan,0,2025-08-22T07:59:38Z,0,False
@Mixueee1212,"Banyak kadrun yang sangkut pautkan agama mereka🤣
Padahal ILMU PENGETAHUAN DAN AGAMA jelas"" bertentangan, masi aja ngeyel 🤣",0,2025-08-22T05:23:32Z,0,False
@glennthenics,Keren bang,0,2025-08-22T04:21:13Z,0,False
@blueside811,"Terbentuknya bumi bagai ditempa dengan teknik dan struktur yg sempurna, segala kejadian seakan dibuat khusus dan istimewa untuk sebuah ciptaan yg luar biasa. Sangat menakjubkan",0,2025-08-22T03:48:09Z,0,False
@miftahjamill,Waktunya bobok 😂,0,2025-08-22T03:07:14Z,0,False
@Dummy-bd7oq,"video nya bagus banget.😢
ga kebayang irinya pedahulu2 kita yang tinggal di bumi tapi saat bumi masih belum bisa melindungi. 

kita yang tinggal saat bumi sudah bisa mendukung , malah kita yang membawa kehancuran tersebut",0,2025-08-22T03:06:13Z,0,False
@lagoonproject9553,kospirasi global,0,2025-08-22T02:58:14Z,0,False
@ds625,ternyata asal muasal teori darwin,0,2025-08-21T23:40:44Z,0,False
@DaisyLiliale,"Keren bgt videonya, terima kasih ilmunya",0,2025-08-21T22:58:51Z,0,False
@kvncrhst,mas ijin jadi bahan nobar anak anak kampus boleh…?,0,2025-08-21T21:39:56Z,0,False
@dai_kuncoro,"nonton ini video feelnya berasa kayak interstellar, dengan bahasa yang lebih sederhana dan mudah dipahami tapi berbobot",0,2025-08-21T19:44:15Z,0,False
@ZezeNewbie,Dan pada saat itulah bumi di guncang langit di runtuhkan dan para koruptor berhamburan,0,2025-08-21T19:20:02Z,0,False
@Kapt.Mugiwara,"Bumi tidak mengerikan, yg mengerikan itu penghuninya. MANUSIA",0,2025-08-21T18:35:15Z,0,False
@RobiBerry,"Cerita khayalan para ilmuan yang otaknya melewati jaman nabi adam As.tapi enak di dengar,ku anggap aja dongeng 😂😂",0,2025-08-21T17:21:06Z,0,False
@rafierrizkiokisaputra1568,"nonton begini tengah malem, ujan tapi ujan nya ga terlalu deres.",0,2025-08-21T16:26:17Z,0,False
@BahayaSihhh,Allahu Akbar 😇🙏,20,2025-08-21T16:15:15Z,1,False
@FatimaLs-z8j,"Tanpa ada suatu kekuatan bsr dibalik semesta, maka benda langit akan saling bertabrakan.  Bersukur lah",1,2025-10-12T21:12:46Z,0,True
@amirmukminin3658,tetap lebih ngeri & menakutkan negara indonesia beserta sistem hukum²nya dan seisinya,0,2025-08-21T14:57:28Z,0,False
@mr.k7869,Mantap bang makasih ilmunya,0,2025-08-21T14:36:42Z,0,False
@aanstudiopro8569,Bang manusia pertama katanya nabi adam yg di turunkan dari surga,0,2025-08-21T14:22:35Z,0,False
@aliyasaputri5082,Lu tahu dari mana,0,2025-08-21T14:19:29Z,0,False
@Barka-Mr.B,Akankah ada kehidupan sesudah manusia,0,2025-08-21T14:09:34Z,0,False
@losslhor,bumi datar pa bulat,0,2025-08-21T13:53:07Z,0,False
@abangijay5524,Bang request betapa mengerikannya gedung DPR,0,2025-08-21T13:44:40Z,0,False
@TatangT4,"Kesimpulannya bumi tercipta dari partikel"" hasil ledakan super nova bintang, berarti kalau begitu seharusnya ada kemungkinan bahwa ada planet lain yang sama persis dengan bumi? Hmmm menarik.

Bisa di bahas gak itu bang?",0,2025-08-21T13:16:21Z,0,False
@m.zainudinza7869,👍,0,2025-08-21T12:16:11Z,0,False
@just_play_game_id,Mimpi basah ateis,0,2025-08-21T11:51:51Z,0,False
@Isan-chand,Sungguh literasi yang masuk di akal sehat tentang penciptaan alam semesta dan kehidupan yang tidak pernah ku dapatkan di dalam agamaku ini. kenapa orang2 jaman dulu harus berbohong dan menceritakan hal hal yang tidak masuk akal,1,2025-08-21T10:32:35Z,7,False
@fikirseluruhalamfikirselur3563,"Satu hal yg harus diingat bahwa agama itu bukan sains, jadi bagaimana mungkin anda mendapatkan keterangan penciptaan alam semesta dalam agama secara detail.

Agama itu adalah aturan yg mengikat bagaimana hubungan antara manusia dengan pencipta dan hubungn antara manusia dengan alam.

Kalau ada keterangan dalam agama yg menurut anda tak masuk akal, maka itu menandakan bagaimana lemah dan terbatasnya akal manusia. 

Kalau anda adil, apakah narasi dalam video diatas sesuai dengan akal anda???? Padahal semua narasi dalam video diatas saat ditayangkan tak satupun menyertakan fakta-fakta ilmiah, contohnya narasai bumi telah diciptakan milyaran tahun lalu, tapi anda langsung percaya. Itulah salah satu bukti lemahnya akal manusia kawan, dia hipokrit dan berlagak sombong seolah akalnya adalah awal dan akhir😊",0,2025-08-21T16:17:05Z,0,True
@Mixueee1212,"Ilmu pengetahuan dan agama adalah 2 hal yang bertentangan, jadi kalau udah gede mikir make otak yah",0,2025-08-22T05:20:23Z,0,True
@fikirseluruhalamfikirselur3563,​@Mixueee1212Apa selama ini dia mikir pake dengkul yah? 😅,0,2025-08-22T05:28:58Z,0,True
@Mixueee1212,​@fikirseluruhalamfikirselur3563 mungkin gak pernah mikir sama sekali 🤣,0,2025-08-22T05:48:40Z,0,True
@Isan-chand,​@Mixueee1212makanya itu kalo sudah gede akal semakin terbuka dan agama hanyalah di mulut saja di sebagian orang.,0,2025-08-22T06:20:43Z,0,True
@HansS224,Luar biasa pada yang maha kuasa menciptakan semua ini dari nol hingga sukses,1,2025-08-21T09:35:41Z,0,False
@mayde-m6w,Bang voice over nya pkek AI apa bang?,0,2025-08-21T09:33:51Z,0,False
@AnKurniaSutafar,"Gua jamin lu gila dan takut.
Coba lu pikirin lu ini siapa, kenapa lu hidup, dan benar"" lu pikirin kenalin diri lu siapa sebenarnya.
Gua yakin lu bakal ngerasa takut dan ga kenal diri lu sendiri siapa.
Gua merasakan dan mikir gini udah lama, setiap gua pikirin gua ga kenal sama diri sendiri, dan itu membuat gua takut, dan harus buru"" alihin pikaran itu..
Gua gatau apakah disini ada yang sama seperti yang selalu gua rasain ?",9,2025-08-21T07:07:30Z,4,False
@MarYani-hc6fp,"Sama bg, ternyata masa kanak2 itu singkat😢",0,2025-08-21T13:55:05Z,0,True
@gamakichiii,"katanya kalo udah muncul pikiran kayak gini, itu tanda2 spiritual awakening kak",1,2025-08-25T04:18:49Z,0,True
@cand017,​@gamakichiiisource?,0,2025-09-06T06:24:38Z,0,True
@semaxcemacknootropiccemaxn2233,Teruskan lebih jauh klo dimensi spiritual kuat bisa.. akan melihat sesuatu yg belum prnah dilihat sebelumnya,0,2025-10-12T15:27:19Z,0,True
@nosa866,2:41 warning jumpscare,0,2025-08-21T06:16:54Z,0,False
@MahadAl-Birr,amazing,0,2025-08-21T05:29:37Z,0,False
@pendekaragus4675,Dongeng sebelum tidur🥱,0,2025-08-21T05:20:16Z,0,False
@vidiky,"Salam hormat dan salam kenal buat mimin, terima kasih ilmu yg ditularkan semoga kita semua dpt menjaga bumi ini sprt kita menjaga diri kita sendiri",0,2025-08-21T03:33:15Z,0,False
@dedewidodo6565,Bang udah bang😭😭 30 menit yang beneran bikin merenung apalagi di 10 menitan terakhir.,0,2025-08-21T02:35:48Z,0,False
@arsiarsiv3598,bagaimana anda bisa mengetahui asal usul dunia dan bumi ini.sedangkan anda diciptakan dari segumpal tanah dan baru dilahirkan kemarin sore.tidak ada satupun manusia bisa menceritakan asal usul isi bumi kecuali maha yang menciptakan Allah SWT.cerita anda hanya sekedar dongeng atau manusia hanya bisa berhalusinasi karena mereka tidak pernah tau bagaimana bumi bisa terbentuk dan mereka bisa ada di bumi ini itu semua rahasia Allah SWT 🙏🙏,0,2025-08-21T01:27:26Z,1,False
@Mixueee1212,"Wkwkw ,otak kadrun emang beda yah , apakah kalian diciptakan tanpa akal budi?",0,2025-08-22T05:22:11Z,0,True
@wiramotor-gh9mz,Seluruh gurun akankah menghijau?,0,2025-08-21T01:02:24Z,0,False
@uwaisalhikam427,Suka dengan videonya❤,0,2025-08-21T00:58:31Z,0,False
@abbabol5172,KUNFAYAQUN,0,2025-08-20T22:12:52Z,0,False
@MudaRejosariofficial,"Mantap karangan yang naratif, karena kalau Ndak percaya tidak ada larangan",0,2025-08-20T22:11:38Z,0,False
@emanuel_kenoob,Katanya 30 ehhhhh ehh ehh 🗿 nihh lebihh 20 detik🌅,0,2025-08-20T19:41:28Z,0,False
@kokonurachman5350,Ahhh yg bener?? Ciyuss? Kebanyakan ngarang lo,0,2025-08-20T18:37:00Z,0,False
@irawankurnia1156,"Adam adalah tokoh sentral dalam keyakinan agama, sedangkan ""manusia purba"" adalah istilah ilmiah untuk menggambarkan berbagai jenis manusia yang hidup di masa lalu berdasarkan bukti fosil dan penelitian. Keduanya memiliki perbedaan signifikan dalam hal status, masa waktu penciptaan, dan peran.",1,2025-08-20T18:19:39Z,1,False
@cand017,Benar banyak yg belum bs memisahkan peristiwa ini,0,2025-09-06T06:39:04Z,0,True
@DzLen,sebelum tidur cik,0,2025-08-20T18:12:09Z,0,False
@obatngamukmusik,kalau ledakan supernova / bigbang tidak di sengaja alias kebetulan atau terjadi begitu saja . kenapa hanya saat itu dan skrng tidak ada lagi tuh . lalu kalau makluk hidup bervolusi kenapa hewan dan manusia sekarang tidak berubah lagi jadi apa gitu 😅😅😅,0,2025-08-20T18:11:28Z,0,False
@lalangabdulah7466,"Gw ga percaya saat awal pembentukan bumi..Air langsung ada.. 
Kalo air ada di bumi kenapa di planet yg lain air tidak ada? Padahal material nya sama seperti bumi dari bintang yg mati..
Dan air itu lebih tua dari bumi itu sendiri..",0,2025-08-20T18:08:11Z,0,False
@ΗΛΙΟΣΗΛΙΟΣ7,siap pindah planet min😊,0,2025-08-20T17:39:50Z,0,False
@latahzannn,"Diciptakan oleh pencipta alam semesta yaitu Allah, Tuhan yang Esa",0,2025-08-20T17:08:00Z,0,False
@CJ.warlok,"wait,, dari organisme appa dino lahir",0,2025-08-20T17:03:36Z,0,False
@slametjulianto,"Alam Semesta dan Segala Isinya, baik yang kelihatan maupun yang Tidak kelihatan, Termasuk Super Nova, Galaksi, Tata Surya, Bumi, Flora dan Fauna dan juga Manusia dengan segala kegiatannya adalah ""Wujud KehendakNYA"" yang ""Pas Tidak Kurang dan Tidak Lebih"", sesuai dengan Peran masing-masing . . MAHA SUCI ALLAH",0,2025-08-20T17:00:04Z,0,False
@NarayanaIbnupahrudin-b8e,"Bismillaahirrohmaanirrohiim....
Maha suci Alloh Tuhan yang maha esa yang telah merancang dan menciptakan Alam semesta ini dengan begitu indah dan sempurnanya ya mas !
Dan tentunya Tuhan Alloh swt , yang tidak ada Tuhan yang berhak disembah selain DIA seorang !
Dan tentunya Alloh swt punya maksud dan tujuan untuk apa DIA menciptakan manusia2 di bumi ini ? Untuk BERIBADAH kepadaNya !! Nah , itulah tujuan ALLOH SUBHAANAHU WATA'ALAA kenapa Dia menciptakan kita manusia ini... 
Subhaanalloh , walhamdulillaah , walaa ilaha illaallohu wallohu akbar... walaa haulaa walaa quwwata illaa billaah.... 
Allohumma sholli ala sayyidina muhammad wa 'ala ali sayyidina muhammad ...

Eh mas admin yang ganteng dan baik hati lagi dermawan bagi minta uang nya dong aku mas... ini
Norek atm bank BRI saya  
 436001006299530   atas nama pino chandra ...thank's you sir ..",0,2025-08-20T15:50:43Z,0,False
@leonardomongdong1785,"konten yang menakjubkan dengan visual luar angkasa dan planet dibalut dengan narasai phrase dan diksi yang indah

NICE CONTENT BRO! 👊",0,2025-08-20T15:44:40Z,0,False
@muhamadhifniawaludin8351,keren bang inspirasi dan motivasi lu❤❤❤,0,2025-08-20T15:08:29Z,0,False
@chomsamauliddin216,"Halahhhh!!! ngacooooo berat !!! mana ada zat kimia atau benda mati bisa menyebabkan kehidupan berupa makhluk hidup,,, terkait reproduksi dll,,,teori kafir !!! Ateis !!!",0,2025-08-20T14:42:09Z,0,False
@sideskye4237,"Kabar baiknya, banyak masyarakat di negara luar sana yang mulai sadar dan mulai menjaga  lingkungan, tapi sayangnya negara ini bukanlah salah satunya, mayoritas manusia di negara ini tidak memperdulikan lingkungan, alam, serta ekosistem, mereka hanya memikirkan keuntungan untuk hidupnya sendiri.
Meskipun bukan satu-satunya negara yang  masyarakatnya banyak merusak, tapi masyarakat di sini adalah bukti nyata betapa tamak dan rakusnya spesies kita.",0,2025-08-20T14:30:10Z,0,False
@m.zakizamzami5440,Teori monyet masih dipake bg?,0,2025-08-20T14:27:05Z,0,False
@ratnanana8840,"Klw nnk moyang manusia ikan,monyet,,terus knpa skrng masih ada ikan & monyet??😅😅,,agak aneh memng,manusia bisa bikin konten kyk gini,,s,akan tau betul asal muasal semesta,,anggap aja dongeng lah",0,2025-08-20T14:02:16Z,0,False
@muladi7567,Pembahasan nya kurang mendalami banyak yg singkat singkat😢,0,2025-08-20T13:54:40Z,0,False
@Vezi222,Jijik komen islam😂,1,2025-08-20T12:31:03Z,0,False
@zonahacking4593,dino sebenernya tidak ada dibumi,0,2025-08-20T12:19:21Z,0,False
@Anggasatu-n7i,Ingat ya adik2 ini hanya dongen semata,0,2025-08-20T12:10:40Z,0,False
@Dzieckoaksadaruferi,Tau dari mana bang cerita ini? kan belum ada manusia tu,0,2025-08-20T10:47:30Z,0,False
@idahasanah1850,"Sayangnya bumi kita sudah terlalu padat penduduknya sehingga menimbulkan kekacauan, misalnya peperangan, keserakahan, pencemaran, kriminalitas, dll.",0,2025-08-20T09:18:06Z,0,False
@qbothalfara7489,👍🏼😎👍🏼,0,2025-08-20T07:48:02Z,0,False
@mandauchiha3569,"bila pemahaman penciptaan alam semesta dibawa kesatu tujuan yaitu Allah maka akan menghasilkan imam, bila pemahaman penciptaan alam semesta tidak ditujukan kepada maha pencipta maka hasilnya adalah kufur...karena hanya akal logika saja yg disembah",0,2025-08-20T07:39:10Z,0,False
@forlifenisa3009,"Lebih ke betapa mengerikan manusia 😢 btw kontennya keren, saya subs channel nya untuk belajar adik saya👍",0,2025-08-20T06:18:45Z,0,False
@fransiscusxav-spirtus857,"Saya Akui Bro....
Narasimu Hebat & Sangat Memukau sekali.....

Tapi sayang sekali.....

Kenapa *PERAN TUHAN ALLAH SWT* gak sama sekali anda singgung ???
padahal *ALLAH SWT adalah Sang KREATOR atau PENCIPTAnya*....

DIAlah Awal dari segala yang Awal....dan Akhir dari segala yang Akhir....

semua Narasi Hebat yg anda bacakan. tadi...tidak akan Pernah Terjadi kalo tidak atas Seizin-NYA...",1,2025-08-20T06:17:22Z,2,False
@dimsky5355,Kok maksa 😂,0,2025-11-24T22:42:48Z,0,True
@fransiscusxav-spirtus857,"​@dimsky5355

Gerombolan TAPIR OTEN Pemuja Berhala yaah ???

pantas aja..... bisa BAB, bisa Pipis di puja2....
yaa akhirnya  jadi Konslet gini Otaknya....😂😂",1,2025-11-25T00:04:51Z,0,True
@dibelakangkita2982,"Tanah yg kita injak hari ini.
Sudah ada dari milyaran tahun yg lalu...
Lantas... Dmn manusia pertama? Dan seberapa besar sang pencipta alam semesta.",0,2025-08-20T05:46:24Z,0,False
@JoniHartawan-t4e,Kenapa tidak ada campur tangan tuhan di video ini?,0,2025-08-20T05:45:22Z,0,False
@Kangherman99,Bumi yg kita tempati inikan terus mengembang secara perlahan diibaratkan kita ini sedang berada diatas balon besar yg terus mengembang yg sewaktu waktu bisa meledak,0,2025-08-20T03:52:42Z,0,False
@MisterMuda.,"so tau bumi itu di ciptakan oleh tuhan, klo ga percaya tuhan jangan hidup,mati aja",1,2025-08-20T03:18:28Z,0,False
@MisterMuda.,so tau,1,2025-08-20T03:17:42Z,0,False
@LasmanaAdipati,"Nice cnel ini mengedukasi ga kaya cenl lain yg modal reaksen""gjls ngambil video orng😂gada edukasi nya ,matapp bang maju terus yt nya",0,2025-08-20T02:33:56Z,0,False
@herudesembri,"Pandangan dampak dari Antroposentris sekali ya bang, keren",0,2025-08-20T02:33:38Z,0,False
@alwahyufa8624,Video ini harus viral dan sering di putar di tv nasional. Sering nongol di medsos,0,2025-08-20T01:16:17Z,0,False
@ajixclasher,"Nunggu Komentar Koenci Soergaaa, bawa"" Ciptaannya😅",0,2025-08-19T23:44:49Z,0,False
@izyanelfatih6629,Hanya allah yg tau,0,2025-08-19T23:05:05Z,0,False
@wawansenju475,p,0,2025-08-19T20:12:16Z,0,False
@ngapakepontianak5842,Science yg ternyata sdh disbtkan dlm kitab suci Al Qur'an.,0,2025-08-19T18:10:13Z,0,False
@IKINIKOOFFICIAL,bang request betapa mengerikannya hukum indonesia ❤,0,2025-08-19T18:01:23Z,0,False
@prettypuke7324,Dinasaurus😂,0,2025-08-19T17:04:49Z,0,False
@Vickarsuryatama25,"Berarti bumi sudah pernah mengalami kiamat di zaman era kepunahan massal PERMIAN, ,dalam hal ini beraeti bumi akan kiamat kembali dalam kurun waktu tertentu.",0,2025-08-19T16:39:41Z,0,False
@tessiandika191,"giliran bahas sejarah yg ada embel embel agama nya langsung dihujat dikatain dongeng hehe, padahal mah sama aja cuma beda sudut pandang doang",0,2025-08-19T16:12:54Z,0,False
@ItsMe-lj3gj,Lbh mengerikan pemerintah indonesia deh bg,1,2025-08-19T16:02:42Z,0,False
@arbadhuhatamayusuf9063,KITA JEJAK GENETIK PALING CERDAS TERAKHIR DI JAMAN AKHIR...  DARI MILYARAN TAHUN YG LALU!!!❤,0,2025-08-19T15:08:50Z,0,False
@dodycamel801,good,0,2025-08-19T14:38:15Z,0,False
@broanton755,Dongeng sebelum tidur,0,2025-08-19T14:20:52Z,0,False
@ForAll.FromTimothy,Udah pernah podcast sama Tuhan min?,0,2025-08-19T13:49:59Z,0,False
@DoniKosonktujuh,Kan ledakan yaa... kenapa kok bisa berbentuk bulat teratur..!!,0,2025-08-19T13:14:38Z,0,False
@dinayah9,😢❤,0,2025-08-19T12:52:11Z,0,False
@RadicalMindsettt,"Betapa mengerikannya DPR RI, ga kerja digaji 3 juta per hari. sinting",0,2025-08-19T11:01:14Z,0,False
@SepzA-o3i,"اِنَّ فِيْ خَلْقِ السَّمٰوٰتِ وَالْاَرْضِ وَاخْتِلَافِ الَّيْلِ وَالنَّهَارِ لَاٰيٰتٍ لِّاُولِى الْاَلْبَابِۙ ١٩٠

Artinya: ""Sesungguhnya dalam penciptaan langit dan bumi serta pergantian malam dan siang terdapat tanda-tanda (kebesaran Allah) bagi orang yang berakal,"" (QS Ali Imran: 190)",0,2025-08-19T10:09:27Z,0,False
@Nawaf7-d4r,Gua jadi berpikir apakah kiamat yang di ceritakan itu adalah reset bumi dan menciptakan kehidupan baru,0,2025-08-19T07:45:46Z,0,False
@CanduShopping,"Narasinya cantik bgt, kalimatnya menari-nari dengan nyaman di telinga",0,2025-08-19T06:38:44Z,0,False
@achmadnur-1352,Bang request 30menit betapa mengerikannya termul dan mulyono buat bangsa indonesia,0,2025-08-19T04:09:12Z,0,False
@dinaatika_YT,"Apa ada selain aku yg nangis , aku dengerin perkata nya dgn fokus smpe kebawa suasana sehingga aku nangis betapa berjasa nya bumi ini kpd makhluk yg bernama manusia , tpi sadarkah kita sbg manusia sudah banyak merusak bumi ini 😢",0,2025-08-19T03:44:46Z,0,False
@عدنانباشعيب-ظ7ف,Min semua teori teori indah ini dapatnya di mana?,0,2025-08-19T02:58:44Z,0,False
@jejen6634,Kebetulan? Apakah kemungkinan sekecil ini mungkin terjadi dengan kebetulan?,0,2025-08-19T00:47:05Z,0,False
@hearts2heartsfans-95,"Manusia mencari alien, pdhl manusia adalah alien itu sendiri.",0,2025-08-19T00:25:44Z,0,False
@ekosusilo3023,"Yang paling mengancam,bukan manusia,tapi alam,,,,,manusia tidak berpengaruh signifikan",0,2025-08-18T22:43:59Z,0,False
@PenggemarTabu,"Bullshits sok tau kontol, cuma animasi pepek",0,2025-08-18T19:22:37Z,0,False
@DalamKalbu-j4z,"Cerita tak masuk dlm logika
Harus ada bukti pendukungnya
Biar masuk akal",0,2025-08-18T18:26:52Z,0,False
@ShenLong-b5i,Sok Tau,0,2025-08-18T16:55:44Z,0,False
@somehow_21,"Setiap masa ada kepunahan masal, dan masa modern yg sekarang kita alami, pasti kelak ada masa kepunahan juga (kiamat)",0,2025-08-18T16:45:56Z,0,False
@yulisania2106,"Dari sekian banyaknya evolusi, apakah kita manusia juga akan punah di masa depan dan digantikan dengan evolusi berikutnya?🤔",0,2025-08-18T16:14:41Z,0,False
@arbytaufik5944,"Dari sini kita harus sadar kalau kita itu sendirian di alam ini, hanya Tuhan yang satu satunya teman kita.",0,2025-08-18T16:09:15Z,0,False
@kanginfo2000,Alhamdulillah agama islam benar-benar jadi pedoman yang kuat dan realistis,8,2025-08-18T15:49:58Z,2,False
@jbmusic2610,😂😂😂,0,2025-08-21T15:39:30Z,0,True
@cand017,"Turunya Nabi Muhammad SAW merupakaan anugrah terbesar bagi manusia, seluruh makhluk & melalui beliau diturunkanNYA mukjizat Kitab Suci Al-Qur'an sebagai cahaya, petunjuk & keselamatan,
bagi yg berpikir.",1,2025-09-06T06:33:23Z,0,True
@musikmr0504,dr mna tau nya manusia ya.. kejadian 4.5 milyar tshun yang lalu..  mustahil bisa tahu dengan peralatanyang belum canggih sama sekali dizaman itu,0,2025-08-18T15:36:47Z,0,False
@ChielellaChynk,Mf bagi ku bumi bukan planet/bintang2. Bumi itu hamparan langit itu atap sdngkn bulan bintang' planet itu hiasan langit.,0,2025-08-18T14:25:05Z,0,False
@ziopark,Sama sekali gw kagak percaya ... Bisa bisa nya dapat data kayak gitu .. manusia aja belum ada🤭🤭🤣🤣😂,1,2025-08-18T14:16:04Z,0,False
@sawalawal4076,Jd intinya kita ini terbuat dr material/ debu2 / bebatuan dr planet besar yg meledak? Tp meskipun bgtu kt gk akn bs hidup klw tdk ditiupkan ruh,0,2025-08-18T14:05:10Z,0,False
@andikbudiman6041,Teorinya orang atheis,0,2025-08-18T13:51:14Z,0,False
@NUR-LAUTTTTT,APAKAH BENAR MANUSIA SUDAH PERNAH MENGINJAKKAN KAKI DI BULAN 🤥🤥🤥🤣,0,2025-08-18T13:38:40Z,0,False
@Walkeridol,Lebih mengerikan lagi soal DPR,0,2025-08-18T13:31:35Z,0,False
@ranggapocin7770,Yang mengerikan bukan bumi nya tapi perilaku penghuni nya,0,2025-08-18T13:27:04Z,0,False
@mindsetdunia-b3z,Bahas betapa mengerikannya tiktok bg 🗿,0,2025-08-18T13:08:40Z,0,False
@afiffaadhilla8039,Yg buat bintang supernova siapa Min?,0,2025-08-18T12:59:39Z,0,False
@ApriandiPratamaSilalahi,"Bang coba kasih subtitle inggris, jadi penonton luar bisa paham",0,2025-08-18T11:52:52Z,0,False
@Reymoldy,req bulan,0,2025-08-18T11:25:26Z,0,False
@JepriRS3481,Sampaikan edukasi ini pada penguasa penguasa  di bumi yg serakah,0,2025-08-18T11:09:44Z,0,False
@zetapridaeuly7640,Sayangnya sumua ini cuma rekaan dan ilusi😅😅😅,0,2025-08-18T07:44:09Z,0,False
@GoingMery,Jika orang-orang kaya mungkin bisa menghancurkan bumi tapi orang-orang miskin menghancurkan manusia itu sendiri dengan cara orang miskin yang iri terhadap apa yang di miliki oleh orang lain & jika zaman Nabi Adam-zaman Nabi Muhammad SAW manusia bertahan akibat serangan yang nyata seperti di bunuh namun setelah Nabi Muhammad SAW meninggal dunia manusia memasuki era bertahan hidup yang jauh lebih ganas yaitu mendengarkan cacian para manusia berpangkat tinggi & orang-orang miskin yang rusak hati sehingga iri terhadap apa yang di miliki oleh orang lain bahkan ini lebih menyakitkan dari pada di bunuh karena setelah menerima semua cacian manusia hanya ada 2 pilihan bertahan/membalas (bisa membunuhnya) menurut ku sesuatu yang lebih mengerikan yang ada di bumi bukanlah bom nuklir namun hati yang rusak terutama orang miskin yang punya hati yang rusak,0,2025-08-18T06:58:19Z,0,False
@chandan6194,Cerita FAKE 😂😂,0,2025-08-18T05:47:28Z,0,False
@nanbarusadar7,jadi kepikiran adakah zaman baru setelah kita,0,2025-08-18T05:44:45Z,0,False
@Xure28,Keren! Jdi nambah wawasan tentang bumi.,0,2025-08-18T05:33:04Z,0,False
@pardjowiyono1847,Hidup itu indah... Hidup itu bernafas... Mati itu menghembuskan nafas terakhir...❤❤❤,0,2025-08-18T05:26:09Z,0,False
@tarisaaaptr,sayaaaang bangeet sama bumi🥺🥺❤,0,2025-08-18T05:01:29Z,0,False
@uprun6365,👍,0,2025-08-18T03:55:06Z,0,False
@dianrinu4553,"Terima kasih Ibu Bumi.


🤍🥹",0,2025-08-18T00:11:45Z,0,False
@AGUSIPIR,tuhan dari mana??,0,2025-08-17T22:02:16Z,0,False
@salestoyotaonline2149,Backsound piano nya ke kencengan - anoying,0,2025-08-17T18:24:33Z,0,False
@rifkip97,Manusia lah yang paling mengerikan di muka bumi ini..😮,0,2025-08-17T18:05:49Z,0,False
@tono611,"ada satu yg salah bang, air di bumi itu berasal dari gumpalan planet air yg pecah menghantam atsmosfer bumi, jadi intinya air itu bukan berasal dari bumi, karna bumi yg bermula lahar panas tidak mungkin mengandung air apapun alasannya",0,2025-08-17T17:15:54Z,0,False
@itulahtuchannel9928,"Hehe 4,5 miliar tahun?? Dimana tau nya... ilusinya terlalu berlebihan 😊 ajaran apa yang ia yakini.",0,2025-08-17T16:52:59Z,0,False
@AlhananSubakti,Keren menghibur konten nya😂😂😂😂,0,2025-08-17T15:51:28Z,0,False
@Berkat_Nasii,Bg request betapa mengerikanya Rank Epic MLBB,0,2025-08-17T15:49:32Z,0,False
@arioncom9474,di planet seluas ini...kok saya masih ngontrak rumah😢😢,0,2025-08-17T15:23:28Z,0,False
@Scorcipie,Semakin yakin kalau kiamat itu mustahil karena setiap kehancuran adalah awal baru.,0,2025-08-17T15:17:37Z,0,False
@emildjawa5099,Kita hanyalah debu😫,0,2025-08-17T14:54:04Z,0,False
@emildjawa5099,"Dan kita akan hilang seiring dengan waktu 😢,, bayangkan sekarang baru 20000tahun manusi muncul.. sekitar 100 juta lagi manusia akan hilang dan ,,sy yg mengetik komen ini hanyalah sebuah kiasan manusia yg hidup cuman sementara,,dan akan di hapus oleh dan install ulang 😂😢, sedih ya tapi itu lah faktanya",0,2025-08-17T14:53:00Z,0,False
@HilmidanIbu,Min butuh voice over ga,0,2025-08-17T14:25:15Z,0,False
@achmadsolehofficial7659,Wah ga jelas manusia dibilang evolusi monyet,0,2025-08-17T14:14:05Z,0,False
@sohibulhasan6159,terus yang menjelaskan manusia pertama dibumi adalah nabi adam... itu bagaimana,0,2025-08-17T12:53:29Z,1,False
@RUSTAMkumalala,Lalu?,0,2025-08-17T14:00:13Z,0,True
@faisalahmad8731,saya bangga hidup di mars.,0,2025-08-17T11:31:45Z,0,False
@gamingborneoofficial159,Alam semesta ini bagaikan buku yg terus menerus di tulis dan akan berhenti jika semua yg ada di Al Qur'an telah terpenuhi.,1,2025-08-17T04:34:10Z,0,False
@nuzilaramadhani8640,"Keren banget penyampaiannya juga videonya, gampang untuk dipahami bener2 edukatif sekali, aplouse untuk kreatornya 👏👏",1,2025-08-17T03:58:00Z,0,False
@dzubairelmusa2366,"Lebih Mengerikan pejabat indonesia bang , melebihi mengerikanya alam kubur",1,2025-08-17T03:50:37Z,0,False
@BismarMaraganti,"Surah Al-Anbiya ayat 30 adalah: ""أَوَلَمْ يَرَ الَّذِينَ كَفَرُوا أَنَّ السَّمَاوَاتِ وَالْأَرْضَ كَانَتَا رَتْقًا فَفَتَقْنَاهُمَا ۖ وَجَعَلْنَا مِنَ الْمَاءِ كُلَّ شَيْءٍ حَيٍّ ۗ أَفَلَا يُؤْمِنُونَ"". Artinya: ""Dan apakah orang-orang kafir tidak mengetahui bahwa langit dan bumi itu keduanya dahulu menyatu, kemudian Kami pisahkan antara keduanya; dan Kami jadikan segala sesuatu yang hidup berasal dari air? Maka mengapa mereka tidak beriman?"".",77,2025-08-17T03:45:27Z,40,False
@gokkonpasaribu9833,Kalo ayat boleh menggauli siapa ajj dimana tertulis bang??😂😂😂😂,6,2025-08-18T16:23:33Z,0,True
@SepzA-o3i,"Kenapa kamu mengolok olokan ayat Allah, dengan tertawa?, miris sekali iq orang Indonesia",1,2025-08-19T10:03:07Z,0,True
@gokkonpasaribu9833,​@SepzA-o3iSoalnya agak lucu sih😂😂😂apalagi dinyanyikan 😂😂😂,0,2025-08-19T10:50:43Z,0,True
@taufikmely85,​@gokkonpasaribu9833belajarlah agama islam dengan sebenar-benarnya nanti anda akan tau kebenaran yg sesungguhnya,1,2025-08-19T11:37:52Z,0,True
@gokkonpasaribu9833,​@taufikmely85seadanya kau betul2 mempelajariny anda akan sungguh2 meninggalkanny😂😂😂,5,2025-08-19T11:54:14Z,0,True
@firmanacenk8079,Request bumi bulat apa datar bang,0,2025-08-17T02:29:11Z,0,False
@hendrijess7990,Alhamdulillah mencerahkan,0,2025-08-17T01:12:09Z,0,False
@SensiGiskaa,"Ya alasan nya...manusia semakin banyak, yang pintar menggunakan kepintarannya lebih banyak untuk hal yang kurang baik, yang kurang pengetahuan juga hampir sama, intinya kelola bumi ini dengan bijak untuk memberi hasil pada kita...! kurangi lahir2an (Keturunan)  kalau tidak mampu mengontrol dan mengajarnya dengan baik,  so...kebutuhan akan lebih banyak dan akhirnya tak mampu menanggung kebutuhan hidup, karena dari situlah timbul segala macam hal yang tidak baik sampai pada merusak bumi kita.",0,2025-08-17T00:10:26Z,0,False
@andisetiawan7475,"yg kurang adalah informasi tentang asal usul mamalia yg bernama manusia, secara sains dan ilmu alam. klo dari agama kan sudah th semua, di video ini manusia berawal dari mamalia, homo sapiens, diilustrasikan dari sebuah mamalia yang mirip dengan monyet. 
jika pembentukan bumi, masa transisi penghuni akibat kekuatan alam, tabrakan meteor 10km masih bisa diterima akal. 

yg masih mengganjal adalah asal usul manusia secara penjelasan ilmiah.",0,2025-08-17T00:07:08Z,0,False
@imampurnama7384,Bang request dong 30 mnit betapa mengerikannya pejabat konoha,0,2025-08-16T21:17:58Z,0,False
@KepetSangar,"Bang,cuman mau ngasih saran doang
Kalo bikin konten yg berbau teori²
Mending di jelasin di awal vidio bang,biar gada yg salah paham
Ku tengok banyak bgt orang² yg mabuk agama bertebaran
Gara² kurang nya informasi dan penjelasan

Mksih bang udah buat konten begini,mayan nambah² pengetahuan,semangat bang✊",1,2025-08-16T19:38:36Z,0,False
@indahhandayani522,Bang yang bikin dongeng ini siapa ?,0,2025-08-16T19:33:06Z,1,False
@RUSTAMkumalala,Coba sana Belajar sampe kamu sendiri menyadari kalo kamu itu bodoh dan kurang. Semakin kamu belajar semakin kamu mampu menggunakan akal yang kritis,0,2025-08-17T14:03:19Z,0,True
@curvasud6067,"sementara itu negara tetangga masih nyebut kita serumpun, padahal mereka itu hanya sekedar 1 suku di indonesia. masih bilang kita iq rendah padahal yg masih stuck di masa lalu dengan kesesatannya itu ya mereka. 
mana ada konten gini disana",1,2025-08-16T18:08:23Z,0,False
@masparmankaltara202,"Mengerikan ,,...tapi tetap tinggal di bumi...pindahlah ke planet lain kalo ada yg lebih baik dari bumi.....saya sangat senang tinggal di bumi, ada manusia,ada hewan,ada tumbuhan dan ada tempat2 yg indah ., mungkin di planet lain tidak ada😂😮😊",0,2025-08-16T16:12:33Z,0,False
@rFarell999,"*LIRIK LAGU INDONESIA YANG MERDEKA.. RAKYAT TETAP SENGSARA*

17 Agustus tahun 25..
Apakah kau sudah rasakan merdeka..

Ku jawab saja ..
Ku belom merdeka ..

Apakah kau juga sudah merdeka ..

Kok samaaaa..

Negara merdeka kok kita engga...

Yg rasakan merdeka hanya orang kaya..

Kita tetap .. melarat..
Tetap .. melarat..

Ya begini lah tinggal di Indonesia

Kita tetap .. melarat..
Tetap .. melarat..

Kok nasib kita sedih amat..",0,2025-08-16T15:40:38Z,0,False
@rohman3430,Sesat manusia pertama di bumi  adam dan hawa,0,2025-08-16T15:14:29Z,0,False
@Yuyu8005-h8v,chanel kosong 😂😂😂,0,2025-08-16T14:26:06Z,1,False
@Deartzi,Maksud??,0,2025-08-16T17:16:04Z,0,True
@ytra9207,NASA MEMANG KEREN SOAL BIKIN CGI..,0,2025-08-16T14:00:01Z,0,False
@PUTRA-sl7sb,Sampai sini saya paham kenapa Agama di bumi ini banyak dan juga ada yg ngga saling percaya Alhamdulillah terimakasih ya Allah engkau berikan keturunan saya dulu itu dari agama Allah ya itu Agama Islam,1,2025-08-16T13:53:51Z,0,False
@kangfajar62,Masya Allah Allahuakbar,0,2025-08-16T12:16:33Z,0,False
@SimonPadalling-c6b,Agar Bumi tempat kehidupan kita berpijak perlu kita lestarikan mengenai lingkungan nya.,0,2025-08-16T11:46:04Z,0,False
@AsusXQGA,"Cerita fiksi yg dikemas dengan kata ilmu pengetahuan. Ilmuwan atheis membuat cerita yg tidak masuk akal.
Hasil ledakan yg membuat kehidupan, dari makhluk hidup yg berupa mikro organisme jdi manusia, tapi pertanyaannya, dari mana asal tumbuhan? Yg kita tahun ada jutaan jenis tumbuhan, darimana mereka berasal? Ada yg bisa menjelaskan?
Karena di video tiba2 tumbuh tumbuhan menjadi hutan. 
Dan mendominasi bumi.",0,2025-08-16T11:06:27Z,1,False
@mhmCreator,"Awal mulanya dari organisme proto sel yang kemudian lambat laun berevolusi dan berkembang beradaptasi dengan lingkungan, terbagi menjadi berbagai bentuk sesuai dengan kondisinya, ada yg beradaptasi dengan memakan organisme lain, adajuga yg beradaptasi dengan menghasilkan energi sendiri. Nah ini yg menjadi cikal bakal tumbuhan, mulai dari menghasilkan zat yg bisa mengubah foton menjadi energi, dalam hal ini organisme ini masi dalam bentuk yg sederhana yang lambat laun selama berjuta² bahkan milyaran tahun berevolusi menjadi bentuk tumbuhan yg sederhana mirip alga yang nanti lama2 juga berevolusi dan beradaptasi menjadi bentuk yg lebih kompleks lagi
Untuk penjelasan lebih lanjut bisa di cari di buku² perpustakaan dan di internet juga banyak
Mohon maaf kalau ada yg salah mohon koreksinya",0,2025-08-16T16:29:13Z,0,True
@ehermawan8321,ini menggambarkan bahwa zaman manusia pun akan punah dan di ganti dengan penhuni bumi sepanjutnya yang mungkin skrg sedang menunggu kepunahan umat manusia,0,2025-08-16T09:18:48Z,0,False
@gloriuscyro,manusia adalah parasit untuk bumi itu sendiri,0,2025-08-16T03:53:56Z,0,False
@painul_taqin,"Selamat atas keberhasilan segmen ini bang, bisa bikin penonton banyak dari biasanya",0,2025-08-16T03:52:45Z,0,False
@KevinSanjaya-e2y,"Ini ilmunya dmna, tau dari mna 😂",0,2025-08-16T00:44:03Z,0,False
@prasetiyoimannugroho1181,Fpi terima ini gak ya,0,2025-08-15T21:02:16Z,0,False
@CretWaliSongo,"Saya nonton full dari awal sampai akhir
(Tidak membahas tentang agama, ruh / nyawa / gaib)
Tapi disini juga belum dijelaskan
Evolusi dari mikro organisme, bukan hanya coronavirus
Evolusi dari materi atau lebih tepatnya banyak materi baru seperti plasma, gelombang dll yang belum diketahui
Trimakasih ilmunya min,
Terus berkarya dan tetap selalu mempertebal iman kita",0,2025-08-15T15:54:52Z,0,False
@OppoA18-m5r,Boss karangan siapa itu,0,2025-08-15T15:18:08Z,0,False
@Wonyoung_jangwonyoung,"02:44 SU-SU-SU-SUPERNOVA 
Keinget lagu aespa-Supernova 😂😮",0,2025-08-15T15:16:52Z,0,False
@mamamotret15,Aku nonton 2x tanpa skip. Adakah pejabat pejabat pemerintah  yg menonton?,0,2025-08-15T15:07:52Z,0,False
@Evobs-88,like,0,2025-08-15T15:04:31Z,0,False
@youtubebaru781,"Ada sesuatu yg aneh seolah bumi dan planet lain itu ada yg memegangi, yaitu mahluk besar yg melebihi bumi dan bersayap,dan tidak kasat mata, dialah malaikat. Jika benda mati mana mungkin bisa berjalan yg sesuai arah yg tidak beraturan.semua terukur dan teratur, tidak masuk akal jika benda mati kok bisa berputar searah dan beraturan",0,2025-08-15T14:51:18Z,0,False
@youtubebaru781,"Jika bumi dan planet lain itu benda mati, kenapa bisa berjalan dan berputar, ? Coba jawab bang",0,2025-08-15T14:47:51Z,0,False
@Erjepe,"Sekarang aku paham,kita akan kembali ke Tanah, ternyata kita bagian dari bumi",0,2025-08-15T14:45:01Z,0,False
@Ormismerintis,Itu adalah ceritanya org kafir,0,2025-08-15T14:26:59Z,0,False
@Thomson0424,Kengerian yang sesungguhnya adalah munculny manusia dan menjadi monster yaang membinasakan alam.,1,2025-08-15T14:25:25Z,0,False
@adams546,"Video anda terlalu mahal buat SDM Indo bang. Video ini sangat bermanfaat, cuman banyak audiens Indo nya emang error aja.",2,2025-08-15T14:21:03Z,1,False
@michaeljeremy,setuju,0,2025-08-25T16:36:55Z,0,True
@novaarif4173,Volume backsound nya menggelegar sampe kaget gua saat menyebut super nova,0,2025-08-15T14:16:38Z,0,False
@furu993,Bang boleh request proses terbentuknya organ di jaman2 awal tadi sebelum paleozikum?,0,2025-08-15T13:57:40Z,0,False
@alfa.flight,"Izin min, prokariot bukan tidak memiliki inti sel, tapi tidak memiliki selaput inti sel",0,2025-08-15T13:37:46Z,0,False
@kipasangin7745,Sebenarnya jauh lebih rumit dari yang  bang ceritakan,0,2025-08-15T09:06:06Z,0,False
@inasmazinatulmufidah7945,"MaaSyaaAllah, allahu akbar",0,2025-08-15T07:14:59Z,0,False
@muhlisidrus7191,Lebih menggerikan koruptor mas,0,2025-08-15T06:03:42Z,0,False
@mikymilo-r9k,kereennn bang gw sampe nangis😭😭😭😭😭,0,2025-08-15T03:53:28Z,0,False
@aryankaranganom39,Mahasuci ALLAH,0,2025-08-15T03:48:43Z,0,False
@dindakinasih8827,baca2 kaya gini tuh di mana ya? gimana ilmuan bisa tau sejarah kaya gini?,0,2025-08-15T02:33:29Z,0,False
@SuksesBersama786,Penghayal,0,2025-08-15T02:32:06Z,0,False
@immanuelbrayen4544,Berarti manusia tercipta karena dari ledakan supernova itu kah?😅,2,2025-08-15T02:08:52Z,1,False
@wisatya29,simpelnya iya,0,2025-08-18T14:09:29Z,0,True
@oswaldlimpa7730,"Inilah dunia, aku puas akan kehidupan ku didunia ini, kita hanya debu kecil di ekosistem luar biasa",0,2025-08-15T00:17:42Z,0,False
@hendywinanda3617,Koruptor Indonesia sangat dan sangat mengerikan,0,2025-08-14T20:08:53Z,0,False
@LatifSinrizkulloh,Nice video 💯🔥,0,2025-08-14T18:13:04Z,0,False
@nurulsabila5333,semua yang terjadi dibumi karena  campur tangan tuhan,0,2025-08-14T18:02:05Z,0,False
@nurcahyadi15,👍,0,2025-08-14T15:41:14Z,0,False
@iamthelagend9221,Hoax,0,2025-08-14T15:37:30Z,0,False
@HermanDani-z5p,Ilmuan menyesatkan lol,0,2025-08-14T15:02:41Z,0,False
@ridhokabas6932,Sesuai yg di ajarkan di sd sampai sma,0,2025-08-14T13:47:51Z,0,False
@vanesyaaura2466,Yang sebenarnya mengerikan adalah kita manusia yang menduduki bumi🥲,0,2025-08-14T13:30:13Z,0,False
@lovefull_22,Kok belum ada yang komen ilmu cocokologi?,0,2025-08-14T12:16:18Z,0,False
@Armayuliana31,Makasi bang sudah kasi tau😊,0,2025-08-14T11:35:32Z,0,False
@SionJr-r5b,"Terimakasih bumi, untuk atas kehidupan yang kau berikan pada umat manusia, thaks for allah atas kejaiban nya❤",1,2025-08-14T06:50:20Z,0,False
@linxiaoxiaopd,Kita adalah abu bintang 😢😢 uwahhhh sungguh narasi dan penggambaran yang sungguh epik dan sangat insightful 🥹🤧✨✨,151,2025-08-14T04:24:00Z,1,False
@gngptrxxzzz.__,😢,1,2025-09-17T08:12:00Z,0,True
@denasurya4795,Aku hanyalah butiran DEBU,0,2025-08-14T04:21:51Z,0,False
@TomhAz-lz7yj,Indonesia ngeri karna marak nya aksi pejabat yg isi otak nya mau korupsi aja tampa memikirkan bagai mana memajukan negara,0,2025-08-14T02:16:47Z,0,False
@ngopi123-k5z,Biarin lah biar cepet kiamat udh ada yg ngatur,0,2025-08-13T15:31:54Z,0,False
@ngopi123-k5z,Tau dari mana si emang,0,2025-08-13T15:11:22Z,0,False
@Queenarf888,Bang coba bahas seberapa mengerikan nya pejabat pemerintahan di konoha,0,2025-08-13T14:39:46Z,0,False
@Saragihindra,"semakin pintar sains, akan semakin melupakan Tuhan.ini nyata!!!",1,2025-08-13T14:20:05Z,0,False
@129oi,Mahakarya Tuhan,0,2025-08-13T13:47:30Z,0,False
@CeuceuAmi-m1b,Kereeen,0,2025-08-13T13:40:19Z,0,False
@Korosenseini,"Terharu, ini bagus banget 🥹🥹",0,2025-08-13T13:23:27Z,0,False
@romansyahrusmanaa,"Maha Suci Allah, Pencipta Yang Baik",0,2025-08-13T11:52:20Z,0,False
@KenYagamiiii,puitis🔥,0,2025-08-13T10:50:58Z,0,False
@alalrio,Bg mau nanya dapat referensi video nya dimana bg,0,2025-08-13T09:47:23Z,0,False
@agrapaulyan8644,begitu banyak pelajaran yg bisa didapat dalam satu video ini,2,2025-08-12T18:18:48Z,0,False
@YaAprilia,Kita semesta itu,0,2025-08-12T18:18:30Z,0,False
@maulanamalik247,HAHA MANUSIA KERA😂😂,0,2025-08-12T18:07:39Z,0,False
@Dinijyl,Next 30 menit memahami betapa mengerikannya menjadi WNI,0,2025-08-12T12:06:49Z,1,False
@Fgfhjhhh-fgg,Semoga dapat surga jalur wni😂,0,2025-08-12T12:25:25Z,0,True
@EmbohAkun-mh6sl,Al fatihah untuk bumi kita,0,2025-08-12T11:05:04Z,0,False
@legionsystem1692,Missing link,0,2025-08-12T08:39:50Z,0,False
@smithk2231,Lbih mengerikan tinggal d indonesia 😂 yg blom tau coba rasakan .pemerintahanya uhh sangat mengerikan sekali smpe smpe ngelebihan kengerian kiamat 😂,0,2025-08-12T08:35:10Z,0,False
@VinsensiaAsty-e1v,Saya pribadi sampai saat ini masih meyakini Yesus Kristus Sang Juruselamat yg menciptakan kehidupan,0,2025-08-12T08:30:43Z,0,False
@marchelaraujo6873,Thanks about this video I have one question about this video about human life comparison life not defending the materials for destroying why ?,0,2025-08-12T02:49:12Z,0,False
@iyelah5704,"kehampaan = ketiadaan = proses kelahiran bumi, lahir dari kehampaan dan ketiadaan, kesimpulannya adalah : ketiadaan atau kehampaan bukan berarti tidak ada, tidak nyata bukan berarti tidak ada",0,2025-08-11T17:41:13Z,0,False
@iyelah5704,bagaimana kalau era manusia bukan yg terakhir? bagaimana klau peristiwa besar yg kita sebut kiamat itu adalah awal kehancuran untuk membentuk ulang bumi dan era yg baru setelah manusia?,0,2025-08-11T17:34:26Z,0,False
@iyelah5704,cintai bumi kita dengan bentuk sederhana yaitu menjaga kebersihan lingkungan dan perairan,0,2025-08-11T17:26:38Z,0,False
@Yulfaatmadja,Suka kontenmu bang ❤❤,0,2025-08-11T15:59:26Z,0,False
@samsolarifin7286,Big beng itu bukan ledakan sebenarnya,0,2025-08-11T15:07:59Z,0,False
@baratamusicdongkrek4252,BUMI DATAR DONG,0,2025-08-11T14:41:57Z,0,False
@duniagabut8043,"Gw jadi mikir,keputusan Thanos itu ga sepenuhnya salah",0,2025-08-11T14:40:02Z,0,False
@Candra-q9d1h,bang bahas betapa ngerinya korupsi,0,2025-08-11T13:54:49Z,0,False
@nyotoyuwono4514,Supernova/bigbang?,0,2025-08-11T13:51:56Z,0,False
@ARSYIL573,Setengah jam gak kerasa gaesss,0,2025-08-11T13:46:09Z,0,False
@ysdorpheus,Ribuan planet dismesta mustahil cuma di bumi ada khidupn gw yakin ada planet lain yg berpenghuni,1,2025-08-11T13:29:16Z,0,False
@AidaFitri-h4u,Masyaalloh tabarakalloh geri sekali semoga negara Indonesia selalu dlm lindungan allah swt amin 🤲🙏,1,2025-08-11T12:11:55Z,0,False
@lindakareem7090,"Bang request juga lah 30 menit ""betapa mengerikannya dinasti Moelyono""  bisa?? 🙏😩",3,2025-08-11T10:57:27Z,0,False
@MamanMuss,detail,0,2025-08-11T10:11:12Z,0,False
@MamanMuss,woow,0,2025-08-11T10:10:35Z,0,False
@stevenhiu9138,Absolute cinema🖐️😭🖐️,0,2025-08-11T08:27:42Z,0,False
@FBAISECRET,BANG SAYA MINTA REQUEST 30 MENIT BETAPA MENGERIKANNYA PEMERINTAHAN INDONESIA,2,2025-08-11T06:51:42Z,1,False
@westrose7525,😂😂😂😂,0,2025-08-16T05:01:06Z,0,True
@tasyaaz-zahrah442,Keren,0,2025-08-11T05:43:27Z,0,False
@outsidersby8235,"Manusia merasa besar hingga lupa dengan sesuatu yang lebih besar, namun ketika manusia melalukan keburukan manusia menganggap keburukan itu selalu kecil hingga merasa tidak ada sesuatu yang besar akan terjadi sebagai dampak, saatnya kesadaran2 kecil kita lakukan bersama agar menjadi satu kolektifitas besar yang berdampak untuk bumi 🌎",0,2025-08-11T02:09:59Z,0,False
@AlvianSyah-b5p,"Kenapa planet terbentuknya bulat sempurna, saat awal terbentuk",0,2025-08-11T01:48:05Z,0,False
@dodiiskandar6677,jos,0,2025-08-11T01:19:11Z,0,False
@AngelinaKirana-j9f7y,Bagaimana anda bisa tau tentang 4 miliyar tahun lalu,1,2025-08-11T00:17:50Z,2,False
@SuksesBersama786,Proses hayalan tingkat tinggi😅,0,2025-08-15T02:24:14Z,0,True
@adams546,"​@SuksesBersama786kalian kalo komen kok bodoh banget? Ada ilmu nya buat ngukur batuan bumi dan lain lain

Minimal sering baca buku atau cari cari sumber gitu sebelum komen.

Eh tapi kalian kan emang bodoh",0,2025-08-15T14:25:52Z,0,True
@alvinnabawi1306,"SEMOGA DI SELURUH DUNIA BUKAN HANYA DI INDONESIA MENONTON INI BUKAN HANYA  UNTUK PENGETAHUAN SEMATA MELAINKAN UNTUK DAMAI,KEPEDULIAN LINGKUNGAN DAN KESADARAN DIRI BETAPA PENTINGNYA UNTUK MENJAGA RUMAH SELURUH MAKHLUK HIDUP YAITU BUMI❤. SANGAT BESAR HARAPAN SAYA AGAR BUMI INI TETAP TERJAGA DENGAN BAIK SAMPAI KAPANPUN DAN TERIMAKASIH UNTUK CHANNEL NASI ANGKASA TELAH MEMBUAT VIDEO INI❤❤❤ SUKSES TERUSS",1,2025-08-10T19:07:24Z,0,False
@SUJU_TAMIYA,"Walaupun manusia brusaha detail mnceritkan trjadinya Bumi secara logika Tapi tetep gk masuk di akal manusia Knapa bisa sesempurna itu ? bhkan kenapa hanya bumi yg jadi planet khidupan ? knapa nebula itu gk mmbntuk bumi2 yg lain ? Ya jawabannya adalah Karna semua itu tidak terjadi secara alami alias ADA yg menciptakan Dimana2 pencipta itu mnciptakan apa yg ingin dia ciptakan sesuai kehendaknya  Ya, hanya bumi yg allah ciptakan bisa berpenghuni manusia yang lain sengaja tidak di jadikan sperti bumi,.. Bukan secara alami TAPI karna emang sengaja allah mmbuatnya sperti itu,...  Tetap akal manusia tidak sampai,.. 😢😢",0,2025-08-10T18:08:51Z,0,False
@SUJU_TAMIYA,"Kalo logika manusia semua alam semesta ini tercipta bermilyar2 tahun lamannya.. Tapi secara ilmu allah, allah mnciptakan langit dan bumi bserta isinya hnya dalam 7 hari...  sangat mrinding kalo belajar alquran itu sangat ajaib... gk ada sesuatu yg luput dari ciptaanya... gk ada sesuatu terjadi secara alami kcuali itu sudah ada takdir dari allah....😢",1,2025-08-10T17:59:50Z,0,False
@ngelencerjauuhh5497,*melihat perkembangan semua itu.. jadi pengen ngerti.. kapan molai ada KORUPTORiosaurus.. Jokowisaurus.. Indonesiasaurus dll ??*,0,2025-08-10T15:13:56Z,0,False
@lydyasetya7200,"Setelah nonton ini, aku percaya kalau alien itu ada. Karna dari ledakan besar itu, pasti ada planet lain yg bisa jadi berevolusi sama seperti bumi. Hanya saja luar angkasa itu super duper besar dan luas, jadi sangat kecil kemungkinan bumi kita dengan bumi lain bisa bersinggungan. Wallahualam ❤",0,2025-08-10T14:21:19Z,0,False
@valerinadevitapongsumarre7494,"Gw kesini karena liat video yang ada orang coment di video ini, ""coba berapa mengerikan nya rank epic""",0,2025-08-10T13:58:15Z,0,False
@aisyah6016,"Mungkin gk sih, suatu hari nanti peradaban kita akan punah dan akan digantikan dengan peradaban lain seperti zaman² sebelumnya?",0,2025-08-10T13:16:48Z,1,False
@RandK_sport,Bisa jadi,0,2025-08-10T14:41:26Z,0,True
@airplanefanssss,Bang request 30 menit betapa mengerikannya rank epic di mlbb😂😂😂,1,2025-08-10T12:53:48Z,0,False
@BlackpanterPanter-c3u,"1.SIAPA YANG MENCIPTAN BINTANG 
2.SIAPA YANG MENCIPTAN PROKARIOTA DAN MICROORGANISMA LAIN NYA
3.SIAPA YANG MENCIPTAN TUMBUH TUMBUHAN 
4.SIAPA YANG MENCIPTAN HAIWAN HAIWAN 

30 MENIT MEMAHAMI BETAPA MENGERIKAN PLANET BUMI.                  (X)

30 MENIT MEMAHAMI KEBESARAN CIPTAANYA TUHAN.                             (✓)",1,2025-08-10T12:26:43Z,0,False
@rchmnffvasilievich,Tau beberapa evolusi dari game sel singularitas,0,2025-08-10T11:59:37Z,0,False
@azproject9414,Ngeri aa,0,2025-08-10T11:53:29Z,0,False
@zakarnaikturun1495,Bang request 30 menit betapa mengerikan kebohongan muhammad kepada umat muslim.,1,2025-08-10T05:11:30Z,1,False
@sitiaisyahandini,"Astagfirullahh, tobat lu",0,2025-08-10T11:51:06Z,0,True
@etikmustika9950,"Masya Allah....
Allah hu Akbar...
Allah hu Akbar...
Allah hu Akbar...",0,2025-08-10T03:21:15Z,0,False
@Valeendrian,Keren videonya bro 🔥✨👍,0,2025-08-10T01:40:39Z,0,False
@tokoternak,Kira kira setelah kepunahan manusia akan terjadi zaman apa?? Dunia di kuasai robot AI kah??,0,2025-08-09T23:03:26Z,1,False
@lydyasetya7200,"Kalau menurutku bumi bakal balik lagi seperti asalnya kak, panas, tandus dan kering ga ada peradaban. Tp setelah itu apakah akan tercipta kehidupan yg baru, entahlah 😅",0,2025-08-10T14:26:02Z,0,True
@mazzbaystream,"Secara ga langsung konten ini percaya teori darwin,, & cocoklogi... Jelas di Alkitab perjanjian lama sudah di jelaskan penciptaan bumi & segala isinya secara detail... 😊",0,2025-08-09T20:31:15Z,0,False
@ruangfilmmovie,makasih bang,0,2025-08-09T13:21:50Z,0,False
@Tentangfatih,"Setelah bilang manusia dari spesies berbeda, sudah cukup. Nanti khawatir merusak iman. Karna iman muslim manusia pertama adalah adam, dengan kata lain ini menghina nabi dan manusia pertama dibumi. Skip bagi yang tidak sepakat",0,2025-08-09T13:13:07Z,0,False
@Ell.Ne98,"Cuma pengen bilang, makasih min atas kontennya 😁
Aku lagi baca the uninhabitable earth, dan entah kenapa baru muncul video ini. Jadi nambah wawasan nihhh

Edit : Ada rekomendasi buku bagus nggak min?",0,2025-08-09T12:13:13Z,0,False
@abdullatifcipetey9789,kata siapa alam semesta gelap?,0,2025-08-09T08:47:36Z,0,False
@riku38093,Aku yakin tidak hanya bumi yang punya kehidupan di dalamnya,0,2025-08-09T07:03:07Z,0,False
@Lele_chan24,"kok lepas ku liat videonya,komennya bukan req 30 menit betapa mengerikannya epic,tapi dia komen ""Bang request betapa mengerikannya indonesia""",0,2025-08-09T05:47:20Z,0,False
@UusKusnadi-u3n,"Terlalu jauh dan penuh hayalan min , bahas hukum di Indonesia saja bagaimana cara membenahinya😂😂😂",0,2025-08-09T04:01:49Z,0,False
@yuditrauma2752,Bgmn proses terjadinya dinosaurus secara detail? Dr mkhluk bersel satu knpa bisa ad makhluk besar,0,2025-08-09T03:25:44Z,0,False
@gnd.production,30 menit mengerikan Hidup di konoha bang,0,2025-08-08T23:39:58Z,0,False
@riduwan-z1n,Saya jadi belajar banyak dari pilem ini saya sangat bersyukur sekali 😀😀😃😃,1,2025-08-08T18:40:09Z,1,False
@SOUTHEASTASIA-q9z,Pilem😂,0,2025-08-29T01:41:16Z,0,True
@HelloKitty_224,Manusia hanya butiran kecil bagi bumi😌,0,2025-08-08T17:56:48Z,0,False
@abudbud6453,Kita adalah bagian dari evolusi bumi,0,2025-08-08T15:29:47Z,0,False
@projectSmooth-r3y,"Bumi itu datar, itu hanya konspirasi elit global",1,2025-08-08T14:50:34Z,2,False
@ferys_key3835,Datar ?,1,2025-08-11T14:03:22Z,0,True
@Mizugreytat,😂,0,2026-07-14T04:44:58Z,0,True
@i.mdillaa,"Kalau setiap zaman ada akhirnya berarti setelah zaman manusia nanti mungkin bisa jadi ada kehidupan baru lagi setelah kehidupan manusia, mungkin yg dimaksud kiamat itu kiamat bagi zaman kita dan berganti kehidupan setelah kehidupan kita??? Wallahu 'alam",10,2025-08-08T13:24:59Z,3,False
@mazzbaystream,"Emang benar ada kehidupan baru, yaitu kehidupan kekal di surga tinggal bersama orang2 benar & Junjungan kita yg menjadi Raja ... Surga yg jauh dari hawa nafsu kedagingan... 
Kehidupan kekal di surga penuh damai sejahtera...",1,2025-08-09T20:09:55Z,0,True
@hhadiid,"bumi udh mengalami beberapa kali kiamat kak, terakhir kali kiamat yg terjadi di era dinosaurus. mungkin setelah kiamat era kita, bakal ad kehidupan lain lagi.",4,2025-08-10T18:55:12Z,0,True
@i.mdillaa,"​​@hhadiid iya ini mksd aku, bisa jadi kan ya gatau makhluk apa yg menggantikan kita selanjutnya setelah kehancuran umat manusia",3,2025-08-11T00:26:43Z,0,True
@RahmahRahmah-ce7wr,Bagaimana kisah ini d ketahui.. Sedangkan saat itu.. Manusia  belum ada...????,0,2025-08-08T12:08:33Z,0,False
@KioJepara,Ak masih gak percaya.. Krn ini hanya bersumber dr ilmuwan... Semua msh menjadi misteri... Ini semua kuasa Allah.. Dan manusia pertama dibumi siapa...,0,2025-08-08T11:38:38Z,0,False
@Pandu08_Pro,Narasinya Cair dan menyentuh🤧😴,0,2025-08-08T05:27:13Z,0,False
@bintalkesra,"manusia diciptakan langsung dalam bentuk yg kita lihat seperti ini...bukan evolusi yang kita lihat sejenis kera..
mungkin ini adalah koreksi kami",0,2025-08-08T02:32:28Z,0,False
@masakim5598,"Suaranya terlalu pelan min, tolong di perbesar sedikit ya min😊",0,2025-08-07T22:11:11Z,0,False
@rerebdg525,Dan aku yakin asal usul manusia bukanlah menurut cerita agama (Adam hawa) yg ujug2 diturunkan dari surga. Semua bisa d gali dg ilmu pengetahuan.,0,2025-08-07T21:14:03Z,0,False
@Ferizan.Quontolle,"Gak bermaksud menyinggung pihak manapun, serius gua mau nanya
Selama ini kan kita selalu di doktrin kalau kehidupan itu diciptakan oleh tuhan
Sedangkan menurut sains kehidupan diawali dengan big bang
Berarti cerita"" agama itu selama ini apa donk ??",0,2025-08-07T16:27:43Z,0,False
@UlilAzmi-y4n,Maha besar Allah menjaga alam semesta,0,2025-08-07T14:13:35Z,0,False
@AyatDhsl,Ga sesuai sama di islam,0,2025-08-07T14:07:20Z,2,False
@jason7-p9d,"Lah trus kenapa lu main hp? Ga sesuai sama Islam 😹

Apa2 ga sesuai",0,2025-08-07T23:09:25Z,0,True
@AyatDhsl,"​@jason7-p9dmemang lu ya mksd x sejarah nya ,coba lo artiin al-qur'an  jangan asal hujat aja",0,2025-08-08T22:55:21Z,0,True
@telurrasandog6617,Keren bang,0,2025-08-07T13:17:47Z,0,False
@DemonDyrot,"video ini mengandung arti bahwa kita makhluk yang diberikan akal oleh Tuhan, tetapi malah kita yang merusak bumi itu sendiri. sadarkah kita bahwa bumi telah memberikan segala aspek kehidupan untuk kita, tetapi malah kita manusia yang berbuat kehancuran di bumi. Alam begitu marah kepada manusia yang berbuat seenaknya tanpa memikirkan Alam itu sendiri",1,2025-08-07T13:00:03Z,0,False
@zulefendi4723,Meleset nih ceritanya sampai ke manusia,0,2025-08-07T12:06:10Z,0,False
@ardhamazradeva,"dipikirin   , ko bisa yaaa darimana asalnya. Kuasa Allah",0,2025-08-07T08:31:39Z,0,False
@atoycuek,kubeli dan ini lah tempat ku sapa prempuan mau ikut opec tungku apa yang kau bawa hanya untuk wanita kelas 3 i ini lah tempat ku setelah ayah ku masuk surga,0,2025-08-07T07:13:29Z,0,False
@beduu211,Ges apa cuma gua aja yang denger setiap narator awal ngomong ada noise suara,0,2025-08-07T06:32:07Z,0,False
@krisnaradimahardika6009,"pecah, videonya bener bener bikin saya sadar dan kagum kalo bumi ini bener bener patut dihargai dan dicintai, dari proses panjang zaman Hadean sampe zaman Holosen, banyak hal yang bisa diambil dari sini. Absolute Cinema 🙌",0,2025-08-07T05:33:02Z,0,False
@jesentisen3975,Req betapa mengerikannya mantan,0,2025-08-07T02:09:05Z,0,False
@ibaysyn,Video nya keren....narasi nya gak kalah kerennya.,0,2025-08-06T19:42:44Z,0,False
@SayaRiyoo,Kui tenan kui ndak,0,2025-08-06T19:36:34Z,0,False
@vivostg2,"""dengan menghargai bumi adalah cara terbaik untuk menghargai diri kita sendiri""

Nasi angkasa 2025",0,2025-08-06T19:03:46Z,0,False
@adhrubinho9957,Terus bang Bintang Yang Meledak itu dari mana 😂,0,2025-08-06T19:03:01Z,0,False
@tarisazahra3652,Gue nangis nonton ini 😭😭😭😭😭 sumpah seru bgt dapet pelajaran² kaya gini 😭,1,2025-08-06T17:35:59Z,0,False
@kipligriesh1679,Ini semua kuasa tuhan,0,2025-08-06T15:53:54Z,0,False
@obi_art-wel,jadi kita terbuat dari abu😢,0,2025-08-06T15:47:22Z,0,False
@ARDIC_OFFICIAL,"Asal usul manusia sama asal usul dinosaurus merujuk ke kitab Yahudi atau darimana? 😂 Kalau ga sesuai ajaran kitab suci ya ngawur namanya, semua yg diajarkan ke kita itu kadang ada pembodohan, pelajarilah dari kitab suci itu yg paling benar , terimakasih 😊",0,2025-08-06T14:57:34Z,3,False
@jason7-p9d,"Maaf bang, opini lu terlalu bodoh.

Tidak ada kaitannya video ini dengan ""yahudi"" (?) bahwasanya, memang asal usul manusia bisa dijelaskan dengan ilmiah dan juga dengan kitab suci, kita bisa menyambungkan keduanya untuk menjadi bukti yang konkret.

Lantas, apa maksudmu? Video ini tidak bersifat agamis",0,2025-08-07T23:15:46Z,0,True
@ARDIC_OFFICIAL,"@jason7-p9d jelas2 menyimpang, ada bukti dinosaurus ga di kitabmu?",0,2025-08-10T02:26:47Z,0,True
@jason7-p9d,"​​​@ARDIC_OFFICIAL 
> أَفَلَا يَنظُرُونَ إِلَى ٱلۡإِبِلِ كَيۡفَ خُلِقَتۡ ١٧ وَإِلَى ٱلسَّمَآءِ كَيۡفَ رُفِعَتۡ ١٨ وَإِلَى ٱلۡجِبَالِ كَيۡفَ نُصِبَتۡ ١٩ وَإِلَى ٱلۡأَرۡضِ كَيۡفَ سُطِحَتۡ ٢٠
Q.S Al-Ghasiyah ayat 17-20
“Maka apakah mereka tidak memperhatikan unta bagaimana diciptakan? Dan langit bagaimana ditinggikan? Dan gunung-gunung bagaimana ditegakkan? Dan bumi bagaimana dihamparkan?”

Maksudnya: Allah mengarahkan manusia untuk mengamati ciptaan dengan mata kepala dan akal, yang di zaman sekarang termasuk fosil, lapisan tanah, dan sisa makhluk purba seperti dinosaurus

Bukti lain: Al-Jahiz (781–869 M)

Dalam Kitab al-Hayawan (Buku Hewan), ia menulis tentang “transformasi spesies” — bahwa makhluk hidup bisa berubah sifat dan bentuknya karena adaptasi lingkungan.

Pemikirannya sering dianggap sebagai konsep awal teori evolusi.",0,2025-08-10T07:28:36Z,0,True
@WindiYanti-kw6xd,Ya allah😭😭😭maafkan aku masih banyak kesalahan. Siapa pun itu maafin aku yah untuk dunia dan akhirat amin Yarrab merinding bgt,0,2025-08-06T14:55:42Z,0,False
@maherboy712,Jadi kepikiran siapa yang 4:12 menyaksikan masa evolusi bumi itu dari awal 4:12,0,2025-08-06T13:59:50Z,0,False
@rikiridwanto7885,Hanya bencana alam sepertinya yg bisa memulihkan kembali bumi,0,2025-08-06T13:55:18Z,0,False
@magnetman861,"W suka kyk gini, Fiksi ilmiah dan Toeri😊",0,2025-08-06T13:13:09Z,0,False
@irvanz6660,"Ijin bertanya, Kenapa yaa posisi bingtang di langit tetap pada posisinya ya??",0,2025-08-06T13:06:52Z,1,False
@hoonieharu6604,"Izin jawab dari yg saya pelajari bang. Bintang itu sebenarnya bergerak cepat sekali, tapi krn jaraknya super jauh dari bumi makanya kelihatan seperti tidak bergerak. Setelah ratusan atau ribuan tahun baru bisa terlihat berpindahnya, itupun sedikit. Jika dimisalkan  kita bisa lihat bintang saat siang hari tentu lokasi bintang2nya berubah krn bumi kita berotasi, sama seperti kita melihat matahari dan bulan",0,2025-08-07T12:18:26Z,0,True
@maz_bunk7470,Penasaran kelak manusia berevolusi mnjadi apa 🗿,0,2025-08-06T13:04:01Z,0,False
@enigma-w1n,"Bumi itu datar, bukan bulat",0,2025-08-06T12:19:33Z,0,False
@ebijebol6707,Ne ngarang pinter temen😅,0,2025-08-06T11:12:33Z,1,False
@Emeng17,Teori  lah mbkayu,0,2025-08-06T11:55:18Z,0,True
@ahiemWild,"Namun fakta nya di dalam Islam super Nova big bang hanyalah hayalan imajinasi ilmuan 😂😂😂. Dalam Islam tuhan menciptakan bumi dalam waktu 6 hari 6 malam, namun satu hari bagi Tuhan sama dengan ribuan tahun bagi manusia. Benar ilmuan melalui ledakan super Nova atau benar cerita dari Islam?..",0,2025-08-06T08:21:48Z,0,False
@KupBrian,Lebih mengerikan pemerintah Indonesia..,0,2025-08-06T07:01:43Z,0,False
@ayamgoreng2103,"Intinya yg buat semua allah swt,!!!",0,2025-08-06T06:50:51Z,0,False
@Rinagus_15,Matahari kakkk dibahas,0,2025-08-06T05:44:38Z,0,False
@kufuanasihuku8025,"Apakah manusia diciptakan Tuhan, disaat Tuhan mulai bosan dengan langit, bintang dan semestanya? setelah manusia punah, apakah yang akan diciptakan lagi oleh-Nya? Maha besar Allah",0,2025-08-06T02:16:45Z,0,False
@Oma.komarudin,Allah menciptakan dari yang tidak ada menjadi ada. ALLAHUAKBAR,0,2025-08-06T01:59:18Z,0,False
@kaylaaurorashafa1950,Bumi adalah bentuk karma dari keserakahan yang manusia buat,0,2025-08-06T01:29:57Z,0,False
@unknownuser88-p1d,"Orang request seberapa mengerikannya ini itu terutama  yang top comment 
Tapi saya request realistis aja, request seberapa mengerikannya manusia kalau udah lupa Allah SWT, dan karena sibuk ke masalah masing-masing terutama masalah di tempat masing-masing, udah lupa sama Allah dan gaada yang bakal ingatin lama kelamaan
Yang femes sekarang, yang related aja
Tapi Allah udah hilang dari kita semua",0,2025-08-06T00:20:46Z,0,False
@hilmanjuhdan348,Allahu akbar,0,2025-08-05T22:58:29Z,0,False
@kupugamingzone,"masih bingung sama munculnya dinosaurus, hasil evolusi makhluk laut kah atau gimana, mohon pencerahannya 😅",1,2025-08-05T18:49:26Z,0,False
@sahrinovayogas.pd.m.pd.1788,Cc   fffcfffçfçffccfccfccçfcçf ccccc fccf fcc ffccccçccffçfcçf fffcfcfcfffccfd f fffff f ffcfcccf f dçcccccfffffffcfffccfffffccffcfcfcfccffcfdfffffcffdcfffffffffcfcffcf cf f ff f df ff f ff fffdfff  fd ddcfc fd ď🎉ddddd 🎉d🎉dd dddd🎉d,0,2025-08-05T16:04:58Z,0,False
@nandangnurhuda9450,y,0,2025-08-05T16:01:07Z,0,False
@Pelikuenceng,"Dan ingatlah ,saat manusia tidur yang ada hanya gelap , sama seperti saat manusia mati ,gelap Dan tidak terjadi apa apa hanya tubuhnya yg membusuk dimakan serangga Dan hewan di dalam tanah , trus dimanakah surga yang menyediakan tujuh bidadari Dan neraka yg menyiksa , diatas langit hanya ada mereorid Dan planet lainya di dalam bumi hanya inti kawah yg keluar lewat gunung berapi.",0,2025-08-05T15:59:40Z,0,False
@Pitter420,"sambil pakai gelek , rasanya seperti penjelajah waktu",0,2025-08-05T15:12:11Z,0,False
@alkaaja-s6t,Narasinya keren bang..,0,2025-08-05T14:38:36Z,0,False
@OgiWahyudi-gl4yx,Keren bang❤,0,2025-08-05T13:26:02Z,0,False
@wahyudirecover6048,"Di dunia ini tidak ada yg abadi , segalanya memiliki batas . Antara kelahiran dan kematian di sela selanya memiliki ruang untuk bertumbuh dan hidup . Dan segala yg hidup membutuhkan energi ( apapun itu ) . Kita semua tahu matahari kita itu hidup dan memiliki batas , karena sumber energinya suatu saat akan habis .
Namun kita lupa bahwa bahwa bumi kita juga hidup , dan seperti yg saya katakan : segala yg bertumbuh dan hidup membutuhkan energi . PERTANYAANNYA ; energi apa yg di butuhkan bumi untuk hidup ? .
Karena jika kita tidak tau atau mengabaikannya , kemungkinan manusia akan menambang energi itu ataupun merusak mata rantai keseimbangannya yg mengakibatkan bumi kita mati lebih cepat di karenakan kehabisan sumber energinya sendiri yg di akibatkan manusia .",0,2025-08-05T07:53:48Z,0,False
@AchmadFauzi-f8b,Keren banget bang 😊👍👍👍,0,2025-08-05T06:07:11Z,0,False
@ytjamall8575,"Masa gak ada penjelasan gimana awal mula ada serangga, bagaimana terciptanya",0,2025-08-05T04:27:43Z,0,False
@arielerlintang,kenapa zaman kenabian di skip bang ? peradaban sumeria dan lain lain,0,2025-08-05T02:42:00Z,0,False
@wijayadelapan6692,Gila...45 milyar tahun yang lalu...begitu hebat alloh menciptakan segalanya,0,2025-08-04T20:59:36Z,0,False
@MrNugroho7927,Ya allahh🤲🤲🤲,0,2025-08-04T18:37:43Z,0,False
@NanangKosim-v7u,Ko nabi Adam g di sebutkan ..kn pdhl nabi Adam manusia pertama di bumi,0,2025-08-04T18:31:46Z,0,False
@wancsaputra1476,"Kok masih ada manusia yg percaya bahwa dirinya beradal dari kera, mereka para pendukung teori darwin si pembohong besar!!!",0,2025-08-04T16:38:44Z,0,False
@rojiyansobarli6730,Bumi ga serem yg serem Indonesia,0,2025-08-04T16:36:44Z,0,False
@jackson2101-l4i,Apakah semua rentetan itu terjadi  kebetulan? . Oh tentusaja mustahil. Pasti ada yang membuatnya!betul apa tidak kaum ateis?,0,2025-08-04T15:53:08Z,0,False
@napputtt,"WOI MIN KAKEK NENEK MOYANG SAYA BUKAN MONYET 🖕🏻, Adam Hawa , itu info fiktif.",0,2025-08-04T15:20:33Z,0,False
@ZulfadlyRamadani,Kalau menggambarkan seperti    ini artinya bumi bukan di ciptakan dengan sengaja.. Bukan kah dalam kitab suci. Penjelasan nya..,0,2025-08-04T14:35:27Z,0,False
@storyzack,Pertanyaannya siapa yang tau awal mula bumi di ciptakan sedangkan kitanya sendiri belum ada ??😂😅,0,2025-08-04T14:13:52Z,0,False
@gathering8024,Didlam bumi yang mengerikan itu ada konoha yang lebih ngeri,0,2025-08-04T14:00:53Z,0,False
@annisamlbb,"Dimana bumi dipijak,disitu rakyat di pajak😂",1,2025-08-04T13:28:12Z,0,False
@noradzyy4284,Pantesan Stephen Hawking aethis,0,2025-08-04T12:59:17Z,0,False
@novemberpelita8120,"narasi yg indah, musik yg syahdu & video yg apik
kereeeeennnn",0,2025-08-04T10:51:05Z,0,False
@Mas_indraa,4:26  udah nggk heran yaaaaa adek adek sekaramg knp di gunung itu ada lava. Semua bersikronisasi satu dan lainnya dari inti dalam bumi,2,2025-08-04T10:21:00Z,0,False
@liam_saja,jauh lebih mengerikan manusia ga sih min? hanya butuh 3 juta tahun untuk dapat merusak bumi,0,2025-08-04T06:30:04Z,1,False
@liam_saja,atau malah ini terlalu jauh wkwk keknya cmn butuh 10.000 tahun buat merusak bumi,0,2025-08-04T06:31:23Z,0,True
@hadi3868,Sesuai sunatulloh yang dikabarkan Rosullulloh 1500 th silam.,0,2025-08-03T22:40:31Z,0,False
@sikaraktv9689,Wqww,0,2025-08-03T22:30:22Z,0,False
@GhavaFaeyza-q3z,Dongeng. Tdk d alami manusia,0,2025-08-03T17:08:38Z,0,False
@rsdi_art,👍👍,0,2025-08-03T16:54:28Z,0,False
@Rembo1172,"Klo memang pecahan dr supernova.
Knapa pecahannya bulat2 planetnya..?
Knpa cuma bumi yg hidup kan berdekatan antara venus dll.
Knp yg lain ngk sama.
Ytta",0,2025-08-03T15:29:10Z,0,False
@ssumurssinaba,Keren bang,0,2025-08-03T15:28:18Z,0,False
@bangbudo5966,"Subhanallah 
Allahu Akbar
Allahumma Shalli Alaa Sayyidina MUHAMMAD Wa Alaa Ali Sayyidina MUHAMMAD",0,2025-08-03T15:06:26Z,0,False
@sembers_dt5041,"Kehidupan itu tidak mungkin muncul sendiri. Pasti ada penciptanya, tidak mungkin terjadi begitu saja.",0,2025-08-03T14:48:17Z,0,False
@PanjiSemirang-uf1ug,Manusia suka berkhayal,0,2025-08-03T13:52:02Z,0,False
@isrinanurfaiza199,"abangg, konten ini keren bangett ❤",0,2025-08-03T12:35:46Z,0,False
@jenjen6078,Kalau mengerikan kenapa kamu ada di planet bumi,0,2025-08-03T11:36:03Z,0,False
@Humor-277,"Bagus Editan Vidionya bang.. 
Tp abang harus belajar bagaimana caranya percaya dengan Tuhan, supaya tahu bagaimana caranya manusia di ciptakan  bukan dengan vidio yang abang buat ini.. 

Menyesatkan orang dengan sesuatu yang kita buat itu, dosanya terus-terusan bang.. 
Hati2 dengan apa yang abang buat 😇",0,2025-08-03T11:18:38Z,0,False
@Samsul-ok1on,"Hoax, Karna Tak ada yg tahu kondisi alam sebelum adanya bumi, kecuali tuhan pencipta semesta alam, buat konten itu yg masuk akal saja",0,2025-08-03T11:18:10Z,0,False
@tintun15,smua kerusakan akibat dari Ego manusia.,0,2025-08-03T10:27:25Z,0,False
@pututreza1897,Request tentang Waktu dan Gravitasi min,0,2025-08-03T10:02:32Z,0,False
@rinonugraha5213,kenapa sains bertolak belakang dgn agama walaupun ada juga yg sebagian yg cocok. contoh yg paling bertolak belakang tentang awal mula penciptaan contoh hewan air yang ada di video ini,0,2025-08-03T08:46:36Z,0,False
@army13697,Bg request bahas tentang betapa mengerikannya oligarki di Indonesia,0,2025-08-03T08:42:25Z,0,False
@DeniIrawan-y6o,"Manusia dri monyet berevolusi😅
Knp monyet skrg tidak berevolusi lgi😅
Smua mahluk d ciptakan allah bkn berevolusi",0,2025-08-03T07:12:39Z,0,False
@radhakim6960,Mas bisa ga sih durasinya dipanjangin lg? Aku suka bgt narasinya utamanya pertengahan hingga akhir. Merasakan tamparan tak kasat mata hingga tak sadar pipi tlah basah,0,2025-08-03T06:48:49Z,0,False
@PurWanto-c2j,Adam hawa mana,0,2025-08-03T05:26:35Z,0,False
@sophia_1510-x4d,Yang mengerikan kalo bumi dibilang bulat,0,2025-08-03T04:10:47Z,0,False
@rianadacollection9967,Klo saya nenek moyang saya adalah adam. Bukan kera atau sbgnya.....biar lah anda yg bernenek moyang kera😅,0,2025-08-02T18:50:17Z,0,False
@felixnyoradi,bang request 30 menit mengerikannya aturan baru pemerintah konoha yg lagi viral skrg,0,2025-08-02T17:52:39Z,0,False
@MhdRezasty,Indonesia bubar😂😂,0,2025-08-02T17:41:04Z,0,False
@hendihendicirebonang3692,apa kabar nabi adam?,0,2025-08-02T16:23:38Z,0,False
@saisa6511,Yang berasal dari Tanah akan kembali ke tanah,0,2025-08-02T16:04:59Z,0,False
@kancilliar0766,"semua terjadi krn kuasa Allah....apa yg d Alam semesta ini bukan terbentuk atas sendirinya,tapi Tuhanlah sang maha pencipta Allam semesta...",0,2025-08-02T15:50:28Z,0,False
@NafikNafik-l4w,Pembodohan....,0,2025-08-02T15:41:47Z,0,False
@al_anam27,Apapahn khayalan kamu. Semua itu diciptakan Tuhan maha pencipta,0,2025-08-02T13:28:50Z,0,False
@al_anam27,Sok tau,0,2025-08-02T13:26:38Z,0,False
@robertread6494,Seandainya manusia tahu bahwa bumi ini diciptakan oleh Tuhan Yesus Kristus dengan firman-Nya,0,2025-08-02T13:05:34Z,0,False
@aqillarohman9976,Ngarang,0,2025-08-02T12:17:33Z,0,False
@Infunik,Om. Ter8mkasih ilmunya,0,2025-08-02T09:36:18Z,0,False
@fitraagung4287,Manusia diturunkan dari surga ke bumi yaitu Nabi Adam A.s dan Siti hawa...,0,2025-08-02T08:26:04Z,0,False
@ricoputra2412,"Kalau di pikiri2,Manusia itu kok bisa beda banget sama makhluk hidup yg lain,makhluj hidup yg lain itu kek terbentuk secara alami dan berproses,klo manusia tiba2 jadi mahluk yg sangat utuh,ada akal pikiran,jangan2 manusia itu bukan mahluk asli bumi.",0,2025-08-02T07:05:42Z,0,False
@ricoputra2412,"Manusia itu makhluk hidup yg terakhir di turunkan ke bumi,setelah semuanya siap.",0,2025-08-02T06:57:37Z,0,False
@lyricsofficial1509,"Dari video ini aku sadar, bahwa di awal dunia pun, sudah ada pelajaran yg bisa kita petik untuk di realisasikan di kehidupan.. Salah satunya adalah, setiap kesuksesan, itu awalnya pasti dilalui dengan kesakitan, kesulitan.. Seperti firman Allah dalam surah Al-Insyirah ""Sesungguhnya sesudah kesulitan ada kemudahan"".. Mau di aspek apapun itu, ntah kita yg di uji dalam pekerjaan, atua saat kita mau menggapai suatu pencapaian, pasti ada ujiannya berupa kesulitan dan itu tidak mudah dan tidak instan, pasti ada gagal nya.. Seperti terjadinya supernova,,  terbentuk nya planet dan Bumi..",1,2025-08-02T05:50:45Z,0,False
@Heykiran2323,"15:10 izin komen, saya keturunan nabi adam bukan keturunan homo sapien..😊",0,2025-08-01T23:37:09Z,0,False
@YahiYahuy,"Intinya ini video keren banget. Dah gitu aja bang, gw dah speechless terpukau dengan eksekusi videonya.",0,2025-08-01T21:29:41Z,0,False
@fahmipejuang6474,"Hal² yang dapat menyebabkan permusuhan antara manusia cuman 2 hal yaitu ..

""Mabok agama""
 dan
""Mabok kekuasaan""

Itulah bom waktu yang akan menghancurkan bumi ini 😊",1,2025-08-01T21:07:03Z,0,False
@Rocky5597-cs6ut,Jadi semua ini mustahil jika tiba2 ada kehidupan tanpa izinnya😇,0,2025-08-01T19:10:22Z,1,False
@fahmipejuang6474,Izin siapa ??,0,2025-08-01T21:15:23Z,0,True
@RobbyCheper,Kapan jaman jin perang sama Malaikat bang?,0,2025-08-01T16:20:20Z,0,False
@viianaruryabygaill2613,langsung ku subscribe dan like..,0,2025-08-01T16:19:11Z,0,False
@IslamicHeritageEducation,trimakasih Informas ilmu tentang pengatahuan evulusi manusia,0,2025-08-01T11:47:15Z,0,False
@mbokdherisa,"misi   toping bumi mau komen... 
.",1,2025-08-01T08:30:09Z,0,False
@puskesmaspandaan.official,Manusia di menit 14:44,0,2025-08-01T06:12:57Z,0,False
@AhulAhul-j1j,Hoaks😂,0,2025-08-01T05:19:48Z,0,False
@ribkahelindra8720,Script by chatgpt,0,2025-08-01T03:07:12Z,0,False
@PanutAdianto,Itu contoh dari hari Ahir itu juga ulah dari manusia Nya sediri termasuk perang  di okraninia itu sebuah contoh kalao hari Ahir sudah dekat percala yg paling buda nga bisa gemes teng Alloh mehjinak kan setan jin itu sendiri hayah satu buda disuruh semua untuk mehyebah haya satu Alloh hurobi sama sama gemes Ten Alloh suayah Ngah murkah❤,0,2025-07-31T19:58:15Z,1,False
@fahmipejuang6474,"Hal² yang dapat menyebabkan permusuhan antara manusia cuman 2 hal yaitu ..

""Mabok agama""
 dan
""Mabok kekuasaan""

Itulah bom waktu yang akan menghancurkan bumi ini 😊

Mabok agama menjadikan manusia saling bertikai hanya karena ingin menjadikan agamanya yang paling benar.. dan ujung²nya manusialah dan bumi lah yang jadi korban

Sedangkan mabok kekuasan
Menjadikan manusia sebagai seorang penjahat yang menghalalkan segala cara bahkan merusak bumi sekalipun demi kepentingan kekayaannya sendiri..

Jadi mending menjadi manusia yang senantiasa merawat bumi tanpa harus di doktrin oleh pemikiran² seperti itu",0,2025-08-01T21:31:41Z,0,True
@connecthor,"Tapi tetap...semua itu hanya teori...karena tdk ada bukti valid yang bisa mengkonfirmasi. Yang paling benar hanya yang tertulis dalam alquran. Yang selain itu, hanya teori manusia saja.",0,2025-07-31T19:35:35Z,2,False
@fahmipejuang6474,"Hal² yang dapat menyebabkan permusuhan antara manusia cuman 2 hal yaitu ..

""Mabok agama""
 dan
""Mabok kekuasaan""

Itulah bom waktu yang akan menghancurkan bumi ini 😊

Mabok agama menjadikan manusia saling bertikai hanya karena ingin menjadikan agamanya yang paling benar.. dan ujung²nya manusialah dan bumi lah yang jadi korban

Sedangkan mabok kekuasan
Menjadikan manusia sebagai seorang penjahat yang menghalalkan segala cara bahkan merusak bumi sekalipun demi kepentingan kekayaannya sendiri..

Jadi mending menjadi manusia yang senantiasa merawat bumi tanpa harus di doktrin oleh pemikiran² seperti itu",0,2025-08-01T21:32:34Z,0,True
@sonlin76,"itu katamu kata Joseph Albert Michael laen lagi, 😂😂",0,2025-08-02T02:31:48Z,0,True
@PanutAdianto,Ini buda yg mendengarkan cari paham😂 5:14,0,2025-07-31T19:27:27Z,0,False
@rikhaapriliaazzahra18,Video ini menggiring orang agar tidak berTUHAN .. di mana peran Tuhan di video ini cuma menarawang miliaran tahun yg sama sekali manusia tidak bisa melihatnya cuma bisa menebak nebak apakah harus di percaya  bagai mana sesuatu yg ada tanpa di ciptakan oleh yg ada lalu di mana peran tuhan di video ini.. tolong saya mohon  tau atau admin balas pertanyaan saya tentang di mana peran Tuhan di video ini.. tapi bukan untuk berdebat,0,2025-07-31T17:59:24Z,1,False
@fahmipejuang6474,"Hal² yang dapat menyebabkan permusuhan antara manusia cuman 2 hal yaitu ..

""Mabok agama""
 dan
""Mabok kekuasaan""

Itulah bom waktu yang akan menghancurkan bumi ini 😊

Mabok agama menjadikan manusia saling bertikai hanya karena ingin menjadikan agamanya yang paling benar.. dan ujung²nya manusialah dan bumi lah yang jadi korban

Sedangkan mabok kekuasan
Menjadikan manusia sebagai seorang penjahat yang menghalalkan segala cara bahkan merusak bumi sekalipun demi kepentingan kekayaannya sendiri..

Jadi mending menjadi manusia yang senantiasa merawat bumi tanpa harus di doktrin oleh pemikiran² seperti itu",0,2025-08-01T21:27:43Z,0,True
@REX-S2,Bang bahas betapa mengerikannya di dalam tubuh PDI-P,0,2025-07-31T17:33:47Z,0,False
@YUDA-BP,Lu tau darimana anjir😂,0,2025-07-31T15:49:20Z,0,False
@Widodo_syahputra,"Bng gua mau nanya lu tau ini dari mna, atau hanya karangan saja",0,2025-07-31T15:30:36Z,0,False
@muhamadhardy-x5y,"Darimana hewan datang nya, apa dari batu jadi hewan",0,2025-07-31T14:17:48Z,0,False
@Chris1724.,"Ngeri, keren",0,2025-07-31T13:47:04Z,0,False
@AKnow19,Jika ingin bumi beregenerasi populasi manusia harus hilang 80%,0,2025-07-31T13:25:15Z,0,False
@worldice,Bgi alam semesta kita hanyalah bakteri,0,2025-07-31T12:46:16Z,0,False
@purwantomas2717,Apakah era manusia jg bisa punah seperti era dinosaurus??  Dan tergantikan dengan era yg lain,0,2025-07-31T06:03:48Z,0,False
@gengger,NASI?,0,2025-07-31T00:32:48Z,0,False
@TotokIrawan-yb2vj,"Bang request 30 menit,, ( Betapa mengerikan MobiL siLuman Esemka Boyolalinium )",0,2025-07-31T00:15:42Z,0,False
@bagusjayasutama4373,"jngn jauh"" bumi . konoha aj ngeri",0,2025-07-30T18:21:07Z,0,False
@Seanjeva,cius,0,2025-07-30T17:58:10Z,0,False
@sleketebz,"gila lu bang, konsep rangkuman videonya kerennn ....👍🏻👍🏻",0,2025-07-30T16:25:58Z,0,False
@caroltegar,Artinya kita hanyalah sepersekian miliar dari tata Surya.,0,2025-07-30T16:22:02Z,0,False
@AwanArdiansyah-u2w,Bang suara lu pake apa ya,0,2025-07-30T15:51:26Z,0,False
@muhammadfuadbaharudinyusuf2710,Pengen nangis gua 😢,0,2025-07-30T15:20:06Z,0,False
@gembelfish,Ini adalah Hipotesis pembentukan planet bumi dan makhluk hidup...,0,2025-07-30T15:18:32Z,0,False
@dinapramida,📌,0,2025-07-30T15:08:58Z,0,False
@ElgaMaxi,Bang coba jelaskan kenapa sebuah ledakan bisa menghasilkan manusia dan binatang juga Tumbuhan😂😂😂,0,2025-07-30T14:58:36Z,0,False
@maystories7200,"Sediihhh 😢 takut bgt qt termasuk dr bagian kehancuran bumi kelak , anak2 keluarga . Yaallah bumi terus berjalan waktu berlalu , iman masih goyah",0,2025-07-30T14:54:44Z,0,False
@ronigreget6810,Dan semua sudah di jelas kan di dalam kitab agung Al Quran,0,2025-07-30T13:37:31Z,3,False
@fahmipejuang6474,"Hal² yang dapat menyebabkan permusuhan antara manusia cuman 2 hal yaitu ..

""Mabok agama""
 dan
""Mabok kekuasaan""

Itulah bom waktu yang akan menghancurkan bumi ini 😊

Mabok agama menjadikan manusia saling bertikai hanya karena ingin menjadikan agamanya yang paling benar.. dan ujung²nya manusialah dan bumi lah yang jadi korban

Sedangkan mabok kekuasan
Menjadikan manusia sebagai seorang penjahat yang menghalalkan segala cara bahkan merusak bumi sekalipun demi kepentingan kekayaannya sendiri..

Jadi mending menjadi manusia yang senantiasa merawat bumi tanpa harus di doktrin oleh pemikiran² seperti itu",1,2025-08-01T21:36:14Z,0,True
@ronigreget6810,​@fahmipejuang6474Hanya Satu Islam,0,2025-08-01T21:57:29Z,0,True
@sonlin76,"itu dr.kmu dr. Joseph Albert Michael laen lagi, 😂😂",0,2025-08-02T02:37:11Z,0,True
@B1Gxb0SS,Kok sy sampe nangis y nnton video ini.,0,2025-07-30T13:24:39Z,0,False
@LidiaNur1985,"Toontonan aku nih nex carlos dari dlu gak pernah bosenin , sama kayak GELORA4D yang selalu nyenengin heheh",0,2025-07-30T12:34:49Z,0,False
@resk3289,WOW BANGET BANG TERIMAKASIH,0,2025-07-30T08:15:36Z,0,False
@FaaizMuhammad07,15:50 berarti dsini meyakini bahwa manusia berawal dari manusia purba yah?,3,2025-07-30T07:15:36Z,9,False
@Lilakshs,"Menurut perkiraan mu mulai kapan nabi Adam turun? 10 ribu, 20 ribu, tau 100 ribu tahun yg lalu?",0,2025-08-01T08:20:20Z,0,True
@FaaizMuhammad07,"​@Lilakshsnii makanya aku bertanya bang utk pengetahuan aku sendiri yg minim ilmu ini, klo menurut abang gmana? 🙏",0,2025-08-01T08:31:42Z,0,True
@fahmipejuang6474,Kalau memang gen nya sama maka itu sudah benar dan asli...  bukan sekedar rekayasa kitab aja,0,2025-08-01T21:39:44Z,0,True
@Lilakshs,"​@FaaizMuhammad07 itu saya juga bertanya, tapi kalau mengacu kepada umur nabi nuh yg mencapai 900 thn maka bisa jadi era ketika nabi Adam turun itu ada di puluhan ribu tahun yg lalu",1,2025-08-05T04:33:22Z,0,True
@PUTRA-sl7sb,kayak nya Nabi Adam turun di saat manusi purba punah dan Allah ciptakan manusia yg lebih sempurna dan ber akal ya itu nabi adam,0,2025-08-16T13:51:54Z,0,True
@Ombar01,Luar biasa ban serasa masih di Saman dluh ban❤,0,2025-07-30T02:01:26Z,0,False
@mahasiswamalas8846,wih keren bnget nih yg nulis script suka saya,0,2025-07-29T18:19:05Z,0,False
@veanahabibah9832,"Baru juga mulai, sambil baca komen. Kok udah nyesek 😢",0,2025-07-29T17:24:00Z,0,False
@kinoy224,"Setelah melihat video ini , saya berfikir jadi apakah manusia setelah berevolusi 10jt th kedepan ?",0,2025-07-29T16:18:29Z,0,False
@Wilda-f3c,"Mulai skrng sadar bahwa kenyamanan di bumi hanya sementara dan keindahan ilusi dibalik sebenarnya menyeramkan sepintarnya manusia TDK akan ada habisnya mengetahui tentang pelanet kita sndiri TDK akan terjamah,memang keagungan tuhan tadatandingannya",0,2025-07-29T15:10:30Z,0,False
@SriAndiniAndiniPratama,"Jangan terlalu serius, ini hanya karangan cerita..",0,2025-07-29T15:08:11Z,1,False
@fahmipejuang6474,Jadi apa bedanya dengan karangan kitab dari semua agama ?? Semua itu hanya karangan doang,0,2025-08-01T21:41:18Z,0,True
@SriAndiniAndiniPratama,Karangan ceritanya terlalu membodohi..,0,2025-07-29T15:07:24Z,0,False
@SriAndiniAndiniPratama,"Siapa yang menciptakan mikroorganisme?
Ko tiba tiba bilang makhluk pertama di bumi ???😂
Ngakak denger karangan ceritanya.. 🤣",0,2025-07-29T15:06:10Z,1,False
@fahmipejuang6474,"Mikroorganisme tercipta dengan sendirinya mengikuti perkembangan iklim bumi dan itu lebih masuk akal daripada percaya bahwa manusia turun ke bumi dari surga karena melanggar perintah tuhan .. 😂😂😂.. 

Saya rasa ngga masuk di akal",0,2025-08-01T21:43:44Z,0,True
@dayathidayat4416,Request 30 menit betapa bahayanya memiliki presiden palsu,0,2025-07-29T15:05:31Z,0,False
@wongdeso6833,Lebih ngeri lagi dompet kosong,0,2025-07-29T13:45:22Z,0,False
@musikmamase,Mungkinkah planet2 yg juga saat ini masih belum memuat kehidupan akan memuat kehidupan nantinya?,0,2025-07-29T08:30:56Z,0,False
@dianjepara214,Yg menghancurkan bumi yaitu yg menciptakan teknologi atau yg merasakan teknologi.,0,2025-07-29T04:32:03Z,0,False
@BreakSide-h2n,"Bener² mengerikan apalagi di Tanah Konoha sangat banyak Korupsi, Pencabulan 1 vs 12 orang, Judol, Data Pribadi mau Dikirim ke AS, Orang Bener Jadi Salah, Orang Salah Jadi Bener, ga ada bandingannya lah intinya, Welcome To Konoha Senpu🙏🤘👉👌",0,2025-07-28T20:41:03Z,0,False
@fannydealova,dari luasnya bumi kenapa saya lahir di Indonesia 😢,0,2025-07-28T19:12:24Z,0,False
@inderdoy,"Bang request dong ""10menit betapa menggerikanya pemerintah & dpr di indonesia'",0,2025-07-28T19:07:44Z,0,False
@va50.palmet,Allah menciptakan segala sesuatu bukan untuk bermain-main...,0,2025-07-28T17:24:20Z,1,False
@fahmipejuang6474,"Hal² yang dapat menyebabkan permusuhan antara manusia cuman 2 hal yaitu ..

""Mabok agama""
 dan
""Mabok kekuasaan""

Itulah bom waktu yang akan menghancurkan bumi ini 😊

Mabok agama menjadikan manusia saling bertikai hanya karena ingin menjadikan agamanya yang paling benar.. dan ujung²nya manusialah dan bumi lah yang jadi korban

Sedangkan mabok kekuasan
Menjadikan manusia sebagai seorang penjahat yang menghalalkan segala cara bahkan merusak bumi sekalipun demi kepentingan kekayaannya sendiri..

Jadi mending menjadi manusia yang senantiasa merawat bumi tanpa harus di doktrin oleh pemikiran² seperti itu",0,2025-08-01T21:44:53Z,0,True
@Dedireaction_1,Menyimak abangku,0,2025-07-28T15:06:02Z,0,False
@bf_flozi-s9y,☺️💙👍🏽👍🏽👍🏽,0,2025-07-28T14:56:21Z,0,False
@yusufarfan235,"Dunia ini ternyata sudah tua,menjelang kematian dan kepunahan seluruh isinya..ada awal,ada akhir,ada kelahiran ada kematian..",1,2025-07-28T14:41:48Z,0,False
@salamanakrantau3116,p,0,2025-07-28T13:58:48Z,0,False
@lamb_tuwtak,"Bang request,buat bahas betapa mengerikannya negara KONOHA dipimpin Mulyono de King Javasiche",0,2025-07-28T13:38:26Z,0,False
@Bargas_Farm,Allah hu akbar. Subhanallah❤❤❤,0,2025-07-28T13:11:04Z,0,False
@mugiapp4422,Tetap kameramen yg hidup pertama dan selalu slamat😂,0,2025-07-28T13:01:16Z,0,False
@mugiapp4422,Gmn caranya ya kok bisa tau ada super nova mledak,0,2025-07-28T12:54:43Z,0,False
@mugiapp4422,Bumi itu bulat atau datar ?,0,2025-07-28T12:52:49Z,0,False
@Sambilotto-yt7wg,سبحان الله.......,0,2025-07-28T11:39:25Z,0,False
@Arvaya04,kita manusia asli dr bumi . . bahasa agama yang mengatakan kita dr luar bumi (surga) terbantahkan !,0,2025-07-28T08:14:31Z,2,False
@fahmipejuang6474,Dari dulu memang saya ragu² dengan pernyataan itu.. walaupun saya islam tapi kayak ngga masuk akal gitu,0,2025-08-01T21:46:52Z,0,True
@Arvaya04,"@fahmipejuang6474 Kadang ajaran agama disampaikan dalam bentuk simbol atau kiasan yang dalam maknanya. Tapi tak jarang dipahami secara harfiah, sehingga bisa menimbulkan kebingungan. Mungkin penting bagi kita untuk membedakan antara makna spiritual dan penjelasan ilmiah, agar tidak terjadi salah tafsir.",0,2025-08-04T03:38:35Z,0,True
@r2sembilan575,Keren banget,0,2025-07-28T07:24:16Z,0,False
@2024Dimulai,Tar dulu dongg gw belom kawinnn😭,0,2025-07-28T03:40:44Z,0,False
@jefryparapak4887,❤,0,2025-07-28T00:01:08Z,0,False
@putripermatasuci8545,30 menit dongeng sesuka hati,0,2025-07-27T15:38:07Z,0,False
@m.d.s559,Ilmu sperti ini apakah masih ada di kurikulum sekolah saat ini.,0,2025-07-27T15:37:09Z,0,False
@ArgaAjaja-vl7tc,🌟🌟🌟,0,2025-07-27T15:34:20Z,0,False
@ICALCUYYY,Tontonan sebelum tidur🤣,0,2025-07-27T14:48:50Z,0,False
@RKFBUS,"Jika vidio ini benar,lantas mengapa suatu makhluk bisa di katakan mati dan tidak bisa beegerak...dan bagaimana penjelasan soal ruh/nyawa pada suatu makhluk pertama kali",0,2025-07-27T14:30:05Z,1,False
@fahmipejuang6474,"Intinya ruh itu dari tuhan.. entah tuhan dari agama mana, tidak ada yang mengetahui kebenarannya .. kecuali tuhan",0,2025-08-01T21:48:01Z,0,True
@abdulahzz-t2v,"Seindah itu ciptaan tuhan , dan ketika tuhan ingin menjelaskan tentang keindahan maka dia menciptakan mu 🤍😣",0,2025-07-27T13:11:28Z,0,False
@ZaynFarm_22,"Di sd, smp saya diajarkan bumi berbentuk oval 
Namun sekarang lbh yakin bumi datar",0,2025-07-27T12:51:48Z,0,False
@CanaiaBelo,Pelajaran tidak masuk akal😂😂😂,0,2025-07-27T11:46:32Z,0,False
@hotbybrz3516,"Walaupun Hanya sebatas teori dan asumsi, tetapi tetap manarik untuk di simak.",0,2025-07-27T08:41:20Z,0,False
@bakul_travel,Manusia jaman sekarang sangat luar biasa,0,2025-07-27T05:42:50Z,0,False
@Man-k4zI99,"Kelompok manusia like👍
Kelompok nenek moyang monyet komen🐒.",0,2025-07-27T02:05:16Z,0,False
@Dmissingdaisy,"Ternyata Langit & Bumi dulunya menyatu,kemudian di pisahkan oleh kehendak Allah ta'ala yang maha kuasa maha mampu.

""Dan apakah orang-orang kafir tidak mengetahui bahwa langit dan bumi keduanya dahulu menyatu,kemudian kami pisahkan antara keduanya,dan kami jadikan sesuatu yang hidup berasal dari air ; maka mengapa mereka tidak beriman?""

(QS.Al-anbiya:30)

Merinding aku... 
Maha besar kuasa Allah",0,2025-07-27T00:03:13Z,2,False
@fahmipejuang6474,"Hal² yang dapat menyebabkan permusuhan antara manusia cuman 2 hal yaitu ..

""Mabok agama""
 dan
""Mabok kekuasaan""

Itulah bom waktu yang akan menghancurkan bumi ini 😊

Mabok agama menjadikan manusia saling bertikai hanya karena ingin menjadikan agamanya yang paling benar.. dan ujung²nya manusialah dan bumi lah yang jadi korban

Sedangkan mabok kekuasan
Menjadikan manusia sebagai seorang penjahat yang menghalalkan segala cara bahkan merusak bumi sekalipun demi kepentingan kekayaannya sendiri..

Jadi mending menjadi manusia yang senantiasa merawat bumi tanpa harus di doktrin oleh pemikiran² seperti itu",0,2025-08-01T21:50:44Z,0,True
@fahmipejuang6474,Bisa saja semua kitab di semua agama hanya karangan manusia saja ...,0,2025-08-01T21:52:30Z,0,True
@hndrngnwn,"Kadang suka kepikiran, apa ada kehidupan seperti kita diluar sana? Kalau ga ada, apa iya se-spesial itu manusia bumi.",0,2025-07-26T23:15:14Z,0,False
@ArkaAzril-e1u,ndospokk,0,2025-07-26T20:29:56Z,0,False
@calon_penghuni_Syurga,"Bagaimana.anda bs bercerita?
Ap.dasarnya?
Apa regerensinya?
Knp bs tahun ukuran tahunnya ?",0,2025-07-26T16:40:44Z,0,False
@cing_story,yang paling mengerikan letak nya di indonesia min,0,2025-07-26T15:47:12Z,0,False
@KarttoToying,Sok tau skitar milyaran tahun. Cuma hanya cerita gk jelas,0,2025-07-26T15:10:46Z,0,False
@TEUKUMURSALIN-w2r,Konten sesat tanpa sumber yang jelas😂,0,2025-07-26T14:56:21Z,0,False
@DANSAPORTUOfficial,Request 30 menit betapa mengerikannya pejabat Indonesia,0,2025-07-26T14:43:02Z,0,False
@cangkirkopi-pv2qj,"oh ini wajah di balik nasiangkasa, request bang, 30 menit bahaya mantan minta balik😂😂😂",0,2025-07-26T13:42:37Z,0,False
@B.A.D.G.E.R.,"Paling mengerikan bukan buminya, manusianya mengerikan",0,2025-07-26T12:34:24Z,0,False
@mmilan2285,"Semuanya hanya teori dari ilmuwan, sehebat apapun ilmuan pasti ada keterbatasannya, bumi dan planet lainnya tidak ada yg benar2 tahu bagaimna bisa terbentuk inilah kuasa tuhan",0,2025-07-26T11:17:29Z,0,False
@ZahraMeidina20,"Padahal di bumi kita hidup cuma sementara, tapi byk orang"" bermusuhan",0,2025-07-26T10:22:27Z,0,False
@Dapurmamalombok,Teori big bang sudah ada di Al Qur'an,0,2025-07-26T07:15:24Z,1,False
@fahmipejuang6474,Semua kitab sama aja tentang teori big bang,0,2025-08-01T21:53:52Z,0,True
@didinsirojudin4831,Berasa nonton COSMOS 😊😊,0,2025-07-26T06:35:50Z,0,False
@alijaya6395,Terkadang saya merasa takjub bahwa kita hidup di benda bulat yang melayang di angkasa.,0,2025-07-26T03:31:07Z,0,False
@AkkazOfficial,Dan zaman manusia pun akan punah.. seperti zaman2 sebelumnya .,0,2025-07-26T02:33:09Z,0,False
@asepberlian2934,Bahkan sampai sekarang pun bumi  masih menyeramkan. Diluar bumi banyak asteroid2 yg siap menabrak bumi. Hanya atmosferlah yg berfungsi menahan dan menghancurkan asteroid2 tersebut. Itulah kuasa Tuhan yang maha esa,0,2025-07-26T02:28:10Z,0,False
@RudiRudi-h5s,"Pelajaran bngsa barat,dari mana mereka tau asal tebak yah?",0,2025-07-26T01:04:55Z,0,False
@sakabaik,"Mereka bukan yg terkuat, bukan yg tercepat tapi daya rusaknya tinggi",0,2025-07-25T23:30:40Z,0,False
@fariedaditya3875,wow,0,2025-07-25T22:49:21Z,0,False
@eviyuliani2087,lebih ngeri isinya bang,0,2025-07-25T21:23:33Z,0,False
@Kaulenajaler,"banyakin video lama bang, buat temen tidur juga",0,2025-07-25T20:19:56Z,0,False
@DENBOY97,Keliatan gak dari luar bumi itu yg perang?,0,2025-07-25T17:54:28Z,0,False
@MohamadArnan-p5j,👍,0,2025-07-25T17:50:28Z,0,False
@kreatorminang9755,Pertanyaannya. Apakah ada mahluk hidup lain di luar bumi ini. Misal sprt Alien itu. Klo betul itu manusia asal muasal dr smua yg di ceritakan ini. Logika bisa jd makluk hidup lain ada di luar angkasa sana. Tp manusia tdk tau pasti sprt apa.,0,2025-07-25T17:36:52Z,0,False
@MalikAzriliansyah,"Sok tau, trus thun Brp nabi Adam trun ke bumi bang..",0,2025-07-25T16:25:40Z,0,False
@MFazrulFalah-n5e,Yang masih bingung air di bumi dapet dari mana?,0,2025-07-25T16:00:11Z,0,False
@IvulTeknologia,Bang request 30 menit mengerikannya gedung dpr,0,2025-07-25T14:40:48Z,0,False
@ardesign3929,😢😢,0,2025-07-25T13:52:46Z,0,False
@upia-de8fw,Mantaf bang.. konten buat perenungan.. Arti kehidupan yg sementara fana. Semua nya akan musnah berakhir jadi hancur lebur balik seperti semula jadi Nebula lagi.,3,2025-07-25T13:08:24Z,0,False
@BangAL90-h5u,Evolusi selanjutnya adalah mahluk dari logam alias robot. Teknologi akan hidup sendiri seperti punya nyawa. Manusia digantikan robot² logam yg beraktivitas  sendiri dengan teknologi yg punya nyawa sendiri,0,2025-07-25T12:59:17Z,0,False
@haryyusufsyahrian,"pertanyaan nya, menurut sains mahluk yg bernama manusia tiba² muncul akibat dari evolusi mahluk hidup sebelum nya kah? sangat menarik ulasan di video ini, di satu sisi kita jg di paksa hanya untuk berpedoman pd apa yg tertulis di kitab suci di setiap agama tentang asal usul manusia dan jg alam semesta ini",2,2025-07-25T12:58:42Z,0,False
@IreneAuliaashn,Baca Alkitab,0,2025-07-25T12:15:19Z,0,False
@IreneAuliaashn,Tuhan Yesus ga akan biarkan manusia' kaya km ini,0,2025-07-25T12:15:03Z,1,False
@fahmipejuang6474,"Hal² yang dapat menyebabkan permusuhan antara manusia cuman 2 hal yaitu ..

""Mabok agama""
 dan
""Mabok kekuasaan""

Itulah bom waktu yang akan menghancurkan bumi ini 😊

Mabok agama menjadikan manusia saling bertikai hanya karena ingin menjadikan agamanya yang paling benar.. dan ujung²nya manusialah dan bumi lah yang jadi korban

Sedangkan mabok kekuasan
Menjadikan manusia sebagai seorang penjahat yang menghalalkan segala cara bahkan merusak bumi sekalipun demi kepentingan kekayaannya sendiri..

Jadi mending menjadi manusia yang senantiasa merawat bumi tanpa harus di doktrin oleh pemikiran² seperti itu",0,2025-08-01T21:55:39Z,0,True
@IreneAuliaashn,"awas yang buat vidio nya masuk neraka, Tuhan bisa murka loh",0,2025-07-25T12:14:30Z,1,False
@fahmipejuang6474,"Hal² yang dapat menyebabkan permusuhan antara manusia cuman 2 hal yaitu ..

""Mabok agama""
 dan
""Mabok kekuasaan""

Itulah bom waktu yang akan menghancurkan bumi ini 😊

Mabok agama menjadikan manusia saling bertikai hanya karena ingin menjadikan agamanya yang paling benar.. dan ujung²nya manusialah dan bumi lah yang jadi korban

Sedangkan mabok kekuasan
Menjadikan manusia sebagai seorang penjahat yang menghalalkan segala cara bahkan merusak bumi sekalipun demi kepentingan kekayaannya sendiri..

Jadi mending menjadi manusia yang senantiasa merawat bumi tanpa harus di doktrin oleh pemikiran² seperti itu",0,2025-08-01T21:56:04Z,0,True
@a.syaifuddin7908,penganut bumi datar suruh lihat ini sja😂,1,2025-07-25T11:50:00Z,0,False
@onyourmark-y2b,INI KONTEN YOUTUBE TERBAGUS YANG AKU NONTON SELAMA LIBUR INI,0,2025-07-25T09:51:28Z,0,False
@AktronaldClip,Enak buat sebelum tidur,0,2025-07-25T06:49:49Z,0,False
@BaniUmayyah,Kalau benar pastinya gak cuma bumi yang ada kehidupan .. bodohhh..nya,0,2025-07-25T06:07:07Z,1,False
@fahmipejuang6474,Sempai sekarang saya tidak percaya bahwa cuman bumi yg ada makhluknya mungkin di galaxsi lain atau di planet lain ada planet yang menyerupai bumi dan mungkin ada makhluk hidupnya,0,2025-08-01T21:57:46Z,0,True
@zizatullaily4707,kerennnn bgt,0,2025-07-25T05:26:50Z,0,False
@rizkifauzi5246,👍,0,2025-07-25T05:24:49Z,0,False
@RestuAkustik97,"Serius nanya, apakah meletusnya gunung toba (danau toba sekarang) tidak mempengaruhi bumi?",1,2025-07-25T04:55:18Z,0,False
@enhaasyari4658,Allohuakbar...Allah maha besar,0,2025-07-25T03:11:56Z,1,False
@fahmipejuang6474,"Hal² yang dapat menyebabkan permusuhan antara manusia cuman 2 hal yaitu ..

""Mabok agama""
 dan
""Mabok kekuasaan""

Itulah bom waktu yang akan menghancurkan bumi ini 😊

Mabok agama menjadikan manusia saling bertikai hanya karena ingin menjadikan agamanya yang paling benar.. dan ujung²nya manusialah dan bumi lah yang jadi korban

Sedangkan mabok kekuasan
Menjadikan manusia sebagai seorang penjahat yang menghalalkan segala cara bahkan merusak bumi sekalipun demi kepentingan kekayaannya sendiri..

Jadi mending menjadi manusia yang senantiasa merawat bumi tanpa harus di doktrin oleh pemikiran² seperti itu",0,2025-08-01T21:58:05Z,0,True
@sandyyanti3204,"Saya lebih percaya semua ini ada yg menciptakan dari pada terbentuk / tercipta dgn sendirinya seperti di video ,meskipun saya tidak tau siapa penciptanya ,krn sesuatu ada pasti krn ada yg menciptakan 😅",1,2025-07-25T01:16:37Z,2,False
@fahmipejuang6474,Yang jelas ruh itu ciptaan tuhan ... entah tuhan dari agama mana .. intinya kita harus jaga bumi ini agar tidak semakin rusak,0,2025-08-01T21:58:53Z,0,True
@sandyyanti3204,"@fahmipejuang6474menjaga bumi di mulai dr menjaga hati ,jgn serakah .",0,2025-08-02T07:24:34Z,0,True
@broinpo,"Seluruh manusiya yg ada di pelanet bumi masuklah ke agama islam, jika tidak nanti kaliyan akan di masukan ke dalam neraka paling berat, dan di abadikkan di dalam neraka yg paling berat. Untuk masuk islam harus membaca 2 syahadat, arti dari 2 syahadat saya bersaksi tidak ada tuhan selain allah dan saya bersaksi bahwa nabi muhamad utusan allah, kita  diri sendiri di perintahkan untuk mnyaksikan sendiri, membnarkan dan meyakini sendiri, bahwa tidak ada tuhan selain allah, dan nabi muhamad itu adalah utusan allah.  Untuk membnarkan dan myakini adanya allah, kita harus meplajari sifat² mahluk/cipatan allah, sprti alam semesta ini sampai bnar² yakin 100% bahwa alam semsta ini ada yg menciptakan yaitu allah, 
Dan harus mngtahui bukti² bahwa nabi muhamad adalah utusan allah.
Wahai umat non islam masuklah ke agama islam demi menmukan kebnaran yg hak",0,2025-07-25T00:52:51Z,1,False
@fahmipejuang6474,"Hal² yang dapat menyebabkan permusuhan antara manusia cuman 2 hal yaitu ..

""Mabok agama""
 dan
""Mabok kekuasaan""

Itulah bom waktu yang akan menghancurkan bumi ini 😊

Mabok agama menjadikan manusia saling bertikai hanya karena ingin menjadikan agamanya yang paling benar.. dan ujung²nya manusialah dan bumi lah yang jadi korban

Sedangkan mabok kekuasan
Menjadikan manusia sebagai seorang penjahat yang menghalalkan segala cara bahkan merusak bumi sekalipun demi kepentingan kekayaannya sendiri..

Jadi mending menjadi manusia yang senantiasa merawat bumi tanpa harus di doktrin oleh pemikiran² seperti itu",0,2025-08-01T21:59:54Z,0,True
@gushinprayitno2650,"Selama hidup maka manusia punya memori data yang bisa di copy paste di semesta dan bisa dibentuk oleh ruh dan jiwa dengan energi membentuk pola elemen mineral sehingga ruh bisa masuk dan membentuk jasad atau makhluk hidup lainnya, karena sesuatu yang tercipta bukan sihir tapi merancang pola dimana hukum fisika dan kimia berlaku karena ada kekuatan energi dari sang maha pencipta Alloh SWT, terimakasih admin teruskan berkarya hingga Tuhan pun tersenyum",0,2025-07-25T00:18:05Z,0,False
@gushinprayitno2650,"Asumsi liar sy bahwa planet mars dan venus akan seperti bumi, akan ada kehidupan selanjutnya setelah bumi mati,ruh tidak mati maka bisa terbang ke planet Venus membentuk elemen mineral yang akan membentuk makhluk hidup, teruskan berkarya admin salam sukses",0,2025-07-25T00:09:36Z,1,False
@imamfauzan5751,"Kalau saya sebaliknya. Bumi yang akan menjadi gersang dan tidak dapat dihuni seperti venus ataupun mars. Hal ini karena matahari yang semakin tua. Membengkak dan akhirnya menelan planet2 terdekat, termasuk bumi mungkin..",0,2025-08-01T15:18:52Z,0,True
@Rendraxcxc,Merusak iman,0,2025-07-24T19:34:20Z,1,False
@fahmipejuang6474,"Hal² yang dapat menyebabkan permusuhan antara manusia cuman 2 hal yaitu ..

""Mabok agama""
 dan
""Mabok kekuasaan""

Itulah bom waktu yang akan menghancurkan bumi ini 😊

Mabok agama menjadikan manusia saling bertikai hanya karena ingin menjadikan agamanya yang paling benar.. dan ujung²nya manusialah dan bumi lah yang jadi korban

Sedangkan mabok kekuasan
Menjadikan manusia sebagai seorang penjahat yang menghalalkan segala cara bahkan merusak bumi sekalipun demi kepentingan kekayaannya sendiri..

Jadi mending menjadi manusia yang senantiasa merawat bumi tanpa harus di doktrin oleh pemikiran² seperti itu",0,2025-08-01T22:01:07Z,0,True
@TemanbgPascol,"MashAllah, terimakasih ilmu nya min ❤",1,2025-07-24T18:12:16Z,0,False
@TemanbgPascol,Padahal nunggu pas manusia pertama nabi Adam turun ke bumi kok ga ada 😢,1,2025-07-24T17:56:47Z,2,False
@anakharam7782,ini sains kak,0,2025-07-29T10:48:15Z,0,True
@fahmipejuang6474,Belum ada bukti yang nyata bahwa manusia pertama adalah adam 😅😅,0,2025-08-01T22:02:06Z,0,True
@UltrasKampung24,Tontonan anak Insomnia ❤,0,2025-07-24T17:46:08Z,0,False
@WarokaAbdurahman,Di Al quran lah yg semuanya pasti.,0,2025-07-24T17:37:19Z,1,False
@fahmipejuang6474,"Hal² yang dapat menyebabkan permusuhan antara manusia cuman 2 hal yaitu ..

""Mabok agama""
 dan
""Mabok kekuasaan""

Itulah bom waktu yang akan menghancurkan bumi ini 😊

Mabok agama menjadikan manusia saling bertikai hanya karena ingin menjadikan agamanya yang paling benar.. dan ujung²nya manusialah dan bumi lah yang jadi korban

Sedangkan mabok kekuasan
Menjadikan manusia sebagai seorang penjahat yang menghalalkan segala cara bahkan merusak bumi sekalipun demi kepentingan kekayaannya sendiri..

Jadi mending menjadi manusia yang senantiasa merawat bumi tanpa harus di doktrin oleh pemikiran² seperti itu",0,2025-08-01T22:02:23Z,0,True
@Okaokaa-l5e,Kamu tau ini semua dari mana???,0,2025-07-24T17:24:18Z,0,False
@muhammadmizwar7526,Tontonan bahlil mau tidur nihhh 😂😂😂,0,2025-07-24T17:19:20Z,0,False
@ridwanjaya2351,"Bg,kalo setan berasal dr apa bg,menurut sains",0,2025-07-24T17:01:39Z,0,False
@zio-m6w,semua ilmuwan sok tau. sok menyaksikan padahal hanyalah menebak nebak dan hasil hayalan bukan fakta yg dia saksikan sendiri.,4,2025-07-24T16:57:36Z,0,False
@zio-m6w,"hasil karangannya sok pintar, sampe semua dikasih nama, gak masuk logika. mana ada tiba2 ada makhluk hidup. sok tau. seolah mimin tau dan menyaksikan semuanya dari awal hingga akhir. padahal semua hanyalah hayalan dia dan mengarang bebas.",1,2025-07-24T16:56:04Z,0,False
@zio-m6w,mimin sangat pintar mengarang bebas.,1,2025-07-24T16:53:11Z,0,False
@bey_gaming712,Pengen ngeluh tapi da kumha😢,0,2025-07-24T16:22:16Z,0,False
@erisuprapti9783,"Manusia makhluk ""aneh"" sebagi entitas yang tersesat di lautan jagat raya tapi sekaligus bisa dibilang normal, karena manusia bagian dari jagat raya itu sendiri. Walaupun ada sebuah ungkapan yg sangat populer, terlebih saat momentum pandemi covid19 kemarin, bahwa tanpa manusia bumi akan tetap berlangsung eksistensinya. Hipotesis singkat saya mengatakan, mungkin datang dari pengetahuan implisit(fitrah, sunatullah), bahwa manusia itu benar-benar diturunkan oleh Sang Maha Causa Prima dari langit(dunia lain aka. surga/eden) secara harfiah, terlepas dari perspektif agama atau ketauhidan. Kenapa saya katakan terlepas dari faktor agama? Secara simple saja, manusia berbeda dengan makhluk lain, ia unik dengan memiliki rasa ingin tahu yg tinggi, pembelajar, bertumbuh, dst. Dan saya berkesimpulan bahwa manusia bukan benar-benar makhluk asli penduduk bumi. Alhamdulillah saat ini saya sudah sangat cukup puas dan bersyukur dengan informasi yg disampaikan oleh Al Quran. Tuhan Maha Baik telah merangkumnya untuk manusia sebagai petunjuk, samina wa atona, aku mendengar dan aku taat.",1,2025-07-24T15:55:37Z,1,False
@erisuprapti9783,"Jika pemikiran, ide, gagasan, kreativitas, dan ingatan manusia tidak bisa mati alias ""abadi"". Ada kemungkinan manusia itu akan abadi dalam bentuk yg lain dan di kehidupan yg lain. Bukankah pemikiran itu adalah konsep dan sifatnya abstrak, namun pemikiran tidak bisa mati dan ia eksis. Maka masuk akal juga jika dunia gaib yg abstrak dan metafisik pun eksis di dunianya tersendiri. Sehingga tak heran orang-orang atheis yg menafikan konsepsi Ketuhanan sering berakhir gila akibat terombang ambing oleh gagasan mereka sendiri.",0,2025-07-24T16:09:07Z,0,True
@indikaferakc8447,Saya bukan kera😅 titik,0,2025-07-24T15:54:43Z,0,False
@zaenalemet95,Pembodohan,0,2025-07-24T15:24:18Z,0,False
@rendysaputra261,30 menit betapa mengerikannya pemerintah dan pejabat indonesia😢,0,2025-07-24T14:57:54Z,0,False
@PutuAriesta-s8g3l,😂😂😂😂😂😂,0,2025-07-24T14:44:10Z,0,False
@rofiq9821,Ntah dari mana sumbernya,0,2025-07-24T14:28:28Z,0,False
@SanLoco-cf5zw,bg reques 1 jam azab para koruptor indonesial,0,2025-07-24T13:39:07Z,0,False
@IslandVibesID,"Tanpa kita sadari, manusia sedang berjalan menuju kehancuran selanjutnya, hancur karna ulah sendiri .mungkin saja kehancuran yg akan datang kali ini adalah yg paling mengerikan dari sebelum-sebelumnya, & mungkin akan ada lagi era baru, peradaban & kehidupan yg baru .",0,2025-07-24T13:35:27Z,0,False
@ekapermadikomangdokok3908,😮😮❤❤❤ bumi ini sangat unik ya nice vidio,0,2025-07-24T13:25:00Z,0,False
@fadlycruel9961,Begitu terstruktur ciptaanMu ya Allah❤❤❤,0,2025-07-24T13:12:05Z,0,False
@itodua7964,17:50 benar” menyayat hati,0,2025-07-24T10:56:13Z,0,False
@cahyayuliaputri,KEREN BANGET!! 🥹😍,1,2025-07-24T08:49:47Z,0,False
@Sinonakopipahit,Masih ngeri soal manusia si setan aja di rusak,0,2025-07-24T07:55:08Z,0,False
@arunhy1233,"MasyaAllah suka bnget pngetahuan ttg astronomi, udh nyimak smua dri smua planet² dri chanel ini🥺maha suci Allah SWT tlah mnciptakan planet bumi planet paling aman dan nyaman untk di huni manusia🥺Allahu akbar maha suci engkau Ya Allah🥺😇",8,2025-07-24T07:09:00Z,7,False
@KING_NASIR-wk,udah yapping nya?,1,2025-08-13T14:20:05Z,0,True
@firmanabadi944,"@KING_NASIR-wkbelum, kalo Yesus belum turun, gak akan berenti yaping 🤣🤣🤣",0,2025-09-13T08:17:14Z,0,True
@abdituhandajjal,Udah dongeng nya ..😂😂😂,1,2025-09-20T17:14:36Z,0,True
@Streonew,​@kingersPATI kenapa sih kalian para atheis terusik sama kami yang beragama? Gundah ya hatinya? 😂,0,2025-10-02T14:25:51Z,0,True
@Streonew,​@KING_NASIR-wkudah terusiknya? 😂 kasian ya dirimu udah atheis masih keusik sama yang beragama😂 ckckck hidupnya ngga tenang amat 😂,0,2025-10-02T14:26:19Z,0,True
@Travelindo-RANMEDIA,"Allah ❤
Muhammad ❤
Islam ❤",0,2025-07-24T05:22:12Z,0,False
@wayandeswana339,"Bang, Nasi tu siapanya NASA?",0,2025-07-24T04:47:11Z,0,False
@andiputra4234,ilmu barat😂 😂,0,2025-07-24T03:44:32Z,0,False
@AnalizaAnaliza-b6n,"Syarat bisa dihuni, udara,air,panas tdk terlalu",0,2025-07-24T01:44:45Z,0,False
@mbillyrosadi,Soundnya sangat mengganggu,0,2025-07-23T18:59:27Z,0,False
@renogearzyoutubechannel9292,Sangat indah ❤❤❤,0,2025-07-23T18:37:47Z,0,False
@Sibujang_6,Bang request 30 menit betapa mengerikannya joko why bagi indonesia,0,2025-07-23T17:39:07Z,0,False
@El-Khal1d,Asli kontenya keren bangett,0,2025-07-23T16:55:15Z,0,False
@Helmkuningkusam,"Lebih tepat judulnya "" BETAPA MENGERIKANYA MANUSIA""",0,2025-07-23T16:30:16Z,0,False
@angelolorenso-js1gh,Congrats ESA ❤,0,2025-07-23T16:25:44Z,0,False
@Saintguxuner711,Bg bahas oligarkis jaman dahulu yg di Indonesia sampe oligarkis demokrasi yg diwakanda sekarang 😂,0,2025-07-23T16:14:46Z,0,False
@indotech_prima,"ingat tentang covid19 aku jadi emosi
tetanggaku mati karena dibawa paksa oleh petugas  dikararantina dan disuntik
jancuk asu tenan covid itu bikinan sekelompok manusia iblis yang mau menguasai dunia
benar2 biadab jancuk asu babi taik !!!!!!!!",0,2025-07-23T16:14:43Z,0,False
@pharagatx177,"Selamat Tidur kawan kawan, semoga besok bahagia.",0,2025-07-23T16:04:43Z,0,False
@dhikachot,Suatu saat sains akan mengatakan bahwa manusia pertama adalah adam,0,2025-07-23T15:57:05Z,0,False
@rayyiarif,"kira"" kehidupan kita bakal di ceritain juga ga ya di 4jt tahun yg akan datang",0,2025-07-23T15:44:47Z,0,False
@akmalpickthall,18:00 pantesan ada fakta unik kalo manusia sebenarnya bisa memancarkan cahaya pas gelap (glow in the dark) ternyata kita bagian dari bintang itu sendiri.,0,2025-07-23T15:32:39Z,0,False
@tzyksjsbhsh111,"Walaupun planet bumi mengerikan, saya tetap tinggal di bumi",0,2025-07-23T15:26:13Z,0,False
@rsandrepair,"menurut video chanel ini,kita berasal dari kera......kkkk",0,2025-07-23T15:23:40Z,0,False
@rizkyagungpratama5239,"Hidup Jokowi 
Hidup Jokowi 😂",0,2025-07-23T15:17:53Z,0,False
@sandiyuno3241,Itu semua hanya perkiraan dan belum pasti wallohua'lam😊,0,2025-07-23T14:53:03Z,0,False
@miftahbian5638,"Intinya saya tidak mau segaris atau apalah dengan kera.
Silahkan kalian saja😅",0,2025-07-23T13:39:40Z,0,False
@bedjomakmur81,Percayalah suatu saat nanti bumi tempat kita tinggal akan di reset ulang sama sang pencipta.😢,1,2025-07-23T13:31:09Z,0,False
@taufiknurohman8221,"Berati secara sejarah bumi, evolusi dan ilmiah nya, kita terbuat dari cahaya bintang, jadi ikan, jadi dinosaurus, jadi kera, jadi manusia
Tapi secara agama kita keturunan nabi adam (islam) 
Semoga yg nonton bisa ngerti dari video nya dan bisa mengerti dari deskripsi komentar yg bikin video, ingat ini hanya penjelasan tentang alam semesta jangan bawa"" Agama ya netizen😅 biar ga salah paham",3,2025-07-23T13:01:39Z,0,False
@rendiputra4703,Apaan manusia dari monyet,0,2025-07-23T12:46:11Z,0,False
@justin_brebes,ini adalah pembahasan planet terbagus dari semuany😊🎉,0,2025-07-23T12:24:56Z,0,False
@AdiApryanto,Klo bumi berasal dari kejadian Supernova kenapa hanya bumi yg ada kehidupan sementara planet lain pastinya terbentuk dari partikel atau elemen yg sama dengan bumi dari kejadian Supernova itu gasih 😅,0,2025-07-23T12:12:36Z,0,False
@sakhatrip,"Dalam islam proses penciptaan alam semesta sudah ada dalam alqur'an. korelasi antara fakta ilmiah tentang awal mula alam semesta dengan pandangan Islam dalam penciptaan alam adalah topik menarik yang sering dibahas oleh para ilmuwan muslim, teolog, dan filsuf. Dant inilah penjelasan yang menyatukan ilmu pengetahuan modern dan pandangan Islam, berdasarkan ayat-ayat Al-Qur’an dan teori kosmologi:

🧪 Fakta Ilmiah: Awal Kehidupan Alam Semesta
Ilmu pengetahuan modern, khususnya kosmologi dan fisika, menggambarkan proses penciptaan alam semesta sebagai berikut:

Big Bang (~13,8 miliar tahun lalu)
Teori Big Bang menyatakan bahwa alam semesta bermula dari suatu titik singularitas yang mengalami ledakan besar dan terus mengembang.

Pembentukan Bintang dan Unsur Berat melalui Supernova
Bintang-bintang generasi awal terbentuk, lalu meledak (supernova), menghasilkan unsur-unsur berat (seperti besi, karbon, dll.) yang menjadi bahan pembentuk planet.

Pembentukan Tata Surya (~4,6 miliar tahun lalu)
Awan gas dan debu hasil ledakan bintang ini kemudian membentuk matahari dan planet-planet, termasuk bumi.

Bumi Awal yang Panas dan Magma (~4,5 miliar tahun lalu)
Bumi muda dipenuhi magma, tidak stabil, dan perlahan mendingin hingga akhirnya memungkinkan kehidupan terbentuk.

Kondisi Layak Huni dan Munculnya Kehidupan (~3,5-4 miliar tahun lalu)
Setelah bumi cukup stabil dan air terbentuk, kehidupan pertama pun muncul.

📖 Pandangan Islam: Penciptaan Alam Semesta
Al-Qur’an menyebutkan penciptaan alam semesta dalam banyak ayat, sering kali dengan bahasa metaforis dan universal yang bisa dikaitkan dengan temuan ilmiah. Beberapa poin kunci:

1. Penciptaan Langit dan Bumi dari Satu Kesatuan
""Apakah orang-orang kafir tidak mengetahui bahwasanya langit dan bumi itu keduanya dahulu adalah suatu yang padu, kemudian Kami pisahkan antara keduanya?""
(QS Al-Anbiya: 30)

✅ Korelasi dengan Big Bang:
Ayat ini sering dipahami sebagai indikasi tentang asal mula alam semesta dari satu kesatuan (singularity) yang kemudian ""dipisahkan"" – selaras dengan teori Big Bang.

2. Penciptaan Bertahap dalam Waktu yang Lama
""Dia menciptakan langit dan bumi dalam enam masa...""
(QS Al-A’raf: 54)

✅ Korelasi dengan evolusi kosmos:
Meskipun ""enam masa"" di sini tidak harus diartikan sebagai enam hari literal, ini menunjukkan bahwa penciptaan berlangsung dalam tahapan-tahapan waktu — konsisten dengan pemahaman ilmiah bahwa pembentukan alam semesta, bintang, dan planet terjadi selama miliaran tahun.

3. Penciptaan Kehidupan dari Air
""...Dan Kami jadikan dari air segala sesuatu yang hidup...""
(QS Al-Anbiya: 30)

✅ Korelasi dengan asal usul kehidupan:
Ilmu biologi modern menunjukkan bahwa air adalah elemen krusial dalam proses awal kehidupan, dan bentuk kehidupan pertama diyakini muncul dalam air laut purba.

4. Penciptaan Manusia dari Tanah
""Dia menciptakan manusia dari tanah kering seperti tembikar, dari lumpur hitam yang diberi bentuk.""
(QS Al-Hijr: 26)

✅ Korelasi dengan unsur tubuh manusia:
Tubuh manusia tersusun dari unsur-unsur kimia seperti karbon, oksigen, nitrogen, kalsium, besi, dan lainnya — yang semuanya berasal dari unsur bumi dan mineral yang juga terbentuk dari supernova. Ini menunjukkan hubungan material manusia dengan tanah secara ilmiah.

🔗 Kesimpulan Korelasi Ilmiah dan Islam
Aspek Ilmiah	                                         Pandangan Islam	          Korelasi
Big Bang	                                                 QS Al-Anbiya: 30	          Alam semesta berasal dari kesatuan
Evolusi kosmik bertahap	                 QS Al-A’raf: 54	                  Penciptaan bertahap (enam masa)
Kehidupan dari air	                                 QS Al-Anbiya: 30	          Air sebagai asal kehidupan
Unsur tubuh dari tanah/mineral	 QS Al-Hijr: 26	                  Manusia diciptakan dari tanah

⚠ Catatan Penting
Al-Qur’an bukan buku sains, tetapi banyak ayatnya bersifat universal dan sesuai dengan temuan ilmiah modern.

Interpretasi ilmiah terhadap ayat-ayat tersebut bukan tafsir definitif, tetapi pendekatan untuk memahami keterkaitan antara wahyu dan ilmu.",0,2025-07-23T11:47:33Z,0,False
@VhinyAja,Dapat cerita dari mana lu bang,0,2025-07-23T11:39:12Z,0,False
@TrialAsu20,Ngerii bangeeet 🙀 ayo kita pindah ke planet namex ygy,0,2025-07-23T11:27:53Z,0,False
@ekoariyanto4400,abang terimakasih . saya sadar dan terpanggil untuk melestarikan alam...sukses selalu bang,0,2025-07-23T11:24:56Z,0,False
@shirfiakun4301,"Kita harus membiasakan bilang
BINTANG MATI HARI KITA
kebanyakan orang ga tau bahwa matahari itu bintang.",0,2025-07-23T09:55:14Z,0,False
@robbybagussaputro315,keren bgt vidio ini,0,2025-07-23T08:44:10Z,0,False
@Lunaasuccs,"Btw dinosaurus berasal darimana?, maksudnya evolusi dari mahkluk hidup apa?",0,2025-07-23T08:15:44Z,0,False
@Neo-99-h9v,"Semua yg terjadi dalam kendali Tangan Tuhan, mari kita bersama menjaga bumi kita",0,2025-07-23T08:04:34Z,0,False
@RamliRamli-ii4vx,Mas..Rekues betapa mengerikan korupsi di indonesia,0,2025-07-23T06:58:58Z,0,False
@Dayak_ngaju,"Bagaimana cara memastikan waktu 0-sekarang . Dan manusia hanya bagian ciftaan ,kok bisa manusia mengetahui dan memastikan sejarahnya wkwk",0,2025-07-23T06:44:30Z,0,False
@ryodjea,"Well done, Nasi Angkasa!",0,2025-07-23T05:22:11Z,0,False
@Soni_Laoly,Every planet are terrible whenever greedy species like human  existed,0,2025-07-23T04:53:51Z,0,False
@ruhulqalamid,Min bahas Fenomena Aphelion apakah itu benar ada?,0,2025-07-23T04:50:42Z,0,False
@jimmyandolas6282,Konten yg keren gini malah dikaitkan dengan agama. Ada aja emang gebrakan kaum yg satu ini🤣🤣,0,2025-07-23T04:28:06Z,0,False
@SuparnoSuparno-f6y,Selamat pagi sahabat makasih infonya kita semua bersukur kepadanya semesta memberikan kehidupan dan hidup makasih untuk menambah wawasan kita semua bersukur Rahayu Rahayu Rahayu 🙏🙏🙏,0,2025-07-23T03:08:29Z,0,False
@izio3132,Sangat mengedukasi,0,2025-07-23T01:42:35Z,0,False
@Møvięrş_Mąñ1990,"Teori Ini Lah Yang Di Yakini Darwin CS Bahwasanya Semua Hewan Darat Dan Udara Berasal Dari Hewan Laut, Bahkan Manusia Juga Hasil Evolusi Dari Hewan Bernama KERA 😂😂😂",1,2025-07-23T01:02:14Z,0,False
@yudapradana7829,"Wuuiih mantab trimakasih ilmunya abang, sungguh sngat luar biasa penjelasannya....., tp yg jd pertanyaan..... yg crita siapa sih.... kok tau klo yg mledak di awalnya adalah supernova.....?",0,2025-07-22T22:52:25Z,0,False
@pramudyategarmahesa484,"*walaupun kita ingin mengajak smua org untuk menjaga bumi, tp itu sngat impossible untuk manusia bsa mengerti dan memahami apa yg di maksud oleh diri kita. manusia tidak akan bisa memahami atau mengerti satu sm lain, jika dia tidak merasakan hal yg sama. dan ini smua di luar kendali diri kita, untuk bisa memberitahu kepada smua org bahwa jagalah bumi dan blm tentu smua org akan mengikuti keinginan kita.*",1,2025-07-22T22:33:19Z,0,False
@pramudyategarmahesa484,"*itulah manusia yang hanya bisa merusak sesuatu yg diberi. bukan nya untuk menghiasi tp malah merusak. dan manusia sendiri mempunyai sifat yg gada puasnya. trgantung bagaimana cara diri sndiri mengendalikan sifat itu. scara ga langsung admin menyadari, bahwa manusia itu mempunyai sifat tamak yg menjadi tanda bahwa sifat tamak nya itu adalah menuju kehancuran massive. yang tidak akan ada lg kehidupan slanjutnya.*",1,2025-07-22T22:24:25Z,0,False
@ahmadbakhrulkhaq1903,berarti alam kita pernah kiamat ya sebelum nya..,0,2025-07-22T19:29:33Z,0,False
@tommyderickaquino6096,Ngeri tiap hri berita nya korupsi mulu.,0,2025-07-22T18:41:18Z,0,False
@davinsenlukman1418,Mna zamnya Nabi Adam,0,2025-07-22T17:52:02Z,0,False
@mbaituridwan7150,Nenek moyangku tidak berasal dari evolusi🤭,0,2025-07-22T16:43:18Z,0,False
@SuHendra-oo6cd,Bg bukan nya semua manusia adalah anak keturunan adam,0,2025-07-22T16:40:31Z,0,False
@siwodharma24,"Bang reques 30 bulan. 
Semengerikan apa kalau angin punya ktp.",0,2025-07-22T16:33:17Z,0,False
@HelmiWahab-v6d,Trimakasih menambahkan ilmu pengetahuan  kebenarannya wallahualam Bisawwab,0,2025-07-22T16:04:42Z,0,False
@nursoleh5990,"Video yang bagus dan ilmiah. Tetapi, antara spesies kera itu terpisah dari jenis manusia. Ternyata Alloh menyiapkan tempat bagi manusia melalui proses yg lama dalam hitungan manusia, tetapi terproses secara terencana.",0,2025-07-22T15:48:13Z,0,False
@pramudyategarmahesa484,"*bisa di bilang bumi itu pernah mengalami kiamat beberapa kali, mungkin nanti jaman nya kita alias manusia, bumi mengalami kiamat kembali. tetapi, kiamat ini adalah kiamat terakhir tetapi bukan untuk bumi saja, melainkan sluruh galaxy yg ada di dunia ini. yg artinya setelah kiamat ini terjadi, sudah tidak ada lagi kehidupan di dunia ini.*",2,2025-07-22T15:45:17Z,0,False
@MutasyarrofatulQudsiyeh,itu cuma ilmu prediksi...,0,2025-07-22T15:41:22Z,0,False
@pramudyategarmahesa484,"*tuhan itu menciptakan sesuatu melalui proses yang bisa dipikirkan oleh manusia, maksudnya yg bisa masuk akal oleh pikiran manusia, agar manusia itu sendiri bisa mempelajari hal"" yg tuhan ciptakan, wlau ada beberapa hal yg ga bisa di pelajari oleh manusia.*",1,2025-07-22T15:35:46Z,1,False
@cand017,"hmm masuk akal opininya , gmna kalau setiap evolusi itu beda dimensi 😂",0,2025-09-06T06:27:17Z,0,True
@Ryan_ahmadd,nonton sampai kera sebelum jadi manusia gak tak lanjutin karna itu sangat bertentangan dengan agama saya,0,2025-07-22T15:01:53Z,0,False
@sumarwanti,Sangat informatif..mantap,0,2025-07-22T14:26:02Z,0,False
@Nifaa_offcxch,Dari mna asal pengetahuan abang ini,0,2025-07-22T13:12:14Z,0,False
@AndikaPratama-f4q,Belajar” dan belajar adalah hal yg tidak ada habisnya dari kehidupan kita sebagai manusia,0,2025-07-22T13:10:43Z,0,False
@antoniq9000-med,Bagus sekali ...artikel yang mencerdaskan bangsa 🎉🎉🎉,0,2025-07-22T12:34:56Z,0,False
@imamtamami5641,mitosnya hebat,0,2025-07-22T11:30:29Z,0,False
@NurulAini-gf6pi,Kereenn,0,2025-07-22T10:41:39Z,0,False
@Pixdream1,Youre the best bro ❤,0,2025-07-22T08:49:09Z,0,False
@anggaudio,"Terciptanya Bumi Beserta Isinya :
1. Super Nova / Ledakan Bintang 2:44 
2. Zaman hadean 3:35 
3. Zaman arkean & proterozoim / Munculnya Kehidupan 5:50
4. Zaman paleozoikum / Ledakan Kambrium 9:40
5. Permian / Kepunahan masal (1)  10:50
6. Zaman Mesozoikum / dinosaurus 11:10
7. Ledakan asteroid kepunahan masal (2) 12:29

Kehidupan & Kesadaran : 
8. Kebangkitan Manusia 13:20 
9. HOMO SAPIENS / MANUSIA PERTAMA 15:08 
10. Kita Adalah Abu Bintang 17:10 
11. Ancaman Manusia / Perang Dunia & Nuklir 21:13 
12. Eksploitasi Bumi 22:05
13. Kemarahan Bumi 22:35  
14. Rumah Kita Bumi 24:31",0,2025-07-22T06:35:01Z,0,False
@harismalsundawi3761,Suaranya mirip ardhianzy,0,2025-07-22T04:53:08Z,0,False
@baikbudibudibaik,"Lanjut betapa mengerikannya diversity, saya pilih Indonesia jangan negara republik lagi sih sdh terlalu ketinggalan ga cocok dengan perubahan kecanggihan teknologi nya",0,2025-07-22T04:31:23Z,0,False
@yudsmedia7013,ALLAH menciptakan'nya se detail itu ❤,0,2025-07-22T04:25:59Z,0,False
@masboy7620,pande kali ngarang cerita😂😂😂,0,2025-07-22T03:55:01Z,0,False
@bagjawijaya4719,"Video terbaik yg pernah ditonton di youtube ,dan harusnya video ini ditonton oleh semua orang dan lebih khusus lagi oleh para pemimpin pemerintahan spy mereka dapat pelajaran siapa kita dr mana asal kita",3,2025-07-22T03:09:30Z,0,False
@JamesNalle-s9h,"Benar mnrt ilmu pengetahuan tp mnrt iman Kristen itu salah baca Alkitab, kitab Kejadian 1 mksh",0,2025-07-22T00:54:03Z,0,False
@unitedreligion9034,Celat bacot,0,2025-07-21T23:36:04Z,0,False
@ajmypratamacemplis,🎉🎉🎉,1,2025-07-21T21:37:10Z,0,False
@akunBaca,"kadang gue kagum ama sains, di hati kecil gue selalu ada pertanyaan ini ga mungkin ada dengan sendirinya",0,2025-07-21T19:06:04Z,0,False
@roniadrianto7987,a,0,2025-07-21T18:22:57Z,0,False
@lim4nol,Pengikut homosapien,0,2025-07-21T18:22:31Z,0,False
@GembulGembul-tz4ep,80 perssn bumi bnyak laut nya ya,0,2025-07-21T17:31:51Z,0,False
@kulibrondolan,"min,jangan ada buat chnel serial nasi angkasa ya min😢😢",0,2025-07-21T16:22:01Z,0,False
@afbnchannel4234,Ambisi manusia bahkan melebihi iblis apabila tidak dikendalikan dengan hati😢,0,2025-07-21T15:59:47Z,0,False
@dwisehari,Dan di mana adam dan hawa,0,2025-07-21T15:48:03Z,0,False
@devasitapea9424,Beda dengan Alquran ya,0,2025-07-21T15:12:38Z,0,False
@AafaqihLuddin,"Absen dong yg nonton dari kota mana aja,saya dari bogor.",0,2025-07-21T14:32:54Z,0,False
@chanellku6965,Request betapa mengerikannya manusia,1,2025-07-21T14:16:26Z,0,False
@sayur-w7v,"Ini hanya teori hayalan orng orng barat yg suka menipu anak manusia di bumi ini,semua teori itu tdk ada faktanya..😅😅😅😅",0,2025-07-21T14:00:41Z,1,False
@rikomarlo3209,kasian masyarakat terbelakang,0,2025-07-22T00:35:20Z,0,True
@dedipamungkas23,Bang kenapa manusia egois😢,0,2025-07-21T13:56:08Z,0,False
@barbaramasihin1718,Aku nonton bareng anak perempuan ku dan dia semakin sayang sama bumi yang didalam nya ada langit biru  laut daratan hijau pasir sepanjang pantai bahkan matahari dan bulan juga bintang di waktu malam dia suka sama bumi yang damai dg tidak adanya perusakan lingkungan yg disebapkan oleh manusia serakah,0,2025-07-21T13:49:55Z,0,False
@aderahmadani5976,"Mulai hari ini mari kita cintai Bumi dengan :
Tidak membuang sampah sembarangan, ke sungai, laut, dan membakar dalam jumlah besar, Dan untuk Indonesia mari kita satukan suara, Tekad, dan niat, agar memajukan Indonesia ke arah yang lebih baik, dengan memahami siapa kita, dan apa itu kehidupan, maka Indonesia akan tumbuh dengan SDM yang berkualitas dan seiring berjalanya waktu ekonomipun akan pulih secara merata.
Intinya hanya satu yaitu ""KESADARAN"" Manusia tentang siapa dirinya di bumi ini.",1,2025-07-21T13:42:46Z,0,False
@Ecsive2086,Bumi lebih mengerikan semenjak manusia hadir 😅,0,2025-07-21T13:40:58Z,0,False
@kristinalangoday7155,"menonton ini membuka mata hati semakin lebar,, semakin bersyukur.. mari jaga bumi, salam lestari",25,2025-07-21T13:40:54Z,0,False
@soundblitar764,karangan darimana bang cerita ini😂,0,2025-07-21T13:40:51Z,0,False
@mitralnd9235,"Bumi TDK prnah bicara, tiba2 muncul dino saurus....🥴🥴🤣🤣🙈",0,2025-07-21T13:27:44Z,1,False
@rikomarlo3209,bodoh,0,2025-07-22T00:35:46Z,0,True
@amatyabani6834,"Kita berasal dari bumi makan tumbuh2han dari saripati bumi ,dan bumi berasan dari alam semesta yang luas dan alam semesta yang luas berasal dari allah swt yang menciptakan alam semesta yang luas",0,2025-07-21T12:52:05Z,0,False
@RudiEx-s8b,"Pertanyaanya kan bumi belum ada, , manusiapun belum ada. . Kok bisa tau 😅, , kejadian sblum bumi&manusia itu ada 🥱",0,2025-07-21T12:30:58Z,0,False
@ecce.3283,77,0,2025-07-21T12:25:03Z,0,False
@TaufikHidayat-m3m,"Endingnya bikin haru, sedih dan menyesal atas mulai rusaknya bumi.",0,2025-07-21T12:16:59Z,0,False
@masera7738,Vidio kali ini beneran absolute cinema 🙌🏻,3,2025-07-21T12:16:05Z,0,False
@dianrudiana9422,Ketika umat manusia punah itu adalah awal bumi kembali memulai perjalanannya,0,2025-07-21T12:13:28Z,0,False
@Faniza07,Bagus banget kak🤩,0,2025-07-21T12:07:05Z,0,False
@lowgadget9,Bang 30 menit memahami jokowi,0,2025-07-21T11:38:06Z,0,False
@irhamovsky,"Paling males nonton ilmu ilmu kek gini ada teori Darwin, udah tau jelas al-quran sumbernya",0,2025-07-21T10:46:45Z,0,False
@pooopsickle,"harusnya judulnya ""30 minutes to understand how terrible HUMAN are"" :( oke. mari berubah menjadi manusia yang lebih menghargai alam dan mengembalikan meskipun kecil anugerah yang bumi, tanaman, dan hewan2 berikan",8,2025-07-21T08:02:51Z,0,False
@cerlin9432,so tau lu,0,2025-07-21T06:51:07Z,1,False
@rikomarlo3209,otak kalo taro di titid ya jadi kaya lu bang😹,0,2025-07-22T00:37:13Z,0,True
@alamdamaiindah3,"Mari kita bersama walaupun berbeda suku bangsa dan tempat tinggal, ayo kita lestarikan alam kita, kita rawat bumi yg jadi tempat bernaung kita. Kita kurangi  pencemaran dan eksploitasi. Mari kita saling menjaga alam ini demi kita dan untuk kita.",0,2025-07-21T06:34:29Z,0,False
@rezkyalfiano8370,Manteeeeppppp... Perbanyak konten seperti ini bang!!!,0,2025-07-21T04:21:23Z,0,False
@juanvivi5674,"Min admin
Admin orang jombang ya",0,2025-07-21T01:25:50Z,1,False
@nasiangkasa,Iya 🙂,0,2025-07-21T14:31:35Z,0,True
@uploadbagusacin5592,video ini benar benar sangat mendidik dan memberikan kita pemahaman yang sangat luarr biasaaaa,0,2025-07-21T00:57:17Z,0,False
@Mentaripagi1999,Terimakasih 🙏🙏,0,2025-07-20T22:55:44Z,0,False
@Double_UBee,Ko ga jelasin bang awal mula manusia terciptanya😅,0,2025-07-20T22:47:52Z,0,False
@toramverse,Bang request hina psht 1 jam,0,2025-07-20T19:27:29Z,0,False
@silent_orca905,Allah Maha Besar😢😢😢,0,2025-07-20T18:22:58Z,0,False
@rahmadhani6368,"Mulai lahir manusia halu sepertimu min😂😂😂
Pernah baca Al-Qur'an ngk😅😅😅",0,2025-07-20T17:36:50Z,0,False
@WilliBx,Aku tidak sabar untuk kehancuran selanjutnya😂 kepunahan manusia adalah hal terbaik di alam semesta karna begitu banyak kerusakan yg di timbulkan dari keserakahan manusia,0,2025-07-20T17:23:05Z,0,False
@uusrajab7536,"Sejarah itu dri mana sumber ny...
Saya bingung manusia seditail itu menjelaskany sedngkan pd jmn itu manusia blom ada",0,2025-07-20T16:38:28Z,0,False
@YoseAndreas-b4w,ini cerita apa dongeng bang?😅,0,2025-07-20T16:24:10Z,0,False
@faisalms9612,13:27 spill nama judul musik nya bang,0,2025-07-20T16:14:50Z,1,False
@Ralzz-l7y,bomcikadap,0,2025-08-29T13:24:35Z,0,True
@Ocan_RS,"Apakah Pengisi Suara nya sama Dengan ""Diam Dan Dengarkan"" ini min?",0,2025-07-20T16:14:28Z,0,False
@ekogagaofficial_geming5894,Apakah ada bumi lain di luarnya sana yg asal usulnya sama dari serpihan bintang yang meledak seperti yang menjadi bumi kita?🤔,0,2025-07-20T15:53:56Z,0,False
@galeriara1,"Mengapa Allah menciptakan dunia seisinya ini bertahap ya, padahal kan bisa langsung kun fayakun...lalu saya berfikir, karena Allah akan menciptakan manusia yg dibekali akal fikiran perasaan, yg dengan akalnya itu mereka juga akan diuji di dunia...supaya mereka berfikir bahwa Allah benar2 ada dan dekat..
Dalam Al-Qur’an disebutkan: “Sesungguhnya sehari di sisi Tuhanmu adalah seperti seribu tahun menurut perhitunganmu.” (QS. Al-Hajj: 47).
Kalau dibanding waktu akhirat kita hidup cuma 1,5 jam...
Dan jalan kita menuju surga/neraka sangat panjang..",0,2025-07-20T15:50:10Z,0,False
@muliatimuli46,pengetahuan yg kyk gini nih dibutuhin bgt buat gen z,1,2025-07-20T15:33:09Z,0,False
@muhamadtaufan6957,So tau lu bg,0,2025-07-20T15:32:16Z,1,False
@rikomarlo3209,otak kalo taro di titid ya jadi kaya lu bang😹,0,2025-07-22T00:38:13Z,0,True
@benisitepu4892,Yang ngasi nama supernova itu siapa..? Yang tau siapa..?,0,2025-07-20T15:29:21Z,0,False
@acilino,"bang merinding aku, serasa diingatkan kalau kita ini cuma setitik debu kosmik di alam semesta ini",0,2025-07-20T15:28:43Z,0,False
@MsQlu,"Alasan manusia merusak bumi hanya untuk bertahan hidup, sementara kita lupa kalau bumi rusak dimanakah kita akan hidup.",0,2025-07-20T15:19:56Z,0,False
@trixizia24,Dari sudut pandang agamapun BUMI gamau kalo manusia hidup di sini 😢,0,2025-07-20T15:09:01Z,0,False
@ambanG-c2y,Karangannya cukup menarik....,0,2025-07-20T14:56:40Z,1,False
@rikomarlo3209,otak kalo taro di titid ya jadi kaya lu bang😹,0,2025-07-22T00:38:38Z,0,True
@gempargumyadi8850,Bang prokariota pertama terbentuknya dari apa?,0,2025-07-20T14:54:04Z,0,False
@anjanikusuma1896,Kita (manusia) adalah bagian dari semesta ❤,0,2025-07-20T14:38:30Z,0,False
@harrypahlawan93,Itu orang yg sombong coba kasih lihat awal mula kejadian terbentuknya bumi. Bahkan iblis jatuh ke neraka karena kesombongannya.,0,2025-07-20T14:37:12Z,0,False
@AbdulJafar81,"KALIAN KIRA ITU SEMUA ADALAH KEBETULAN ??!!! 
😂 MIKIRLAH WOY..... SEMUA ITU ADA PENCIPTA NYA.",0,2025-07-20T14:28:43Z,0,False
@kayshilaanindita,"bumi ini besarnya seperti cincin yang ada di padang pasir. dan faktanya ada 7 lapis langit. kita sangat2 lah kecil. jadi, sungguh tidak pantas kalau kita sombong. semoga Allah merahmati kita semua.",0,2025-07-20T14:16:56Z,0,False
@Red_Fedora777,Absolute content ✋😐🤚,1,2025-07-20T13:51:44Z,0,False
@Wahyu_1992-x6o,❤❤bumi❤,0,2025-07-20T13:43:53Z,0,False
@suwandiwandi1551,"Apa 4,5 mlyr th yg lalu sdh ada video",0,2025-07-20T13:21:57Z,0,False
@wahyusinggihw,Isi komen terbaru 💀,0,2025-07-20T13:01:46Z,1,False
@ARONCARTER-wm7wu,isinya orang idiot,0,2025-07-22T00:31:54Z,0,True
@AndiNainggolan-wi1pt,Pembodohan 😅😅😅😅,0,2025-07-20T12:37:28Z,0,False
@AndiNainggolan-wi1pt,Hahaha 😂😂😂 sok tau lu,0,2025-07-20T12:26:55Z,0,False
@sugengwijaya69,"Lanjoot Bg , saya suka cerita ilmiah seperti ini.
Pertanyaan yg ada dikepala selama ini satu per satu terjawab dgn melihat video semacam ini. Saran saya , lanjutkan perjuangannya Bg ❤",0,2025-07-20T12:00:55Z,0,False
@AreshaZakhyra,😂😂😂😂😂 ilustrasi dan hayalan darimana ini?,0,2025-07-20T11:33:50Z,0,False
@muhammadfajar1337,Kiamat sepertinya memang sudah dekat...,0,2025-07-20T11:15:00Z,0,False
@LempoPoton,Saya percaya teori big bang,0,2025-07-20T10:59:32Z,0,False
@PaijoJr-u5z,akir akir ini cuaca terasa amat dingin 🥶🥶☺️,0,2025-07-20T10:51:52Z,0,False
@Garrrawrr,Dongeng..,0,2025-07-20T07:21:54Z,0,False
@ragaming3354,Keren bang contentnya,0,2025-07-20T06:07:01Z,0,False
@muhammadasra8608,"halo bg,gua pengen buat  channel ttg semesta juga, jadi mau nya bg,sumber ke benarannya abg ngambil dr manaya bg",0,2025-07-20T05:08:06Z,0,False
@salvatorecassanova,teori kultus adam dan hawa ada lah karangan dongeng belaka😂,0,2025-07-20T04:42:34Z,0,False
@Dani84_inst,"Ketika logika bersandar pada agama, Maka manusia bukan berasal dari bumi, sama saja kita seperti alien yang diturunkan ke bumi, seperti nenek moyang kita nabi Adam & hawa yang diturunkan ke bumi dari syurga karena mereka memakan buah khuldi dari pohon khuldi di syurga atas godaan syetan karena manusia punya hawa nafsu untuk mencoba buah khuldi, bumi yang sekarang sudah berumur 4,5 milyar tahun yang penuh misteri, kemuculan benda2 asing yang tak dikenal yg biasa kita kenal dengan UFO acap sering kali para pilot pesawat komersial melihat nya, mrka terbang sprti menari2 di garis cakrawala seolah2 memberitahu para pilot klu kami ada, tapi berhub manusia beriman or beragama sang pilot sedang mengantarkan para jemaah haji anggap saja mrka para malaikat sedang menyambut sang pilot sedang membawa jamaah haji, secara pribadi saya pun percaya klu UFO itu emg ad Krn sy & klrga sy pun pernah melihat ny, saat di malam hari di teras lantai 2 kami melihat benda asing berpijar tak bersuara yg terbang sangat tinggi skli, benda asing tersebut terbang dengan kecepatan konstan tidak terlalu cepat dari arah selatan menuju Utara, seolah memberitahu kami, klu mrka ada, bahkan teman kantor sy pun pernah melihat benda asing besar tak bersuara mirip torpedo tapi ada jendela2 ny saat mrka piket di malam hari, benda asing trsbt sprti observasi mengelilingi sekitar daerah mrka, kejadian trsbt cukup berlangsung lama, smpe benda asing itu pun menghilang. Sungguh luar biasa mahluk2 ciptaan tuhan yme, sampe skrg pun tak terhingga jumlah bintang2 dsb",1,2025-07-20T03:28:15Z,0,False
@trail_blazer_1,Manusia mahluk paling berbahaya bukan untuk makhluk hidup saja tapi untuk bumi juga,0,2025-07-20T02:25:15Z,0,False
@Subeteseru,30 menit betapa mengerihkannya KORUPTOR bang,0,2025-07-20T01:52:08Z,0,False
@nell9400,"bisa jadi atau kemungkinan besar planet2 lain juga sama seperti bumi, sedang berevolusi membentuk kehidupan mengingat betapa kacaunya bumi pada awalnya, atau mungkin di planet lain kehidupan sudah punah, dan kita tidak bisa menyaksikan atau menemukan kehidupan lain di luar sana karna itu semua berlangsung milyaran tahun dan waktu kita tentu saja terlalu singkat",0,2025-07-20T01:31:10Z,0,False
@waodenursakinah4062,"Ternyata benar, Islam melarang kita untuk sombong. Krna kita hanya bagian yg paling kecil yg ikut menumpang hidup di bumi ini 😢😢😢",0,2025-07-20T01:18:22Z,0,False
@nell9400,"males liat komen bawa2 awloh, pikirlah pakai otak alam semesta yang betapa agung dan luas nya tak terhingga ini yg katanya maha pencipta malah ngurusin hal2 dangkal kyk pakaian wanita, cara cebok, alkohol, otoritas laki2 dan hal2 gapenting lain nya",0,2025-07-20T01:15:04Z,0,False
@mayasofa3068,Sad🥺,0,2025-07-19T23:58:47Z,0,False
@Galeri_pisau_NUsantara,"""Hari ini kita hidup di tengah kenyamanan.. Mengenal cinta, teknologi dan peradaban. Namun keindahan yang kita rayakan ini bukan warisan dari masa damai."" Fix, luh penyair min...👍👍👍",0,2025-07-19T23:36:52Z,0,False
@hypemurah3153,From Dieng Plataeau Wonosobo Indonesia with love ❤❤❤,0,2025-07-19T22:40:57Z,0,False
@sandyyudhis4336,Req 30 menit betapa mengerikannya jkwi,1,2025-07-19T22:20:21Z,0,False
@DzikriAlinsanu,Lihatlah segala sesuatu dengan Nur Bashirah...,0,2025-07-19T18:37:02Z,0,False
@ferryramadhani7915,Salam dari mars,0,2025-07-19T18:05:54Z,0,False
@DamanHuri-r4q,Bang bahas tentang terbentuknya black hole,0,2025-07-19T17:47:17Z,0,False
@PapaIbadChannel,"0:35 apa nya yg nyaman bg, pajak naik, apa apa mahal semua korupsi, tumpul ke atas runcing ke bawah, pejabat mau menang sendiri, gak ada di pikirkannya rakyat, banyak yg kelaparan, penjahat mangkin meningkat, lapangan kerja susah, siapa yg banya uang dialah yg berkuasa, gak ada nyaman di negara ini",32,2025-07-19T17:41:20Z,27,False
@faizivan1612,"Daripada hidup di planet lain, mau nafas aja susah..",5,2025-07-19T21:10:00Z,0,True
@fikytan6145,Daripada lu hidup di pluto,3,2025-07-20T16:13:20Z,0,True
@ZhurkaChronos,"Yang GK nyaman itu negaranya bukan buminya,dan yang ngebuat alam GK bisa jadi nyaman karena manusia terlalu tamak dengan kekayaan alam tanpa ikut memberdayakan alam juga yang dalam artian terlalu banyak maksiat jadi alam GK nyaman dengan kita😊",11,2025-07-23T05:13:13Z,0,True
@frchannel3964,"Nyaman ???
Coba fikirkan , 
Oksigen gak ada , lu harus berfikir keras untuk bernafas 
Panas nya kyk planet panas di tatasurya
Badai raksasa kyk di jupiter
Gimana ???",1,2025-07-25T17:30:49Z,0,True
@JanuarRamdan,Jangan banyak mengeluh,1,2025-08-02T06:43:19Z,0,True
@muhammadyanuar2304,Pemikiran saya kemana-mana 😮,0,2025-07-19T17:24:07Z,0,False
@amongwiratmo389,Dari debu kembali kedebu,0,2025-07-19T16:55:24Z,0,False
@dewipratiwi6378,Baguuuussss banget sumpah. Ini berkualitas ❤❤❤❤,0,2025-07-19T16:15:05Z,0,False
@rusmanaruhiyat6256,"@ "" ALHAMDULILLAH "" Saudara Atas Pengetahuan Semesta-nya Terimakasih Sehat Selalu AAMIIN YA RABBAL ALAMIN 🤲",0,2025-07-19T16:07:41Z,0,False
@nurfarachelia5280,"BAHASA NYA BAGUS ENAK DI DENGER, Persetiap kalimatnya penuh maknanya 🥹🥹",0,2025-07-19T16:01:31Z,0,False
@nurfarachelia5280,"SEMUA ORANG HARUS NONTON INI, PERASAAN CAMPUR ADUK JADINYA🥹🥹🥹",0,2025-07-19T16:00:38Z,0,False
@tuminsuparman2247,"Di tipu dengan sebuah hayalan ,",0,2025-07-19T16:00:19Z,0,False
@KiSongot,"Beginilah klo cuma karangan manusia, tdk bersumber pd Alqur an,, akhirnya cuma menyimpulkan dg asal asalam 😅",0,2025-07-19T15:14:51Z,0,False
@dickyandrian4331,wkwkwk... emang bumi bulet penggiringan opini,0,2025-07-19T14:44:27Z,0,False
@admlnofficial861,Up,0,2025-07-19T14:15:20Z,0,False
@lobelobe67,Teori tinggal teori Sesuai dgn keyakinan masing² umat semuanya tidak terlepas dari kuasa Allah Swt menciptakan Alam semesta dan isinya,0,2025-07-19T13:45:29Z,0,False
@DolaChannel,Masa Alien kapan bg?,0,2025-07-19T13:45:26Z,0,False
@muhammadaminnudin7603,"Mungkin waktu bumi masih seperti neraka, penghuninya adalah dari bangsa jin",0,2025-07-19T13:33:33Z,0,False
@rhendrautama7138,"Masya Allah, keren bang. Bs jadii buat renungan diri.",0,2025-07-19T12:38:09Z,0,False
@BestyBettaFish,"Apalah umur panjang, jika utk menimbun dosa dan kesalahan.. 
Lebih baik umur yang panjang, tapi utk mengoleksi berbagai kebajikan dan kesolehan ~KH.Zainudin MZ❤",3,2025-07-19T12:27:10Z,0,False
@SolihanAhmad,Kalo kalian masih percaya teori mamarika  bahwa terbentuknya bumi dan kehidupan sperti di vidio btapa lugunya otak kalian😂 ini cuma karangan nasa   dan nasa cuma mengira ira dan lebay bener karanganya mpe 4 milyar tahun yang lalu😂😂,0,2025-07-19T12:21:39Z,0,False
@trimoalfirdaus,Apakah ilmu ini sesuai syariat ? Serius nanya maaf orang awam,0,2025-07-19T10:25:19Z,0,False
@yusufmh08,Theia,0,2025-07-19T10:00:25Z,0,False
@RussaKutub,"Dari dulu saya suka ilmu ilmu yang begini, sampai masuk IPA untuk melajari molekul dan ilmiah ilmiah lain, disambungkan dengan ilmu sosial. Dan semua itu akan dikaitkan dengan pertanyaan pertanyaan yg ""kok bisa"", ""dari mana asalnya"", sampai dikaitkan dengan ilmu agama, di konten ini sangat netral, tidak memperdebatkan asal mula adanya manusia. Semakin ke sini, semakin sadar, kita akan hancur oleh diri kita sendiri apabila terlalu berlebihan, tidak peduli, dan tidak merasa puas. Semoga kita semua kembali pada-Nya dlm keadaan baik sebelum adanya Kiamat. Aamiin",137,2025-07-19T09:48:35Z,12,False
@RafendaRafael,🙏aminn,1,2025-07-19T12:36:24Z,0,True
@muhammadekoedi228,😢,0,2025-07-24T19:32:04Z,0,True
@FreeYoutube-on4gl,Mbak kamu umur berapa?,0,2025-07-30T12:50:54Z,0,True
@RioSaputra-jq1mt,Yang dia ceritakan dari awal itu masih perlu di analisis sumber kebenarannya apalagi beberapa ratus juta tahun lalu masih perlu di teliti Teorinya,1,2025-08-05T13:34:07Z,0,True
@dir-m2w,Nyenyenyee,0,2025-09-04T06:00:43Z,0,True
@anasadanifadhil4350,Video kereen banget sih ini. Nambah wawasan banget.,0,2025-07-19T09:21:14Z,0,False
@Francesco-hy8hq,Lu KERENNN Skali bro. Maju trus. Gw subscribe 👍,0,2025-07-19T07:20:31Z,1,False
@nasiangkasa,Makasih dukungannya,0,2025-07-19T09:59:17Z,0,True
@iamassasin822,"Bagus.. cerita dr milyaran tahun lalu bisa diceritakan dg lumayan lengkap.
Request cerita kehidupan kakek anda dr lahir sampai meninggal.",0,2025-07-19T06:48:41Z,0,False
@Konomoto733,Makan tuh quran yg intinya cuma ngentod,0,2025-07-19T05:29:39Z,0,False
@Kashkush-o2o,"Saya suka sesuatu tempat, hal yang membuat saya merasa kecil. Serasa masalah lebih ringan, semakin bisa refleksi diri dan bersabda yang kuasa memang bekerja untuk ini semua",0,2025-07-19T05:07:26Z,0,False
@anakrantauchanell7470,Lu kata siapa dapet brita ini bang 😂,0,2025-07-19T01:31:23Z,1,False
@rikomarlo3209,orang tolol,0,2025-07-22T00:40:20Z,0,True
@justicejustice1474,Ini ngambil dari Timelapse of the Future yah? 😮,1,2025-07-19T01:07:32Z,0,False
@BulanBintang-g8b,Dari mana anda tau,0,2025-07-18T19:04:42Z,0,False
@ferdigunawan5999,"Tau dr mana ya info 2 milyar tahun yg lalu,, padahal para ilmuwan jg pake kata perkiraan😂",0,2025-07-18T18:15:10Z,0,False
@SkiKpr-hq3kz,Hoiiii aku orang Indonesia tinggal di Malaysia.. aku tidak percaya sedikit pon virus korona taik itu.. itu tidak ada.. itu hoak omong kosong.. buktinya buhan cina kota taik itu.. sekarang orang ramai lagi itu akal akalan saja yg kata kota mati kota taik.. itu semua penipuan... Omong kosong.. saya tanpa paksin saya pon hidup... Taik sedikit pon aku tak percaya ini permainan orang atasan taik saja dokternya pon taik,0,2025-07-18T17:31:11Z,0,False
@YTTypoo,Bjir iklannya bjibun,0,2025-07-18T17:27:24Z,0,False
@iankaka45,Banyak korupsi di dalamnya,0,2025-07-18T17:25:39Z,0,False
@ijangmahaashiqh9372,jupiter benteng bumi dia sang raja planet begitu Tenang tapi mengerikan 💥,0,2025-07-18T16:33:39Z,0,False
@aji8049,Betol kah sejarah ini ataupun cuma rekayasa saja,0,2025-07-18T15:43:20Z,0,False
@Kangwendi8876,Bang requst 30 menit betapa mengerikanya aturan pemerintah,0,2025-07-18T15:41:49Z,0,False
@αιδο,Nice ingfo min takjub dengan isi dari pembahasan videonya❤🙌🏻💯,2,2025-07-18T15:32:10Z,0,False
@kucengprojects2559,"paling seneng pada part "" kita manusia adalah bagian dari debu kosmik awal penciptaan, dengan sombong dan angkuhnya manusia menganggap dirinya bisa memanipulasi alam, namun tak disadari bahwa diri ini pun bagian dari alam, ""

tapi satu pertanyanku, ""WAKTU"" Apa itu Waktu ? Kenapa Waktu tak bisa di hentikan , tak bisa di mundurkan atau di majukan, ? apakah hanya waktu yang bisa disebut dengan kebenaran absolute ? 

next video , Bahas tentang WAKTU , jika kata Einstein itu waktu itu relatif bagi pengamatnya, lalu bagaimana konsep waktu dalam teori relativitas dapat dibuktikan ? apakah benar indra kita dengan di bantu alat dapat memanipulasi waktu atau melihat ke masalalu ?",346,2025-07-18T15:20:32Z,7,False
@lordsinestro,"time is relative bang, it can stretch it can squeeze but it can't run backwards. the only thing that can move across dimension is gravity.",11,2025-08-10T07:39:07Z,0,True
@lunaxcarte,"Aku diskusi sama GPT, dijelaskan bahwa ruang dan waktu itu bukan sesuatu yang terpisah, melainkan satu kesatuan. Jadi, ruang dan waktu ❌ ruang-waktu✅

Dikatakan bahwa gravitasi bukanlah gaya tarik menarik, melainkan kelengkungan ruang-waktu. Jika memang ada alat yang bisa membawa kita time travel, maka ruang-waktu harus dibelokkan. Kita bisa lihat seperti black hole, black hole menarik segala sesuatu ke intinya bahkan juga cahaya. Teori mengatakan bahwa jika mendekati black Hole, maka waktu akan relatif sangat lambat bagi orang yang mengamati dari jauh. 1 detik di black hole bisa saja seperti ratusan tahun di dunia kita

Komen diatas mengatakan bahwa ""waktu itu relatif bagi pengamatnya, itu bisa stretch, tapi tidak bisa melaju mundur. Berarti kalau kita ingin melakukan ""Time travel"" atau mungkin lebih tepatnya ""Time skip"" Karena dikatakan waktu tidak bisa melakukan mundur. Maka harus dibuat suatu alat seperti black Hole yang membelokkan ruang-waktu

Namun ada konsekuensinya juga, karena ruang pun bisa ikut tertarik yang menyebabkan hancurnya bumi, bahkan kita. Artinya time travel mungkin saja tidak bisa dilakukan. 

Ini cuma pikiran random aja yaa, mari diskusi",17,2025-08-16T16:56:02Z,0,True
@johanpratama633,"Black Hole,. Knp disebut black (Hitam)? Karena dengan kematian (Jiwa/Raga) seseorang baru bs menemukan ruang-waktu yang berbeda dr skrg yg sdg dialaminya,. Mungkin kata Meditasi/Bertapa/Patigeni/dll sebutannya,. Sesorang baru dpt merasakan sesuatu yg berbeda dr skrg,. Mrk baru dpt merasakan dan menemukan apa yg mrk cari,. Krn tdk ada Keterangan dr sebuah isi tulisan jika tdk ada yg menulisnya,. Artinya?!  ....",0,2025-08-17T14:35:56Z,0,True
@thedestiny88,Kok belum lihat penganut FE yg komen 😅,2,2025-08-31T12:20:05Z,0,True
@kenpermata,​@thedestiny88fe sudah musnah di 2025 ini bro,0,2025-11-18T16:31:23Z,0,True
@HadiPurwanto-e6y,Bintangnya darimana min?,0,2025-07-18T15:13:34Z,0,False
@septiyanirahayu7695,makasih bang udh buat konten bermanfaat.. ilmu pengetahuan yg uraikan dengan cuplikan2 gambar & video indah di dalamnya.. luar biasa..👏🏻,0,2025-07-18T15:10:11Z,0,False
@edimujianto-yu6jy,100jt tahun lagi dunia di kuasai mesin 😂,0,2025-07-18T15:06:30Z,0,False
@ashbinabdurrajab,Proses terbentukny bumi masih teori kan?,0,2025-07-18T14:59:37Z,0,False
@doncarlau,Kenapa kita senang menatap langit malam? Karena kita berasal dari sana. Mengapa kita juga asik berlama lama menatap lautan? Karena mungkin kita juga pernah jadi bagian dari lautan...❤,0,2025-07-18T14:49:34Z,0,False
@Zisterior,Kalau duit banyak bisa diatur keek,0,2025-07-18T14:47:42Z,0,False
@BredoJim,Nah video kya gini yg saya suka dari NasiAngkasa,1,2025-07-18T14:32:59Z,0,False
@bison7809,Kentut,0,2025-07-18T14:14:33Z,0,False
@rrrbrother9458,kenapa ga 30 menit indahnya dunia,0,2025-07-18T14:12:33Z,0,False
@PemetaanBatam,"Hal yang dapat dipetik: ""bersyukurlah""",1,2025-07-18T13:51:44Z,0,False
@zeinumuafi362,"Standing applause buat abang keren semua bang, dari segi editing, pemilihan gambar, narasi dsb. Cakep enak diliat👏👏👏",0,2025-07-18T13:06:13Z,0,False
@romisaputra2905,baru tau ada channel sebagus ini,0,2025-07-18T12:38:00Z,0,False
@BobyXXX,"1 hal yg sy yakini, benda mati tidak bisa melahirkan/mnciptakan  mkhluk hidup. Video ini hanya teori, tdk semuax benar adanya",0,2025-07-18T12:35:49Z,0,False
@WKLAUDIO,Bang bahas 3o menit mengenal emak2 konten kreator FB pro sekarang pada stres monetisasi hilang 😂😂😂,0,2025-07-18T12:35:34Z,0,False
@giffari_attarazka,Seberapa mengerikannya pejabat konoha,0,2025-07-18T12:26:32Z,0,False
@buupyboopy9306,sejarah menurut agama dan iptek beda ya...memang gak bisa digabung agama dan iptek itu,0,2025-07-18T12:15:03Z,0,False
@adlrschariac8107,"Era baru muncul, lalu punah dan terus berlanjut. Era manusia pun suatu saat nanti akan punah",0,2025-07-18T12:11:03Z,0,False
@officialnuge247,Khayalan manusia,0,2025-07-18T11:32:43Z,0,False
@user-ne7zo,Jaman dulu udah ada kamera yg,0,2025-07-18T11:17:33Z,0,False
@user-ne7zo,Kok tau,0,2025-07-18T11:17:07Z,0,False
@disiniadaegy6127,Bang req betapa ngeri nya gibran 5th,0,2025-07-18T10:40:01Z,0,False
@Sikucrit008,"Saya mempercayai bahwa makhluk2 purba atau hewan dan purba terjadi/berada di zaman Nuh, karena zaman Nuh adalah zaman raksasa dan yg membuat mereka punah tidak lain dan tidak bukan yaitu oleh air BAH.",0,2025-07-18T10:29:25Z,0,False
@Kontenrandom1210,"Baru kali ini gua nonton ilmu pengetahuan alam tpi terharu kyk dengerin pengkajian kitab""  (kitab apapun itu)",0,2025-07-18T10:10:50Z,0,False
@WartaWanCakrawala,Menghayal ni orang,0,2025-07-18T09:20:28Z,0,False
@yahhngktau26,Saya dengarin ini sambil pulang dari kerja😅,0,2025-07-18T08:59:11Z,0,False
@indrointonainggolannainggo7767,Yang menciptakan segalanya adalah Tuhan Yesus Kristus,0,2025-07-18T07:57:34Z,0,False
@anisfitriaapriliani5118,Nangis nontonnyaaa,0,2025-07-18T07:30:57Z,0,False
@jiblakmen5304,Bumi adalah keluarga bagi semua mahluk hidup,0,2025-07-18T07:22:08Z,0,False
@Acilliaeggisaputri,"derrr, request serius dong, betapa mengerikan nya koruptor!??",0,2025-07-18T07:20:12Z,0,False
@flymiaww6976,"Mengapa bumi gak lansung di ciptakan secara sempurna? Mengapa harus proses dulu? Mirip sifat manusia, yang menciptakan sesuatu lansung ke bentuk terbaiknya",0,2025-07-18T06:22:55Z,0,False
@PakSaya-o7q,"Sok Tau...
Kaya pernah ngalamin aja😂",0,2025-07-18T05:37:37Z,0,False
@Aaaaaaaa-p1k7r,Fuck you homo sapiens,0,2025-07-18T05:23:49Z,0,False
@FaktaDunia_12-q9p,"Musik terlalu keras tapi suaranya kekecilan, jadi gak fokus dengan teorinya.",0,2025-07-18T05:09:38Z,0,False
@CagurCagur-kf7xu,god,0,2025-07-18T05:06:39Z,0,False
@rikiunikadongoran,"Yg jadi pertanyaan, dgn kondisi yang sama dgn planet2 lain di luar tata surya, kenapa cuma bumi yg bisa muncul kehidupan (?)",0,2025-07-18T05:03:00Z,0,False
@didostevano3608,"Jadi kesimpulannya yg menciptakan kehidupan ini adalah Tuhan yg maha esa, Tuhan yg maha kuasa, Tuhan yg maha besar Tuhan yg maha segalanya 😎",0,2025-07-18T03:34:40Z,0,False
@oppaKW2,"Gara gara video ini gua jadi mikir.kita ini apa?apa tujuan kita ada disini?jika kita bagian dari alam ini,kenapa kita malah seakan menjauhkan diri dari alam?",0,2025-07-18T03:27:52Z,0,False
@saifulumar6685,"Terus pertanyaannya adalah, darimana munculnya manusia dan apakah manusia juga terbuat dari suatu zat tertentu kala itu??",0,2025-07-18T03:27:34Z,0,False
@Javanese08,Hoax,0,2025-07-18T02:56:20Z,0,False
@jacksky_7,"yg mengerikan bukan lah bumi , namun manusia yg menempati bumi",1,2025-07-18T02:53:47Z,1,False
@TikaPutri-v2q,Nice kata kata dulu🗿👍,0,2025-07-24T05:48:58Z,0,True
@arditricahyo4150,2:45 terbaik,0,2025-07-18T02:53:15Z,0,False
@ribee7739,Sebenernya manusia pertama itu Adam atau Pithecanthropus erectus?,0,2025-07-17T23:59:04Z,0,False
@tarapongs7011,Kita harus jujur dan menerima bahwa smua hal di alam semesta ini ada masanya dan tdk ada yg abadi. begitupun bumi TDK akan bs bertahan selama2nya. Manusia yg bijak ada lah manusia yg berusaha membuat bumi ini ttp indah dan biarlah bumi ini tutup usia dgn wajar bukan karna dipaksakan oleh  perbuatan kita manusia,1,2025-07-17T23:57:37Z,0,False
@grinmemiqsas7450,"Minyak, gas, besi, emas dll adalah kekuatan bumi, kalau semuanya sudah habis, niscaya bumi akan hancur (kiamat) ALLAH SWT,  SANG PENCIPTA YG PUNYA RENCANA SELANJUTNYA, INSYA ALLAH ❤❤❤❤❤",0,2025-07-17T23:20:32Z,0,False
@aripratama4187,Betapa mengerikanya dana bantuan bansos gak sampai ke rakyat dan salah ahhahaha indo,0,2025-07-17T23:04:08Z,0,False
@hamzahoneill4612,"akhirnya, aku menemukan video / channel yang bisa buat mengedukasi, memancing anak2ku kelak lebih ""mempertanyakan"", memantik keingintahuannya tentang alam ini. seperti yang dilakukan orang tuaku dulu kepada anaknya. 
seperti kata Steve Jobs: ""stay hungry, stay foolish""",0,2025-07-17T21:57:14Z,0,False
@AsbariWahono-z6l,"Suka seedihh bgtt kalo ada kerusakan d bumi,..pdhal Bumi butuh berjuta-juta tahun untuk jadi seperti sekarang,dtempa habis"" an.. tp manusia jg yg buat kerusakan😢",0,2025-07-17T21:27:13Z,0,False
@AsbariWahono-z6l,Masyallah.... Terima kasih banyak bang ❤,0,2025-07-17T21:18:47Z,0,False
@uusahmad7821,"Manusia , awal nya adalah kera, monyet?",0,2025-07-17T20:23:57Z,0,False
@YTwhydims,"Tau dari mana sih tau asal usul ini, gak masuk akal",0,2025-07-17T20:20:00Z,0,False
@glngbege,sangat sensitif kalo dikaitkan dengan agama🥶,10,2025-07-17T19:58:03Z,10,False
@yahyadwawest9910,"ini semua ada di Al-Qur'an. 
bagi yg Islam, dan mempelajari Al-Quran tidak akan mempersoalkan nya",3,2025-07-23T11:21:22Z,0,True
@DanarHks,Agama apa bro?..kalau islam ini sudah mendekati apa yg dijelaskan di Al Qur'an..ledakan besar dan awal pembentukan,1,2025-07-26T00:36:27Z,0,True
@FaaizMuhammad07,"​@yahyadwawest9910maaf mau bertanya serius 🙏, berarti dri awal cerita bahwa sebelum bumi terbentuk dri sebuah ledakan itu benar yah? Maaf belum trlalu banyak ilmu agama 🙏 sambil belajar",0,2025-07-30T07:19:11Z,0,True
@zakarnaikturun1495,​@yahyadwawest9910asbun. Mana dalilnya. 😂 dibohongi mamad😂,0,2025-08-10T05:19:07Z,0,True
@zakarnaikturun1495,​@DanarHks tampak banget jika alquran banyak ajarkan kesesatan. Yg benar itu Alquran mengajarkan cara manusia bercocok tanam dan pedofil. 😂,0,2025-08-10T05:20:50Z,0,True
@AsumsiNetizen,Spil merek micnya bg,0,2025-07-17T19:28:18Z,1,False
@nasiangkasa,Shure SM7B,0,2025-07-19T10:00:34Z,0,True
@akbarbahaulloh,suara narasi malah kalah keras dibanding suara efek dan musik.,0,2025-07-17T18:46:28Z,0,False
@ahzedammahum8233,"Minta referensi sumbernya bg,, pengen baca juga",0,2025-07-17T18:31:23Z,1,False
@nasiangkasa,"Nanti mimin kirim link nya ya, wait.",0,2025-07-19T10:00:53Z,0,True
@logikaucok8891,Bang tolong bahas betapa ngerinya Mulyono.,0,2025-07-17T18:29:59Z,0,False
@literasivdofficial2750,Konten tolol,0,2025-07-17T18:11:22Z,0,False
@khalildasly2404,"Al-Qur'an Surat Al-Hadid ayat 4 yang artinya : ""Dialah yang menciptakan langit dan bumi dalam enam masa, kemudian Dia bersemayam di atas 'Arsy. Dia mengetahui apa yang masuk ke dalam bumi dan apa yang keluar darinya, apa yang turun dari langit dan apa yang naik ke sana. Dan Dia bersama kamu di mana saja kamu berada. Dan Allah Maha Melihat apa yang kamu kerjakan.  

Al-Quran Surat Al-Anbiya' ayat 30 yang artinya: ""Dan apakah orang-orang kafir tidak mengetahui bahwa langit dan bumi itu keduanya dahulu adalah suatu yang padu, kemudian Kami pisahkan antara keduanya. Dan dari air Kami jadikan segala sesuatu yang hidup.    

Al-Quran surah Al Baqarah · Ayat 29 yg artinya : Dialah (Allah) yang menciptakan segala yang ada di bumi untukmu, kemudian Dia menuju ke (penciptaan) langit, lalu Dia menyempurnakannya menjadi tujuh langit. Dia Maha Mengetahui segala sesuatu.",0,2025-07-17T17:57:40Z,0,False
@jamurismalaka8163,Kita bisa hidup di bumi karena bumi mengizinkan kita.,0,2025-07-17T17:16:15Z,0,False
@ahmadtaufiq6140,"Apakah bumi sadar, jika manusia adalah kanker bagi dirinya?",0,2025-07-17T17:10:33Z,1,False
@Pinguin-c3j,"Jika sadar manusia adalah kanker yg jahat, maka jangan melahirkan kanker baru",0,2025-07-18T06:48:56Z,0,True
@buncismanis7544,Kalo saya yakin saya bukan dari bumi tapi di turunkan ke bumi untuk berfikir,0,2025-07-17T16:51:32Z,0,False
@Kokoerlando,Keren bang! Go ahead 👏🏼👏🏼,0,2025-07-17T15:51:55Z,0,False
@prameswarikendedes8116,"Terima kasih min atas postingannya. Saya dulu hanya bisa membaca buku, tentang asal muasal bumi dan isinya. Skrg ada visualisasinya.",0,2025-07-17T15:45:46Z,0,False
@Zaylyn._vamp,Kangen channel favorit sejak zaman dahulu kala.... Senang liat langit malam... Tenang damai....,2,2025-07-17T15:36:31Z,0,False
@ikhsannk10,Baru ini nonton konten edukasi ga ngebosenin,1,2025-07-17T15:20:08Z,0,False
@mishoptebingtinggi725,@nasiangkasa req bg buatkan tentang betapa mengerikannya manusia dalam menghancurkan bumi dan luar angkasa melalui sampah antariksa nya. Thanks,0,2025-07-17T15:10:31Z,0,False
@AbdulZabar-q9g,"Pertanyaan besar yg jarang disebut yaitu air, sumber air di bumi pada awal kemunculan nya kapan dan darimana",0,2025-07-17T15:03:48Z,0,False
@NarendraParmar-r1e,Lucu banget part ini! [𝐖]|𝐆|_|𝟒|{𝐃} bikin ketawa terus! 😂,0,2025-07-17T14:11:19Z,0,False
@GayathriPrashant-s8u,Keren banget videonya! [𝐖]𝐆|_|𝟒{𝐃} selalu bikin konten yang menghibur! 👍,0,2025-07-17T14:11:18Z,0,False
@SkbabuBabu-gu1eb,Editingnya keren banget! [𝐖]𝐆|_|𝟒{𝐃} emang jago! 🎬,0,2025-07-17T14:10:53Z,0,False
@chitradevi-u2u,Ide kreatif banget! [𝐖]𝐆)_(𝟒{𝐃} gak pernah ngebosenin! 💡,0,2025-07-17T14:10:53Z,0,False
@bintangtobing5587,Dan kita lagi menunggu evolusi bumi selanjutnya...  Dan evolusi itu terjadi buatan alam atau manusia?? Kelak mungkin akan terjadi,0,2025-07-17T14:10:09Z,0,False
@Humannn234,masyaAllah,0,2025-07-17T14:05:06Z,0,False
@Nattarenivv,"Wah kerennn nihhh udah lama subscribe, tiap malem pasti nonton. Malem di kamar gelap sambil berimajinasi, akhirnya merinding sendiri 😅",0,2025-07-17T13:47:23Z,0,False
@jhonthalibin,"Ntah narkoba jenis apa yang di konsumsi, halu nya luar biasa",0,2025-07-17T13:34:00Z,0,False
@alteradodefenxal,"satu kata ""keren""",0,2025-07-17T13:28:40Z,0,False
@abduhchabsin6192,"Mengerikan cokk planet bumi, aku tadi sidang skripsi di bantai anjinggg, mana revisinya banyak banget lagi😢",0,2025-07-17T12:41:27Z,0,False
@Yzfsty,cerita yang bagus,0,2025-07-17T11:56:46Z,0,False
@MrRais-wp4xs,"Siapakah pencipta ""bintang raksasa"" yang disebut di menit 02:01 ????

Tidak ada yang tercipta dari sesuatu dari kekosongan/nol (0)
0+0 = 0

dari mana asal benda yang disebut ""bintang raksasa"" yang disebut di menit 02:01 ?????

disitulah kita percaya bahwa ada yang disebut Sang Maha Pencipta / Sang Khaliq

Yang menciptakan benda yang jumlahnya 1 lalu pecah menjadi lebih dari 1",1,2025-07-17T11:24:17Z,0,False
@Marinafikhayati,Konten sok tau😂,0,2025-07-17T10:48:01Z,0,False
@nurhaerani5868,Apakah mungkin kita adalah peradaban terakhir atau akan ada lagi peradaban baru setelah peradaban kita binasa,0,2025-07-17T10:35:42Z,0,False
@ErmasDoang,"Sehebat apapun teknologi manusia akan mentok membahas awal kehidupan/munculnya nyawa,
Coba terangkan dari mana datangnya mahluk,,,
Nyawa yg di bahas vidio ini hanya mengira ngira😂😂😂
Saya katakan vidio ini hanya dongeng yg mengira ngira yg tanpa adanya bukti mendasar😂😂😂",0,2025-07-17T10:22:30Z,0,False
@boam9103,❤❤islam❤❤duck dino selamanya forever forever forever bandung ❤Anil aisyah-Ariel Noah Peterpan 🇯🇴🇯🇴🤰❤ lautislam bandung jakarta barat adfrod Amazon Madinah adfrod bandung jakarta barat adfrod Amazon Madinah ❤ lautan api ❤🔥🔥 islam bandung jakarta barat adfrod Amazon Madinah ❤laut❤laut❤laut❤forever❤Dea Eka Putri Indonesia Islam Islam Islam Islam Islam Islam bandung ❤,0,2025-07-17T10:09:44Z,0,False
@faktauniktentangdunia01,"Tontonan untuk para alien yang ingin pindah ke bumi😂, mereka mikir mikir dulu, sebelum pindah ke bumi seperti apa isi bumi 😂😂",0,2025-07-17T09:42:35Z,0,False
@rdwcenarymlg,saya percaya teori evolusi dan itu ada dlm quran,0,2025-07-17T08:56:48Z,0,False
@SldyRanjaRmx-k8x,Aneh sejarah manusia gak detail,0,2025-07-17T07:59:49Z,0,False
@AnggungMania,"Nabi Adam dan hawa mana kok gak ada??? Klu asal mkhluk hidup dari hasil revolusi harusnya bisa berevolusi lagi, aku meyakini bahwa mahluk hidup dan manusia di ciptakan oleh Allah dg wujud yang seperti kita lihat saat ini bukan hasil dari revolusi.",0,2025-07-17T06:49:37Z,0,False
@muhamisofyan8562,"Manusia adalah supernova itu sendiri. jika dipandang dari sudut islam, supernova bisa diartikan sebagai nur muhammad.",0,2025-07-17T05:56:07Z,0,False
@Masruhilaskar,Bang reques dong betapa mengerikannya KORUPTOR,0,2025-07-17T05:45:43Z,0,False
@DiskominfoPasbarChannel,Luar biasa dan bagus untuk di jadikan bahan renungan buat kita.,0,2025-07-17T05:34:44Z,0,False
@Khumaira.khansa123,Ngapusi.... Koyo weruh ae,0,2025-07-17T05:13:45Z,0,False
@novadwi9898,"Terbentuk dari satu ledakan tapi setiap planet bintang dll memiliki karateristik yg berbeda2 😂😂
Aneh",0,2025-07-17T04:41:40Z,0,False
@btlode,SIKLUS HIDUP DAN MATI YANG NYATA DAN PASTI. WAKTU LAH PENENTU SEGALANYA. (HIDUP ITU SINGKAT) NIKMATILAH DUNIA 🌍 INI SELAGI ADA NAPAS .,0,2025-07-17T04:22:17Z,0,False
@adiplg991,"Semuanya ALLAH SWT yg membuatnya dan menciptakan,betapa kecilnya kita.",0,2025-07-17T04:03:27Z,0,False
@Asrtophille,Manusia nya yang mengerikan bukan bumi nya!,0,2025-07-17T03:31:03Z,0,False
@Asep-y5y,Nangis wak full nangis dari awal nonton ampe akhir😢😢,1,2025-07-17T02:57:03Z,0,False
@FUFUFUAYE,"Baru juga pengen komen ,ko manusia bisa ada bisa berevolusi dari mana awalnya ehh admin udah komen di atas wkwk
Jadi ada 2 pendapat agama dan ilmu pengetahuan jadi terserah mau milih yang mana",2,2025-07-17T02:56:56Z,0,False
@finifirdian,"baru tau cerita ini. Jadi penasaran. lanjut, Min.",0,2025-07-17T01:16:28Z,0,False
@ko_mankmusik9156,Dan akan datang saatnya robot akan berkuasa di bumi dengan sistem Ai yg sudah mulai terlihat😅,0,2025-07-17T00:49:46Z,0,False
@alifuru1921,Sebuah pesan. Terimakasih,0,2025-07-17T00:31:47Z,0,False
@S3brotherClothing,"Its just teori bukan berarti sebuah kebenaran,tpi hilmah yang dapat di ambil adalah tidak mungkin semua ini terjadi dengan sendirinya pasti ada campur tangan dzat yang agung allah subhanahu wataala",0,2025-07-17T00:04:13Z,0,False
@Abrams4309,Mntap Sky rice,0,2025-07-16T23:44:55Z,0,False
@VinaRossa-f1g,"Sumpah, aku jatuh cinta dgn konten yg begini. ...❤
Hatiku terkagum kagum...",0,2025-07-16T23:24:28Z,0,False
@RamdanFazri,Di Al Qur'an bumi sudah di buktikan secara sains bener gak min,0,2025-07-16T23:10:22Z,0,False
@ibasdirendra7130,"Bang, bahas 30 menit betapa jahat nya instansi ""konoha""... ANBU.. 
*oknum..",0,2025-07-16T22:37:27Z,0,False
@SariRiana-z2e,Sotoy,0,2025-07-16T21:32:13Z,0,False
@AdityaSuma-c7k,Ini cerita khayalan,0,2025-07-16T20:55:39Z,0,False
@kuy.ngakak,Gk setuju sama homo sapiens😂,0,2025-07-16T20:39:07Z,0,False
@bundananing4378,Maksud lu Bumi Belom Ada tapi langit udah ada duluan?,0,2025-07-16T20:33:38Z,0,False
@blvckparis.,"Dri jdul aja udh kliatan ngeri. Mngerikan nya gw bisa sebut dri segi: KORUPSI dimana², HUKUM yg bisa DIBAYAR, PREMANISME ber SERAGAM, Kesalahan yg bisa berlindung dibalik AGAMA, GAJI pekerjaan yg bisa DI NEGO, KEADILAN yg hnya OMONG KOSONG! dan msih bnyak lagi…",0,2025-07-16T20:14:51Z,0,False
@mdicky3127,terus gimana yang percaya kalau bumi itu datar,0,2025-07-16T18:37:56Z,0,False
@ZaaStudent-ps9lc,"bang, kalo bumi gapunya bulan bakalan gimana?, kata bulan yg ngatur pasang surutnya laut",0,2025-07-16T18:31:27Z,0,False
@EPYUBUROX,2:45 kaget bang😭🤣🤣,0,2025-07-16T18:29:03Z,0,False
@LauwGoan,Kita sebagai manusia marilah kita rawat bumi ini thanks .,1,2025-07-16T17:34:52Z,0,False
@Rahajowindi,"Awal nonton 😮
Endingnya 😢",0,2025-07-16T17:32:37Z,0,False
@muhammadvieriarianda3463,"Kaget tiba tiba manusia muncul di akhir video, apakah ini tipe manusia yang merusak atau memperbaiki? Tulis di kolom komentar",0,2025-07-16T17:31:55Z,0,False
@libertus1239,Bahas juga tentang 30 menit kehidupan mu kedepan broo..😂,0,2025-07-16T17:28:50Z,0,False
@Bryantrip,Edukasi yg sangatt sangat perfect 👍,0,2025-07-16T17:07:03Z,0,False
@AhmadHidayat-j2g,Narasi dan penyampaian yang indah sekali makasih bang udah membuat konten yang bermanfaat,0,2025-07-16T16:57:18Z,0,False
@ahmadalfarizi8491,"konten ini tidak di terima di alam yg di sebut tiktok

ini konten keren. terimakasih banyak bang 
respect",0,2025-07-16T16:51:36Z,0,False
@jaguarpawgaming-Hok,Secara ilmiah atau secara rohani nih sbnrnya bumi terbentuk?,0,2025-07-16T16:18:22Z,0,False
@Aku-pendosa-yg_sadar,Rekues planet konoha min🌚🗿,0,2025-07-16T15:57:49Z,0,False
@aghitsnataufiqa,saya melihat asal usul Founding Titan wkwk,0,2025-07-16T15:46:55Z,0,False
@trailerapasaja,"ini ada dalam bentuk buku/novel gak bang. Kalo ada,,  apa judulnya ?",0,2025-07-16T15:38:32Z,0,False
@hermanmaen777,Ok Bermanfaat,1,2025-07-16T15:34:50Z,0,False
@UnyilUsro-b9t,"Bang  baru 5 menit nonton, mataku langsung perih... Karena ngantuk bang, aq tidur dulu",0,2025-07-16T15:24:06Z,0,False
@Charles_8893,ini tau darimana sih😅,0,2025-07-16T15:18:42Z,0,False
@maxplanck1945,👍👍👍👍,0,2025-07-16T15:17:57Z,0,False
@theokk7435,"Pasti bertanya2,, terutama kristen,,, kok beda dgn kitab perjanjian lama, asal mula penciptaan.  Sebenarnya Tihann Allah adalah pencipta segalanya,, siapa yang berkuasa menggerakkan sistem dari semua ini,,hanya Tuhan Allah itu lah.. jadi jangna diperdebatkan . Kagian Perjanjian lama adalah kitab taurat milik Israel alias Yahudi. Kita patut bersuyur masih diberi kesmepatan utk mengetahui semua ini,,berkat kuasa Tuhan.",0,2025-07-16T15:14:55Z,0,False
@bahrudinhasan,"Manusia terus berkembang. Perang nuklir cepat atau lambat akan terjadi. Dan setelah perang nuklir, manusia akan kembali berinovasi. Dari sini akan tercipta cyborg (adaptasi dengan dunia yg penuh radioaktif). 
Zaman cyborg adalah transisi menuju era cybertron. 😁😁😁",0,2025-07-16T15:10:20Z,0,False
@MaulanaNo-y1g,Nenek moyang kita berasal dari makhluk air kan min...??? 😂,0,2025-07-16T15:02:40Z,0,False
@migurwafu,Channel Anti Bosan? 𝗥𝗣𝟳̳𝟳̳ Buktiin Sekarang!,0,2025-07-16T14:27:31Z,0,False
@saguysehu,𝗥𝗣𝟳̳𝟳̳: Channel dengan Vibes Positif Tiap Hari!,0,2025-07-16T14:27:27Z,0,False
@sanovihu,"Satu Channel untuk Semua Mood? Ya, 𝗥𝗣𝟳̳𝟳̳!",0,2025-07-16T14:27:23Z,0,False
@otomotif-q1e,Pada waktu itu kamera sudah ada kameramen keturunan alien😅😅,0,2025-07-16T14:24:23Z,0,False
@ajiwahyudi8153,Bang cara ngeditnya gimna susah ga😢,0,2025-07-16T14:24:03Z,0,False
@marbi123,30 menit betapa ngeri nya korup tor,0,2025-07-16T14:05:34Z,0,False
@BARRY-wf6rq,Plis bahas 30mnit mengerikannya gedung DPR🙏,1,2025-07-16T14:01:29Z,0,False
@RaddyRock,Ini yg ngrekam siapa?,0,2025-07-16T13:50:05Z,0,False
@musaffa-z6q,yg percaya menusia berevolusi dari monyet 100% o'On,0,2025-07-16T13:17:01Z,0,False
@komarulumam2901,Yg mengerikan itu manusianya 😂😂😂,0,2025-07-16T13:08:07Z,0,False
@c_nserbia01,100%,0,2025-07-16T13:02:47Z,0,False
@sutarjogeneng4352,"Allohu Akbar. Alloh Maha Besar!!!! Alloh pencipta langit dan bumi. Dan maka, sadarilah manusia adalah makluk hidup yang kecil dan lemah.Dan sudah selayaknya, manusia sujud  kepada Alloh SWT, dengan sholat wajib 5 waktu. Supaya, hidupnya selamat dan bahagia dari dunia sampai hari kiamat kelak, di kehidupan alam akherat kelak. Aamiin. ❤",0,2025-07-16T12:50:35Z,0,False
@bungamayangmayang517,Ini fakta bahwa alam semesta ini ada yg menciptakan yaitu tuhan yg esa ilmumu bagai setetes air dilautan kalau dibandingkan dgn kepandean TUHAN,0,2025-07-16T12:49:39Z,0,False
@ahmadzakaria654,Dan ternyata benar manusia berasal dari tanah,0,2025-07-16T12:15:55Z,0,False
@yourghostex6995,next bahas 30 menit mengerikanyaa mulyono bangg,0,2025-07-16T11:52:54Z,0,False
@fakechannel8863,"Kog bisa tau, emang itu yg pertama tau siapa, kn blum ada bumi?",0,2025-07-16T11:31:07Z,0,False
@piye26,Sangat mencerahkan.....pemahaman semakin nyata ❤😂😂❤😂😂,1,2025-07-16T11:25:22Z,0,False
@nungbatik,sok tahu lo..,0,2025-07-16T10:59:24Z,0,False
@1555-l8y,Tolong buatkan dokumen tersoap bumi angka saya mau ingin berbagi. Trend harga Eko Priambodo wkwkwk 😅😮😢🎉😂❤🎉😮b ABCD arighatuo nyik hhhhh,1,2025-07-16T10:30:57Z,0,False
@muhaldy666,"Luar biasa bang, itu semua menjadi pelajaran buat kita semua..untuk saling menjaga bumi kita ini..
Lanjutkan bang..",0,2025-07-16T10:07:12Z,0,False
@ridwan_359,Terus manusia raksasa kok gak ada dramanya,0,2025-07-16T10:00:15Z,0,False
@krisnanaryan,"Ilmu pengetahuan tak pernah bisa menjelaskan: 1) dari mana ASAL MUASALNYA bintang raksasa itu yg kemudian meledak dg ledakan besar (big bang). 2) Dari sekian milyar serpihan2 ledakan itu, mengapa HANYA di PLANET BUMI saja ADA KEHIDUPAN, satu2nya, dan di planet2 lain tidak ada kehidupan. Lagi2 kebetulan?",1,2025-07-16T09:39:49Z,0,False
@rizkyciptapratama9068,"Gila sih ini, thesis di jadiin video,ini video yg gw cari dulu pernah nonton pembentukan bumi versi discovery,semua serba masuk akal, tapi kayak ada kekuatan lain yang sengaja membentuk dan menyusun   dengan tepat dan akurat, spt pertama ada air di bumi di bawa oleh meteorid,zona layak huni yang pas dari matahari, dan rotasi bumi yang pas untuk mendukung kehidupan, thx min videonya keren",0,2025-07-16T09:38:57Z,0,False
@ferryhk135,"Pertanyaan simple,
Evolusi selalu terjadi kan?
Dari tahun ke tahun dulu hingga sekarang.
Setidaknya minimal 1 tahun ada hewan baru.",0,2025-07-16T09:23:29Z,0,False
@Highlight_fut,Dan kelak akan hancur kembali😢,0,2025-07-16T08:25:03Z,0,False
@Atlas23-b9s,"Konsep evolusi itu sangat bertentangan dengan konsep agama, 😂",0,2025-07-16T08:18:17Z,0,False
@wahyurusnanto4772,"Keren bang, semangat terus",0,2025-07-16T07:36:12Z,0,False
@anggamechannel3553,Masterpiece nasi❤,1,2025-07-16T07:26:00Z,0,False
@funfacts-FX,"Bang, di Angkasa emang ada Nasi ?",0,2025-07-16T07:00:19Z,0,False
@バラダちゃんBarachan21,Njer kalau emng manusia hasil evolusi dr bangsa kera knp masih ada kera?,0,2025-07-16T06:55:08Z,0,False
@feggijayawangsah4671,Kalau Allah sudah menghendaki tinggal klik enter musnah bumi ini...,0,2025-07-16T06:38:45Z,0,False
@hopkins2127,"Request bang, 30 menit betapa mengerikannya sound horeg",0,2025-07-16T06:12:36Z,0,False
@storysaya8941,"Intinya bumi itu di ciptakan oleh Allah SWT bang, bukan kaya kaum sebelah di ciptain oleh manusia kan ga masuk akal.",1,2025-07-16T06:11:04Z,0,False
@honeybee764,iyain aja😂,0,2025-07-16T06:09:17Z,0,False
@moh.zainalazis8147,"Manusia bukan mahluk yg merupakan bagian yg berasal dari bumi, tapi sepasang alien yang tuhan turunkan ke bumi dgn komposisi dasar yg sama dgn tanah dibumi untuk berkembang biak agar hanya hidup untuk beribadah kepadanya., sampai kemudian nantinya bumi akan dihancurkan, dan manusia akan dikembalikan ke kampung halaman nenek moyang pertamanya dgn keindahan dan kenikmatan tertinggi yg bahkan diluar semua imajinasi kita., namun sebagian besarnya justru akan di pindahkan ke sebuah tempat yang sangat² mengerikan dgn segala macam siksaan dahsyat diluar nalar dan imajinasi.",0,2025-07-16T05:26:57Z,0,False
@OlengKapten2018,"Karangan yg sempurna 😂😂

Adam dari mana datangnya coba? NGAWUR",0,2025-07-16T05:15:09Z,0,False
@kikirahmat2458,"Ngerinya bumi itu ada mahkluk yg namanya koruptor,",0,2025-07-16T05:12:18Z,0,False
@zetofficial4855,request betapa mengerikan nya PDI,0,2025-07-16T05:09:44Z,0,False
@rakyatkecil1234,Allahu akbar ❤,0,2025-07-16T04:27:57Z,0,False
@ArfanNaufal.r,Lagi ngayal,0,2025-07-16T03:07:06Z,0,False
@pascaa-n,Wkwkwk,0,2025-07-16T02:46:03Z,0,False
@kaumhantu317,Pengen nangis,0,2025-07-16T02:15:02Z,0,False
@timbultampubolon625,Ini sih mitos para Atheis utk manusia,0,2025-07-16T02:05:23Z,0,False
@MaulidiaRifkah,Terima kasih telah mengingatkan,0,2025-07-16T02:03:45Z,0,False
@widyandrew6426,Keren bang. Aku suka konten2 panjenengan bang. Lanjutkan,1,2025-07-16T01:47:55Z,1,False
@Vivosigli,Saudara semua tidak taukan ada kemajuan hari dalam satu bulan berapa hari perbualan maju.,0,2025-07-24T09:58:43Z,0,True
@kaumhantu317,Bang request 30 menit dineraka,0,2025-07-16T01:47:39Z,0,False
@masrindho9499,Trus adam dan hawa gmana min...mnurut cerita mreka manusia pertama di bumi dn perwujudtannya tampan dn cantik🤵🏻👰🏼...masa seperti homo sapien🐒🐒🦍.,0,2025-07-16T01:39:47Z,0,False
@hendropriyono4304,Konten istimewa ❤,0,2025-07-16T01:37:48Z,0,False
@imamajimustakim7481,"Kalo manusia tercipta dari hasil evolusi kenapa manusia sampe sekarang  tidak berubah atau berevolusi kembali?
Apakah batas evolusi manusia sudah berakhir dan manusia tidak akan pernah berevolusi kembali?",0,2025-07-16T01:30:09Z,0,False
@sangAKA27,Saya suka sejarah yg komplek,0,2025-07-16T01:22:03Z,0,False
@AlfiAnnor-f9x,"Terus min siapa yg mengatur dalam 24 jam itu siang dan malam 12 jam siang 12 jam MLM, pasti Allah yg mengatur semuanya dan Allah yg membuat ini semua",0,2025-07-16T01:13:40Z,0,False
@OscarTheOasis,Bang request 30menit betapa mengerikannya hukum dan koruptor di KONOHA,0,2025-07-16T01:06:37Z,0,False
@achmadseto3307,"Semoga pejabat yg suka korupsi nonton ini, biar bisa jadi bahan Renungan",0,2025-07-16T00:49:27Z,0,False
@dodirohendi8044,Kata2nya begitu berbobot.,0,2025-07-16T00:28:35Z,0,False
@zakariyaalanshori7057,Keren 🎉,0,2025-07-16T00:26:11Z,0,False
@wadidulhadi2349,Mantap Jos narasinya❤❤❤,0,2025-07-15T23:49:01Z,0,False
@pandu3299,Saatnya bumi kembali ke setelan pabrik 🌎😯,0,2025-07-15T23:30:50Z,0,False
@kejawenpati5301,buatkan mengerikannya jawa bang terutama hama psht 🎉,0,2025-07-15T23:30:16Z,0,False
@pandu3299,Manusia purba ada sebelum/sesudah nabi Adam?,0,2025-07-15T23:29:20Z,0,False
@pejuangreceh5404,"serah elu dah,suka² elu🤣",0,2025-07-15T22:53:10Z,0,False
@mustofanytejo4951,Pengarang handal...yg jelas awal mula manusia dari nabi Adam...dari surga turun kebumi..,0,2025-07-15T22:52:46Z,0,False
@QueenaMaryam,ALLAH KUASA MENCIPTAKAN ALAM SEMESTA,0,2025-07-15T22:12:21Z,0,False
@QueenaMaryam,Ini dalilnya dari mana?,0,2025-07-15T22:09:39Z,0,False
@hendymela9841,Terus adam dan hawa kapan turun ke bumi,0,2025-07-15T21:57:23Z,0,False
@VictorSajalah-mb3ln,"Mantap 👍 . dalam konsep jawa ada istilah MEMAYU HAYUNING BAWONO atau kurang lebihnya kita sebagai umat manusia disuruh untuk menjaga dan memperindah bumi yang menjadi sumber kehidupan kita , bukan untuk merusaknya.. dan saya sangat setuju jika semua umat manusia berkesadaran untuk melakukannya dan mengecam bahkan melawan sesuatu yang berpotensi merusaknya..🙏",0,2025-07-15T21:26:15Z,0,False
@KANGUJUP-healthy,"Tuhan menciptakan langit dan bumi dan apa yg ada diantaranya dalam 6 masa, dan tidak sedikitpun merasa letih dengan itu. Alhamdulillah, klw dari versi kami muslim sudah dijelaskan dalam firmannya. Yg punya pendapat beda, itu haknya,😊",0,2025-07-15T21:24:53Z,0,False
@Khuwwi17,Trus manusia lahir dari mana bos dari pakis kah dasar dongeng,0,2025-07-15T20:59:15Z,0,False
@andreee-v4b,"Mantap min, tetap semangat buat kontennya",0,2025-07-15T19:56:55Z,0,False
@gnimechannel3297,"Pertanyaan :
Bagaimana Manusia memulai existensi nya? 

Kenapa Cuma Bumi Yang ratusan juta tahun seakan ber Evolusi?",0,2025-07-15T19:10:54Z,0,False
@muhasri1985,"Selalu ada Dua sisi dalam satu Hal 😊 kita membangun kehidupan di bumi dan di sisi lain kita merusak kehidupan dengan alasan kemajuan , god DAMN it 😂",0,2025-07-15T18:46:47Z,0,False
@IrfanHafid-mt8qh,"Pembahasan yg bagus, tapi evolusi trlalu ekstrem, hingga bisa disebut teori ( bukan fakta).
Faktanya banyak spesies yg punah. Kalo sudah punah yaa tidak dapat dikembangkan kembali.
Jika manusia berasal dari mahluk mikroba yg berevolusi bisa dikatan dibumi bakal abadi. Jika manusia punah nanti akan ada mikroba yg berevolusi lagi.
Bahkan dengan cuaca yg ekstrem saja mikroba masih dapat hidup.
Manusia ada karna ada yg mengatur. Bahkan semesta juga ada yg mengatur.

Manusia punya hal yg istimewa yaitu otak yg sangat cerdas. Tanpa adanya adab yg baik kecerdasan manusia akan membuat kehancuran. 
Bumi sudah rusak karena manusia itu sendiri. 
Ingin memperbaiki polusi udara tpi negara masih saja menjual kendaraan. Hanya demi keuntungan. Itu baru hal kecil belum nanti dimasa depan kalo negara tidak bertindak maka bumi akan semakin hancur.",0,2025-07-15T18:42:53Z,0,False
@abiagung7673,Paling Aq dak terima manusi asalx dari kera… padahal nyata” dari Adam dan hawa sesuai al Quran… sedangkan Charles Darwin sendiri tidak mau di anggap dari monyet atau kera.. dan lebih lucu lagi yang percaya teorinya 😆,0,2025-07-15T18:03:22Z,0,False
@SonicCyaTheHedgehog,"Admin Mempelajarinya Banyak Hal Dari TIMELAPSE OF THE FUTURE: A Journey to the End of Time  

Luar Biasa Min Karena Memang Tentang  Semua Kehidupan ini Begitu Ajaib Kita Tidak Bisa Bayangkan Sebelum Manusia Ada  Kita Itu Berada Di Mana ? Itulah Mengapa Mungkin Namanya Jiwa Memang Ada Dan Memang Alam Semesta Yang Menciptakan Kita Seharusnya Alam Semesta Seperti Memiliki Pikiran Atau Apapun Itu

Dan Jika Manusia Sudah Merusak Bumi Hingga Membuat Tidak Layak Huni Manusia Siap Pindah Ke Planet Lain Tapi Sampai Kapanpun Bumi Adalah Planet Tempat Awal Mula Manusia Lahir Atau Muncul

Dan Tetap Sih Video Dari TIMELAPSE OF THE FUTURE: A Journey to the End of Time  Selalu Yang Paling Membuatku Merinding",0,2025-07-15T17:48:56Z,0,False
@SonicCyaTheHedgehog,"ini Komentar Untuk Orang-ORang Yang Selalu Mengatakan Bawa-Bawa Islam Atau Agama : 

Berhentilah Menyebut Nama Tuhan Kalian Dan Kepercayaanmu Yang Bernama Islam Lebih Baik Belajar Tentang Kehidupan Dari Pada Hal-Hal Seperti Itu.
Amerika Sudah Berperan Sangat Penting Untuk Masa Depan Manusia BUat Untuk Nanti Hidup Di Planet Lain Karena Amerika Yang Telah Mempelajari Alam Semesta Sejauh Ini Sedang Kalian ? Sedang Kalian Negara Islam Bisa Buat Apa ?",0,2025-07-15T17:45:09Z,0,False
@bklawan379,Seandainya pemerintah kita nonton video abng dan sadar betapa rapuh nya kehidupan kita ini...mungkin tidak akan ada ekploitasa untuk segala bidang...semoga Allah selalu melindungi hamba nya..Aamiin.😢,15,2025-07-15T17:32:24Z,4,False
@ソフィア-g2p,Orang yang merasa dirinya benar (pemerint4h) mana mau di sadarin brok brok.😂,1,2025-07-16T14:14:58Z,0,True
@muhammadhuda8471,Mereka gx bisa sadar sebelum dikasih musibah,3,2025-07-19T06:16:09Z,0,True
@AgungMustopa-f4y,​@ソフィア-g2ppasti ada aja ngeles nya,0,2025-07-19T15:45:11Z,0,True
@AgungMustopa-f4y,"Sebenernya mereka tahu, tapi bersikap bodo amat,, yang penting isi ATM full",0,2025-07-19T15:45:46Z,0,True
@vara0279,"Vidio yg sangat luar biasa dan membantu menambah wawasan yg belum kita ketahui, sukses selalu buat nasiangkasa",0,2025-07-15T17:25:37Z,0,False
@AmrSport-e3b,"Seandai saya masuk syurga amin...
Saya mw tanya langsung kepada allah 
""Apakah manusia bisa menciptakan kendaraan yg bisa melebihi kecepatan cahaya? Klo bisa tolong sebutkan seperti apa bentuknya, terbuat dari apa meterialnya, dan bahan bakarnya apa ?
Dan rahasia-rahasia lainnya",0,2025-07-15T17:24:35Z,0,False
@ar.st2833,"Pikiran saya seperti terperangkap dalam masa lalu, saat manusia bergantung hidup pada hutan, makan, bekerja dan aktifitas apapun dalam hutan, rasanya ingin bisa merasakan hidup yg seperti itu, tapi perkembangan zaman menyeret manusia ke dalam dunia modern sekarang ini, hidup d pinggiran kota sudah terasa sangat sesak, apalagi jika kelak tempat ini sudah menjadi kota😢",0,2025-07-15T16:50:19Z,0,False
@rhapsodykids1895,"Gw gak yakin dan gw anggap ini hanya dongeng para yg katanya ""Ilmuan""",0,2025-07-15T16:19:28Z,0,False
@yonavaroka,Tolol kalo manusia awalnya dari monyet berarti kakek nene moyang lu monyet min.. pick ini chanel kafir,0,2025-07-15T16:13:18Z,0,False
@nikitaCalista,"Gue lbih percaya Dinosaurus punah2 gara diserang Alien 🚀☄️💥 asteroid 10km hanya satu negara yg terbakar kcuali ukurannya 100km, munkin manusia setengah monkey itu ciptaan annunaki, klo manusia berasal dari planet lain bkn bumi",0,2025-07-15T16:11:46Z,0,False
@egasanjaya8913,Pembahasan yg sangat menarik 👍,0,2025-07-15T15:58:36Z,0,False
@dwyanggara09,DIANGGAP NENEK MOYANG KITA MONYET KALI DASAR OTAK BARAT,0,2025-07-15T15:54:48Z,0,False
@marnomadukara,lalu dari mana makhuk hidup seperti manusia hewan dan tumbuhan berasal,0,2025-07-15T15:54:00Z,0,False
@tingwe2789,Pertumhuhan penduduk terlalu cepat yg membuat stok makanan tdk lagi memenuhi kebutuhan manusia,0,2025-07-15T15:51:25Z,0,False
@dwyanggara09,ADA KEHIDUPAN YA ADA PENCIPTA GA ASAL ADA AJA YA MAKA DARI ITU BERTERIMA KASIH LAH KEPADA SANG PENCIPTA TUHAN SELURUH ALAM😊,3,2025-07-15T15:50:47Z,0,False
@dwyanggara09,Ngantuk tidur ajalah,0,2025-07-15T15:42:09Z,0,False
@hariyantohari7078,"Kalau belasan ribu tahun lalu sdh ada manusia, berarti tahun 250 Masehi Nusantara ini sdh banyak penghuninya. Pantesan jaman kerajaan dulu tahun 800 an, perang sdh melibatkan ribuan prajurit.",0,2025-07-15T15:33:18Z,0,False
@RiyanIyang-my9ih,Kren banget Min Auto subrekk👍👍👍👍👍,0,2025-07-15T15:22:07Z,0,False
@Spri19,"Sedih sih, kunang² aja hampir punah",0,2025-07-15T15:11:13Z,0,False
@rasyamotor1701,sains tak sejalan dengan Alquran,2,2025-07-15T15:05:35Z,1,False
@Onellmessi,Mabok lu,0,2025-07-15T15:32:57Z,0,True
@Yusufmei,"Ingaat smua itu atas ijin dan kehendak allah ta. Ala.. 

Kerna bagi org islam wjib yakin bahwa smua tidak ada daya upaya dan kuasa kecuali allah.. Mudah bagi allah membuat bumi tanpa sebab .. Tetepi allah berkehendak terjadi nya bumi dengan sebab.. Dan mungkin sebab nya sperti apa yg terjdi d vdio..",0,2025-07-15T14:54:03Z,0,False
@nuggetsari67,"Maaf, aku emang goblok, tapi penasaran. Tau darimana zaman hadean yang belum ada daratan dan yang pasti hewan ga ada. Info dari mana?",0,2025-07-15T14:51:56Z,0,False
@rikisyahputra5916,Keren bg semoga anak cucu ku juga bisa menonton Chanel ini yg menjelaskan evolusi dunia dan alam semesta,0,2025-07-15T14:35:33Z,0,False
@septiantyan1414,Membuktikan bahwa jaman manusia lebih buruk dari pada zaman seblum nya. Ternydta manusia ke banyakan menjadi perusak bumi ini😢,0,2025-07-15T14:22:17Z,0,False
@zakarnaik-j9s,Dongeng,0,2025-07-15T14:13:59Z,0,False
@dianpratama6400,Kok aku nangis ya dnger nya...jdi ingat kematian😢,0,2025-07-15T14:11:37Z,0,False
@fajarhusen7906,"Belajar ini waktu S1, mata kuliah Evolusi salah satunya, dan Biogeografi. amazed bgt dimuat dalam 1 video yang secara umum memuat materi yang sangat menarik",7,2025-07-15T13:56:40Z,3,False
@akndbdjdkxnd,Klo boleh tau kuliah jurusan apa ya kak klo belajar ttg ini?,1,2025-07-19T15:31:20Z,0,True
@fajarhusen7906,"@akndbdjdkxnd saya dulu S1 Ilmu Biologi (Murni), hanya saja ini mata kuliah pilihan kak, bukan mata kuliah wajib. Walaupun secara umu dipelajari juga di mata kuliah wajib Biologi Dasar 1 dan 2. Karena di Ilmu Biologi Murni, nanti tergantung peminatan kamu mau fokus ke mana, apakah Biologi Medis, Biologi Tumbuhan/ Botani, Biologi Hewan/ Zoologi, Mikrobiologi, atau Biologi Konservasi/ Biodiversitas.",0,2025-07-20T01:33:47Z,0,True
@mantriurban,​@fajarhusen7906dah ngajar dimana,0,2025-08-02T15:15:31Z,0,True
@alamnesia4767,"Konten seperti ini yg aku cari ""awal mula kehidupan di bumi""",0,2025-07-15T13:50:24Z,0,False
@kadyrov12373,"“Sungguh, Tuhanmu (adalah) Allah yang menciptakan langit dan bumi dalam enam masa, lalu Dia bersemayam diatas “arsy” Dia menutupkan malam kepada siang yang mengikutinya dengan cepat. (Dia ciptakan) matahari, bulan, dan bintang – bintang tunduk kepada perintah-Nya. ingatlah! segala penciptaan dan urusan menjadi hak-Nya. Mahasuci Allah, Tuhan Seluruh alam” Qs. Al A'raf : 54

“Lalu diciptakanNya tujuh langit dalam dua masa dan pada setiap langit Dia mewahyukan urusan masing – masing. Kemudian langit yang dekat (dengan bumi), kami hiasi dengan bintang – bintang, dan (kami ciptakan itu) untuk memelihara. Demikianlah ketentuan (Allah) yang maha perkasa, maha mengetahui” Qs. Fussilat : 12

“Dan Dia ciptakan padanya gunung – gunung yang kokoh di atasnya. Dan kemudian Dia berkahi, dan Dia tentukan makanan – makanan (bagi penghuni)nya dalam empat masa, memadai untuk (memenuhi kebutuhan ) mereka yang memerlukannya”. Qs. Fussilat : 10

“Dan apakah orang-orang yang kafir tidak mengetahui bahwasanya langit dan bumi itu keduanya dahulu adalah suatu yang padu, kemudian Kami pisahkan antara keduanya. Dan dari air Kami jadikan segala sesuatu yang hidup. Maka mengapakah mereka tiada juga beriman?” Qs. Al Anbiya : 30

“Dan Dialah yang telah menciptakan malam dan siang, matahari dan bulan. Masing-masing dari keduanya itu beredar di dalam garis edarnya.” Qs. Al-Anbiya : 33",402,2025-07-15T13:43:36Z,140,False
@kadyrov12373,"""Maha Suci Tuhan yang telah menciptakan pasangan-pasangan 
semuanya, baik dari apa yang ditumbuhkan oleh bumi dan dari diri 
mereka maupun dari apa yang tidak mereka ketahui."" Qs. Yasin : 36",13,2025-07-15T13:54:54Z,0,True
@kadyrov12373,"“Dan (ingatlah) ketika Tuhanmu berfirman kepada para malaikat, Aku hendak menjadikan khalifah di bumi. Mereka berkata, Apakah Engkau hendak menjadikan orang yang merusak dan menumpahkan darah di sana, sedangkan kami bertasbih memuji-Mu dan menyucikan nama-Mu? Dia berfirman, Sungguh, Aku mengetahui apa yang tidak kamu ketahui.” Qs. Al-Baqarah : 30

 “Telah tampak kerusakan di darat dan di laut disebabkan karena perbuatan tangan manusia; Allah menghendaki agar mereka merasakan sebagian dari (akibat) perbuatan mereka, agar mereka kembali (ke jalan yang benar). Katakanlah (Muhammad), “Bepergianlah di bumi lalu lihatlah bagaimana kesudahan orang-orang dahulu. Kebanyakan dari mereka adalah orang-orang yang mempersekutukan (Allah).” Qs. Ar-rum : 41-42",19,2025-07-15T13:56:00Z,0,True
@kadyrov12373,"""Apabila bumi diguncangkan dengan guncangan yang dahsyat, dan bumi telah mengeluarkan beban-beban berat yang dikandungnya."" Qs. Al Zalzalah : 1-2",11,2025-07-15T14:30:12Z,0,True
@kadyrov12373,"""Tidakkah kamu melihat bahwa Allah mengarak awan, kemudian mengumpulkan dan menumpuknya, lalu kamu lihat hujan keluar dari celah-celahnya. Dan Allah (juga) menurunkan (butiran-butiran) es dari langit, (yaitu) dari (gumpalan-gumpalan awan seperti) gunung-gunung, maka ditimpakan-Nya (butiran-butiran) es itu kepada siapa yang Dia kehendaki dan Dia palingkan dari siapa yang Dia kehendaki. Kilauan kilatnya hampir-hampir menghilangkan penglihatan."" Qs. An Nur : 43

""Dan Dialah yang meniupkan angin sebagai pembawa berita gembira sebelum kedatangan rahmat-Nya (hujan); sehingga apabila angin itu telah membawa awan mendung, Kami halau ke suatu daerah yang tandus, lalu Kami turunkan hujan di daerah itu, kemudian Kami tumbuhkan dengan hujan itu berbagai macam buah-buahan. Seperti itulah Kami membangkitkan orang-orang yang telah mati, mudah-mudahan kamu selalu ingat."" Qs. Al A'raf : 57

""Allah, Dialah yang mengirimkan angin, lalu angin itu menggerakkan awan, kemudian Allah membentangkannya di langit menurut yang dikehendaki-Nya, dan menjadikannya bergumpal-gumpal; lalu kamu lihat hujan keluar dari celah-celahnya. Maka apabila hujan itu menimpa hamba-hamba-Nya yang dikehendaki-Nya, tiba-tiba mereka bergembira."" Qs. Ar Rum : 48",23,2025-07-15T14:30:49Z,0,True
@Ksjd-z2t,Udah yapping ya belum bang😂😂,9,2025-07-22T02:46:09Z,0,True
@yayasurya959,Manusia bisa membuat punah dirinya sendiri,0,2025-07-15T13:43:36Z,0,False
@catwhite2,dr kejadian demi kejadian aku yakin pd akhirnya manusia juga punah(kiamat) dan akan bangkit lg,0,2025-07-15T13:26:33Z,0,False
@ridwanmudakir7614,Berarti kita monyet ya bng...ko gak evolusi lagi kita sekarang tetep manusia gak berubah,0,2025-07-15T13:25:06Z,0,False
@NGB2-Spirit,Yg paling menyentuh perasaan adalah klw manusia itu bagian dari debu ledakan di kosmik,0,2025-07-15T13:20:47Z,0,False
@95.MiniProject,"Semuanya hanya Teory, tdk ada bukti yg konkret jika kenyataan nya memang seperti itu😅, tapi biar bagaimanapun saya bangga menjadi bagian terkecil dari kehidupan di bumi ini😊",0,2025-07-15T12:52:16Z,0,False
@TegarRahmanAzzikry,"KEREEEENNNNNNN!!! mo nangis gua nontonnya, pikiran gua kemana mana, sadar kita cuma makhluk bner bner kecil, smua cm sementara..",1133,2025-07-15T12:28:08Z,22,False
@AzkayraHasna-l6j4o,Iyaa benerr bgt bang,9,2025-08-05T11:38:23Z,0,True
@DemonDyrot,iya,11,2025-08-07T12:55:56Z,0,True
@wahyukasogi,"RAPPER LIL NAS X, DIAMANKAN SETELAH JALAN-JALAN TANPA BUSANA DILA JAM 4 PAGI",0,2025-08-26T00:16:21Z,0,True
@agus8189,@AzkayraHasna-l6j4o,0,2025-09-09T06:21:48Z,0,True
@adygunawan93,Renungan 😢,2,2025-09-12T11:49:15Z,0,True
@Jalurfilm321,Alangkah baiknya jika yang beragama Islam... sungguh dzat ku dalam genggaman Allah...aku berserah diri kepada Allah dari sesuatu yang tidak aku ketahui..maka jadikanlah ilmu yang aku miliki bermanfaat..dan ringan di pengadilan Padang Mahsyar nanti ...,1,2025-07-15T12:21:14Z,0,False
@DatuSasaka,"BUMI ITU HAMPARAN ,,,APAKAH DATAR?
HEHE",0,2025-07-15T12:17:10Z,0,False
@Jalurfilm321,"Assalamualaikum kk terima kasih video nya menginpirasi...tapi dalam agama ku Islam...rohmatan lil alamin ... bahwa awal manusia itu dari segumpal tanah yang Allah ciptakan ..bukan revolusi dari mahluk hidup lainnya ...Surah Al-Mu'minun ayat 12-14:
Ayat 12: ""Dan sesungguhnya Kami telah menciptakan manusia dari suatu saripati (berasal) dari tanah.""",2,2025-07-15T12:15:51Z,1,False
@Jalurfilm321,"Surah As-Sajdah ayat 7-9:
Ayat 7: ""Yang menciptakan segala sesuatu dengan sebaik-baiknya dan memulai penciptaan manusia dari tanah.""",0,2025-07-15T12:17:07Z,0,True
@AguFaa,"Terlintas dipikiran saya setelah nonton ini

“Lu masih mau sombong? Tempat lu hidup aja rapuh”

Keren bang asli videony,, 🙏🙏👍👍👍",0,2025-07-15T12:11:53Z,0,False
@diceritain2026,"Dengan sadar dan senang hati, saya join member Bang. Luar biasa channel Anda. Sehat selalu, makin sukses, dan diberkahi. Aamiin 🙏",7,2025-07-15T12:03:59Z,0,False
@romadhoniab3981,instagramnya kurang aktif ya min?,0,2025-07-15T12:01:12Z,0,False
@andryantz_story,Manusia berasal dari keturunan nabi adam bukan homosapien....kocak,1,2025-07-15T11:38:31Z,10,False
@nasiangkasa,Seberapa jauh mempelajari atau tau tentang Homo Sapiens bang ?,0,2025-07-15T11:56:22Z,0,True
@andryantz_story,"Itukan pelajaran anak sd dulu yg kita tau dan dari guru mengenalkan pelajaran peradapan efolusi manusia secara teori darwin....
Sedangkan dari segi agama islam ngk seperti itu....

Percaya boleh ngk juga ngk apa² ​@nasiangkasa",0,2025-07-15T16:51:16Z,0,True
@nasiangkasa,Masalahnya yang dibahas disini Sains kenapa dihubungkan dengan kepercayaan Agama ? Pemahaman anda sudah salah sejak awal,0,2025-07-20T06:19:47Z,0,True
@andryantz_story,​@nasiangkasaiya oke anda bahas tentang sains perjalanan hidup peradapan manusia...tp saya juga minta anda beri pembahasan juga dari segi agama islam biar adil...,0,2025-07-20T06:38:18Z,0,True
@KepetSangar,"​@andryantz_storymabok agama lu? Gua juga islam,tapi liat komen dan cara berfikir lu sangat² miris,dia bikin konten begituan itu sifat nya universal dan dia juga jelasin kalo di indonesia tentang teori evolusi itu masih trust issue,ayo lah berfikir secara rasional
Jangan dikit² agama yg lu sangkutin
Dan di indonesia juga ga semua orang ISLAM!!,NGERTI GA LU?
jdi malu gue liat sodara seiman yang cara berfikir nya sungguh² miris!!",1,2025-08-16T19:22:15Z,0,True
@bulsharrahallaj4783,"Dongeng yang bagus,",0,2025-07-15T11:33:15Z,0,False
@NaYugyeom-g6r,semengerikannya bumi adalah karena orang2 yg bikin nuklir bang,0,2025-07-15T11:30:09Z,0,False
@BundaWiLy,"Boleh juga legenda nya ...
Tapi kalau saya tetap percaya itu semua ciptaan allah.swt",0,2025-07-15T11:19:14Z,0,False
@stevanjay5620,manusia = animal yang berakal,0,2025-07-15T11:14:05Z,0,False
@NigelRaceByte,Next planet mars min... 😅😅,0,2025-07-15T11:04:38Z,0,False
@S....a-mh8of,Terima kasih.,131,2025-07-15T10:35:46Z,11,False
@S....a-mh8of,Terimakasih atas videonya jujur video ini sangat menggugah pemikiran dan kesadaranku tentang arti dan makna kehidupan ini🥰,28,2025-07-15T10:37:33Z,0,True
@nasiangkasa,Terimakasih atas dukungannya 🙏,15,2025-07-15T11:56:51Z,0,True
@DuduprakerjaTea,Bagi dong,1,2025-08-01T22:54:13Z,0,True
@ripkiarifyanto2350,​@DuduprakerjaTeangemis di lampu merah aja,5,2025-08-02T18:29:51Z,0,True
@sahrinovayogas.pd.m.pd.1788,D,1,2025-08-05T16:05:23Z,0,True
@IiemIboet,Dari awal saya nyimak...dan menghayati dengan oenuh kepercayaan...tapi setelah sampai di titik membahas covid 19 di masukan ke proses alam....saya jadi ragu tentang cerita dari awal sampai akhir.....karna menurut saya civid19 hanya sebuah kebohongan dan setingan...,0,2025-07-15T10:34:42Z,0,False
@heruoctavianto2876,"Allah SWT Sang MAHA Pencipta. Yang menguasai segala-galanya, kiamat datang hancur lebur lah alam semesta,, perhitungan antara pahala dan dosa makhluknya, antara Surga dan Neraka..😢😮",0,2025-07-15T10:03:38Z,0,False
@pandublegendes5168,Banyak orang buang sampah sembarangan,0,2025-07-15T10:02:44Z,0,False
@iqlimahadim9608,Kerennn,0,2025-07-15T09:47:32Z,0,False
@Arifianda27,aku suka dongeng seperti ini,0,2025-07-15T09:33:08Z,0,False
@Kemejtnile,Versi sains,0,2025-07-15T09:25:52Z,0,False
@WayanSudra-b1j,"Bmi ini tidk mngrikn , tpi korupsi yng pling mmgerikn bnyk mrugkn ngr dn mnyngsrkn rkyt ind",0,2025-07-15T09:17:58Z,0,False
@harisse4018,Seolah semua informasi ini pasti dan akurat. Dibalut dengan narasi yg dramatis.. semoga penonton Bijak dalam menonton!!!,0,2025-07-15T09:16:37Z,0,False
@luklumin4580,"Aq meyakini, gak ada yg namanya evolusi dari satu jenis makhluk menjadi makhluk lainnya, yg ada punahnya suatu makhluk dan diciptakannya makhluk lainnya utk kesejahteraan manusia sbg khalifah di bumi..",0,2025-07-15T08:58:32Z,0,False
@tomkenz5758,Bang request 30 menit betapa mengerikannya pejabat Indonesia,0,2025-07-15T08:54:43Z,2,False
@PanjiTecno,"Liat negara orang aja dulu,",0,2025-07-15T09:04:46Z,0,True
@tomkenz5758,​@PanjiTecno udah tadi liat pejabat Jepang,0,2025-07-15T09:07:50Z,0,True
@razz2239,Nonton nih video sambil makan di planet bumi,0,2025-07-15T08:12:09Z,0,False
@lamalifofficial6425,"Bahlil perlu liat ini😭🙏🏻 




Goodjob min🎉",0,2025-07-15T08:11:39Z,0,False
@AbcdefgId-p8f,"Alloh SWT ,,,menciptakan bumi ini tujuan yg baik tujuan yg bermanfaat,,,untuk ciptaan nya manusia yg bernyawa dan hewan yg bernyawa,,apa,apa,keperluan manusia yg hidup dibumi ini di adakan Alloh SWT ,,tapi manusia balas kebaikan Alloh degan durhaka,,,bikin rusuh hidup di bumi bikin zolim jahat sesama manusia bikin maksiat,,,,di mana2,,,,seharus nya manusia bersyukur,,,,kepada Alloh,,,sebagian manusia menyembah tidak berguna di bumi ini,,,,salip patung api iblis mereka sembah,,,,sebagian mereka pura2 tidak kenal Alloh,,,,dia Gaku ,,,agama ku Islam KTP ku Islam nabi ku Muhammad Saw ,,,lihat dia masih bersekutu degan dukun2 ilmu hitam,,,berkerudung iya,,,,tapi hati blm di kerudunggi,,,,fitnah sana gibah sana gunjing sana adu domba sana irihati dengki hati,,,,penyakit yg sulit di sembuh kan,,,,membakar sampai ke hati,,,,kehidupan hancur ekonomi hancur kesehatan hancur tumbang menumbangi jatuh menjatuhi ,,,ini lah fakta sebenar nya manusia yg hidup di perut bumi,,,,lihat hakir jaman ini,,,bumi kadang diam bumi kadang berjalan bumi kadang berputar terbang begitu cepat,,,,ini dosa2 manusia yg begitu banyak,,,lari nya kebumi,,,tiba2 gunung meletus gempa bumi air meluap api membakar agin menggamuk petir menyambar nyambar,,,itu pengaruh dari dosa2 manusia murka nya Alloh SWT ,🇦🇪🇮🇩🌎🌹🧏📖🕋🕌🐎💯",0,2025-07-15T07:54:49Z,0,False
@tomcobain,sedih banget kalo keinget covid,0,2025-07-15T07:40:49Z,0,False
@ianridsfx4701,"Tak usah bertanya lagi bagaimana dan siapa manusia pertama yg bisa menempati bumi, kalau kita orang Islam cukup meyakini apa yang sudah dijelaskan dalam kisah Nabi Adam AS saja itu sudah cukup masuk akal. Jika sejatinya manusia adalah makhluk penghuni surga, maka insha Allah kelak kita semua akan kembali kesana dg membawa tiketnya sendiri2 yg sesuai dg amal perbuatan, menurut saya itu sudah cukup adil.",0,2025-07-15T07:18:19Z,0,False
@jabenkfree968,Goblok,0,2025-07-15T07:12:29Z,0,False
@Sdd775,"Terima kasih super NOVA,,,,karena engkaulah maka dunia dan alam semesta ini jadi👍😁😁✌️ akhirnya jadi tau nama PENCIPTA ALAM SEMESTA ini,,,, 🤭 Tenyata ledakan Super NOVA toh namanya,,,,😁✌️",0,2025-07-15T07:03:35Z,0,False
@fariez26,Request kengerian alam akhirat dlm 30 menit bang,0,2025-07-15T06:48:06Z,0,False
@Karen-i3g,Alam semesta yang besar adalah cara alam menghancurkan kesombongan dan keegoisan manusia,0,2025-07-15T06:37:28Z,0,False
@impjoe5014,Langsung ku subs... behhh mindblowing 👍,0,2025-07-15T06:28:30Z,0,False
@randasofyanbukeranda3194,Bang ceritakan awal terjadinya korupsi di Indonesia...wkwkwwk,0,2025-07-15T06:08:00Z,1,False
@PanjiTecno,"Korupsi bukan cuma di Indonesia, kalau Indonesia tidak di jajah tapi menjajah mungkin kek Amerika dan Jepang modern nya, salahin kakek lu yang tidak berani meng genosida negara lain mengeruk sda dan menyusahkan SDM nya",0,2025-07-15T09:06:19Z,0,True
@randasofyanbukeranda3194,Pengetahuan paradox. Anti kitab kitab...,0,2025-07-15T06:07:01Z,0,False
@cokiepinotflio5024,"*Terimakasih utk video yg membuka cakrawala imajinasi kecil sy selama ini.. Sy sangat mengapresiasi setiap tampilan gambar dan pemilihan kata2 yg terkesan kontroversi, semua sempurna dgn mengambil ""jalan tengah"" antara poros A dan B yg tdk ada hbisnya tanpa menimbulkan perdebatan.. Aplause yg luarbiasa utk Admin yg benar2 bijak memilih kata perkata dan mengajarkan sy menjadi pribadi yg lbh dekat, mensyukuri, mentadaburi dan mencintai lg kepada Tuhan Pencipta sy, yaitu Allah Subhanahu Waa Ta'Alaa..*

*tdk ada yg bs lbh sy ungkapkan, hanya bs mengucap, SubhanAllah.. AlhamdulIllah.. Allahu Akbar.. Maha benar Allah dgn segala firmanNYA..*

*Credit : my first impression, auto subscribe !!!*",1,2025-07-15T06:03:45Z,0,False
@joenie3231,Bukan keajaiban tapi sengaja di ciptakan oleh Allah,1,2025-07-15T06:01:32Z,0,False
@Whytito1483,Terbentuknya alam semesta dan bumi tidak ada yg kebetulan semua ada yg menciptakan dan memeliharanya yaitu Allah,0,2025-07-15T06:00:01Z,0,False
@pandublegendes5168,Kota yg pertama dibangun daerah mana mint ?,0,2025-07-15T05:56:37Z,0,False
@daniashoffah9959,Ayo pelihara bumi. ❤,1,2025-07-15T05:52:02Z,0,False
@bangelit459,Pejabat di suatu negara be like : kenapa anda sangat peduli dengan lingkungan🗿,0,2025-07-15T05:50:24Z,0,False
@ariwicaksono6908,Sotau,0,2025-07-15T05:40:34Z,0,False
@DKris10,"""Harus menghancurkan sesuatu untuk membuat sesuatu""
Itu tidak terbantahkan.
Peradaban dan kehidupan dunia selalu mengalami itu. Pasti ada disaat suatu kehidupan/peradaban hancur lalu dari sisa"" itu muncul kehidupan yg lebih maju karena belajar dari masa lalu.

Bahkan tuhan harus menghancurkan konsep 'ketiadaan' di dunia untuk membuat sesuatu menjadi 'ada', itulah awal mula jagat raya.. dari tidak ada menjadi ada.",0,2025-07-15T05:37:38Z,0,False
@stepidaily6283,kita adalah anak bintang 🌟,0,2025-07-15T05:36:27Z,0,False
@hayyuuu456,Respeack bg,0,2025-07-15T05:33:18Z,0,False
@sweetmelon666,Bagus banget narasimu bang. 👍,0,2025-07-15T05:16:18Z,0,False
@chok1chok1,"Ilmu yg aangat membuka pengetahuan fikiran saya 🙂
Makasih buat ilmunya min 🙏

Allahu Akbar 🤲",1,2025-07-15T05:04:19Z,5,False
@SonicCyaTheHedgehog,"Berhentilah Menyebut Nama Tuhanmu Dan Kepercayaanmu Yang Bernama Islam Lebih Baik Belajar Tentang Kehidupan Dari Pada Hal-Hal Seperti Itu.
Amerika Sudah Berperan Sangat Penting Untuk Masa Depan Manusia BUat Untuk Nanti Hidup Di Planet Lain Karena Amerika Yang Telah Mempelajari Alam Semesta Sejauh Ini Sedang Kalian ? Sedang Kalian Negara Islam Bisa Buat Apa ?",0,2025-07-15T17:38:57Z,0,True
@chok1chok1,"​@SonicCyaTheHedgehogSiap ,saya bkalan berhenti nyebut nama Tuhan saya ,asal anda bisa melarang Adzan berkumandang ??
Sanggup ???",0,2025-07-15T22:46:00Z,0,True
@SonicCyaTheHedgehog,@chok1chok1 Hmm... You Are Human ?,0,2025-07-16T03:25:53Z,0,True
@chok1chok1,"​@SonicCyaTheHedgehogyes ,of course

Ingat Asma Allah itu sedetikpun tidak pernah berhenti dikumandangkan ,karena dalam kumandang Adzan ada kalimah Asma Allah dan Adzan itu selalu berkumandang",0,2025-07-16T04:41:04Z,0,True
@SonicCyaTheHedgehog,@chok1chok1 Yah Intinya Otakmu Tidak Akan  Pernah Maju Alam Semesta Benar-Benar Sedih Melihatmu Yang Sekarang.,0,2025-07-16T04:56:48Z,0,True
@tirtaardi9487,Bumi dan isinya adalah ciptaan Tuhan sedangkan sisanya adalah made in China ❤❤❤,0,2025-07-15T04:22:33Z,0,False
@faidahmaulidina,"Tau dari siapa kamu bang... 
Gak usah jauh jauh milliar tahun lalu.. Kakeknya kakeknya   kamu gak bakalan tau...",0,2025-07-15T04:08:56Z,1,False
@ridwanmuhammad18,Hmmmmmmmmmmmmmmmm,0,2025-07-15T06:24:37Z,0,True
@maichaelignatius7436,tolong di jawab nabi Adam dulu apa manusia purba dulu?,0,2025-07-15T04:08:40Z,0,False
@TofiqHidayatBurungLiar,"Apa semua ini hanya kebetulan2 yang berturut2 hingga terbentuk bumi dan tercipta manusia??TIDAK MUNGKIN!!karena seacak2nya kejadian,pasti ada polanya..dan itu tanda bagi orang yang berfikir bahwa ada yang mendesain semua ini,dan yang pasti bukan alam semesta itu sendiri,krn alam semesta tak berkesadaran apalagi berkemampuan mendesain yg butuh kecerdasan!alam semesta tak mempunyai kesadaran dan kecerdasan!",0,2025-07-15T03:26:57Z,0,False
@RoraleeDain-w8j,"Ada baiknya video ini diputar tiap hari di lobi gedung DPR, biar makhluk-makhluk rakus berdasi itu melek dan bisa sadar apa yang mereka lakukan terhadap bumi itu udah diluar batas.",0,2025-07-15T03:12:51Z,0,False
@syahroddinsyahroddin6798,1:10 Music Bisa Di Hapus ? Vocal Jadi Tidak Jelas,11,2025-07-15T03:06:57Z,12,False
@IlhamMustika,Benar,0,2025-07-15T14:09:44Z,0,True
@AndiMusik17,"Kuping lu bermasalah kali, korek dulu 😂😂",6,2025-07-15T16:41:15Z,0,True
@resibisma764,DIHH NGATURRR!!,2,2025-07-16T05:15:26Z,0,True
@Naruto_Uzukimak,"Kupinglu ,gw mah kaga, lagian make backsound  juga bagus",2,2025-07-17T06:10:33Z,0,True
@RizkiAm-e5b,lah ngatur si tolol,0,2025-07-21T14:56:26Z,0,True
@amandusus4421,Semasyur apapun manusia di bumi bahkan sebayak apapun subreker lu bang lu ttp lah MAMALIA,0,2025-07-15T02:58:25Z,0,False
@Morschhh,"""hanya tuhan yg tau"", walaupun aku tidak percaya semua ini tapi ini adalah pengetahuan yg luar biasa karena aku suka banget ilmu antariksa dan geologi/geografis.",0,2025-07-15T02:51:33Z,0,False
@Delta-gy6zv,Berbicara mengenai bumi tidak ada yg tau pasti awal mula terbentuknya dari berbagai literasi dan penelitian semua mempunyai pertentangan baik itu versi ilmuwan maupun versi dogma namun yang sangat masuk akal bagi saya bahwa bumi itu bulat dengan permukaan bergelombang.,0,2025-07-15T02:38:13Z,0,False
@KusnaEfendi-g1f,"❤Nasi Angkasa,sebagai pembangkit kesadaran,sekarang menamakan Gen - Z apakah setelah Z akan ada huruf baru atau buntu jika ini jaman buntu maka sekarang jadi akhir maka supaya tak buntu maka Generasi harus berputar balik agar tak buntu harus di kembalikan berputar balik menyadarkan ke generasi awal Gen  - A.",0,2025-07-15T02:32:59Z,0,False
@nasiangkasa,"Dalam Video ini mungkin kalian menyadari bahwa bagian tentang evolusi manusia tidak saya bahas secara mendalam. Ini bukan karena topik tersebut tidak penting. Justru sebaliknya, evolusi manusia adalah bagian krusial dalam kisah panjang Bumi dan kehidupan. Namun saya menyadari bahwa di Indonesia, topik evolusi masih menjadi isu yang cukup sensitif, terutama jika tidak dijelaskan dengan hati-hati dan konteks yang tepat. Banyak orang mengira bahwa teori evolusi menyatakan manusia berasal dari kera atau monyet. Padahal, itu adalah sebuah miskonsepsi besar.

Faktanya Charles Darwin tidak pernah mengatakan bahwa manusia berasal dari kera. Yang ia dan para ilmuwan evolusi kemukakan adalah bahwa manusia dan kera modern (seperti simpanse dan gorila) memiliki nenek moyang bersama yang hidup jutaan tahun yang lalu. Jadi bukan berarti manusia berubah menjadi kera atau sebaliknya. Kita semua adalah bagian dari satu garis evolusi yang berbeda namun memiliki asal-usul yang sama jauh di masa lalu.
Saya memilih untuk tidak membahasnya secara rinci dalam Video karena:

-	Fokus utama Video ini adalah untuk menggambarkan bagaimana Bumi terbentuk, berkembang, hingga menjadi rumah bagi kehidupan yang kita kenal sekarang, bukan untuk mengupas semua aspek biologi manusia.
-	Topik evolusi manusia membutuhkan penjelasan yang lebih luas, sabar, dan netral, agar tidak menimbulkan kesalahpahaman baru.
-	Saya ingin Penonton dari berbagai latar belakang tetap merasa nyaman saat menyimak Video, sambil tetap membuka ruang diskusi ilmiah yang sehat.

Namun satu hal yang perlu ditegaskan :

Memahami teori evolusi bukan berarti menolak kepercayaan. Banyak ilmuwan dari berbagai agama yang menerima fakta-fakta ilmiah ini sebagai bagian dari cara Tuhan bekerja melalui alam. Semoga dengan pemahaman yang lebih jernih, kita bisa melihat bahwa ilmu pengetahuan bukan untuk menentang keyakinan, tapi untuk memahami dunia ini dengan lebih dalam dan penuh rasa ingin tahu.",1435,2025-07-15T02:30:26Z,255,False
@andryantz_story,"Kocak....cerita seblm tidur....
Ceritain kisah nabi Adam dan siti hawa...",13,2025-07-15T11:36:28Z,0,True
@MisterDChannel-q8f,​@andryantz_story Bagus untuk dipelajari tp jangan sampai menafikan ilmu pengetahuan.,14,2025-07-15T12:51:33Z,0,True
@harihelbi,​@andryantz_storyTunjukan dengan ilmu pengetahuan anda jangan hanya komen seolah menyepelekan karya orang. Kalo hanya komen anak TK udah bisa komen,27,2025-07-15T13:22:48Z,0,True
@Komunitas_Atheis_Madura,"18:50 Dia sedang berkaca, mengagumi dirinya sendiri melalui manusia.

SAYA SEORANG MANUSIA yang memiliki nilai, bertenya-tanya dengan Heran, rasa kagum tak ternalar atas keajaiban dunia ini.







DARIMANAKAH KESADARAN INI? MENGAPA ALAM SEMESTA INI INGIN ADA?",7,2025-07-15T13:37:46Z,0,True
@ahmadmubarok2191,kalo manusia dari kera kenapa masih ada kera?,12,2025-07-15T13:53:28Z,0,True
@herususanto1865,Min kok langsung masuk ke jaman dinosaurus ? Kan masih ada jaman sebelom jaman disosaurus yg hewannya lumayan besar2 juga,0,2025-07-15T02:19:09Z,0,False
@herususanto1865,Percaya kalo teori evolusi darwin itu ada tapi tidak utk manusia. Karena Tuhan langsung yg kasih tau kalo manusia pertama adalah Nabi Adam AS. Dan itu tidak bisa dibantah,0,2025-07-15T02:17:50Z,0,False
@achsufandi5579,Mantap bang alaur ceritanya👍👍👏🎉,0,2025-07-15T02:09:22Z,0,False
@muhammadnizharnaufali8156,"Gimana yah caranya prokariot tiba tiba ada. 
Apakah ada yg bisa ngasih penjelasan? 🙏
Penasaran 🙏",0,2025-07-15T02:02:49Z,0,False
@idaayuagungmas7886,Terimakasih.. Telah memberikan informasi tentang struktur hidup dan kehidupan.,7,2025-07-15T01:50:46Z,0,False
@hobbyfajar,04:50 cibaku tensei🤭,0,2025-07-15T01:42:09Z,0,False
@edyyakuza9217,Brp ratus ribu / juta tahun era manusia???,0,2025-07-15T01:23:18Z,0,False
@willyanto6174,Manusia adalah alien di bumi,0,2025-07-15T01:22:53Z,0,False
@zeciy_,"Mantappp bgtt penjelasan plus visualnyaa. Sukses selalu kakkk, terima kasih unk konten yg berkelas ini",1,2025-07-15T01:19:44Z,0,False
@radenfaqih-w2q,"semua kejadian di alam raya ini ada yang mengendalikan.
kenapa riskan untuk menyebutnya..",0,2025-07-15T00:43:36Z,0,False
@radenfaqih-w2q,"suka sama narasinya..
cuman 1 yang kurang min.
sang sutradara dari semua kerumitan alam ini gak di sebut..
yaitu Tuhan yang maha esa",0,2025-07-15T00:41:46Z,0,False
@Irunprapt,Bahas SEMENGERIKAN  apa JOKOWI,0,2025-07-15T00:40:11Z,0,False
@AriJati-e8m,"Ini kok bisa bercerita seperti ini dapat ilmu dari mane bisa menceritakan terbentuknya bumi 4,5 milyar tahun yg lalu?",0,2025-07-15T00:30:52Z,1,False
@zeciy_,dari penemuan2 objek terdahulu yg di temukan lalu di teliti. Sampai skrng peneliti pun masih terus mencari tahu dari hasil temuan2 nya dari situlah muncul cerita sejarah. Cmiiw,0,2025-07-15T01:33:32Z,0,True
@antonysamudra07,Dengan melihat video ini betapa bersyukurnya kita dan tidak ada lagi untuk mengejar dunia bernafas dan bisa makan sudah Alhamdulillah Karena pada dasarnya kita akan kembali ke tanah.,6,2025-07-15T00:27:04Z,1,False
@fradikaadib8874,​@keyboardsoldier4023mau gak mau juga bakalan masuk ke dalam tanah,0,2025-10-19T00:12:45Z,0,True
@afatahsuparman5800,posisi nabi adam turun ke bumi ada dmn,0,2025-07-15T00:20:19Z,0,False
@AMLRMA,Terima kasih NASI sudah mmberikan video yg sangat berkesan,0,2025-07-15T00:04:08Z,0,False
@arman6471,Bumi sudah ada jauuuh sekali sebelum ada agama2,0,2025-07-14T23:00:13Z,0,False
@mahmudone8487,Zaman firaun kok gak masuk,0,2025-07-14T22:49:26Z,0,False
@san3panggung571,"Katakanlah, “Sesungguhnya patutkah kamu kafir kepada Yang menciptakan bumi dalam dua masa dan kamu adakan sekutu-sekutu bagi-Nya? (Yang bersifat) demikian itulah Tuhan semesta alam.” Dan Dia menciptakan di bumi itu gunung-gunung yang kokoh di atasnya. Dia memberkahinya dan Dia menentukan padanya kadar makanan-makanan (penghuni)nya dalam empat masa genap. (Penjelasan itu sebagai jawaban) bagi orang-orang yang bertanya. Kemudian Dia menuju langit dan langit itu masih merupakan asap, lalu Dia berkata kepadanya dan kepada bumi, “Datanglah kamu keduanya menurut perintah-Ku dengan suka hati atau terpaksa.” Keduanya menjawab, “Kami datang dengan suka hati.” Maka Dia menjadikan tujuh langit dalam dua masa dan Dia mewahyukan pada tiap-tiap langit urusannya. Dan Kami hiasi langit yang dekat dengan bintang-bintang yang cemerlang dan Kami memeliharanya dengan sebaik-baiknya. Demikianlah ketentuan Yang Mahaperkasa lagi Maha Mengetahui.",0,2025-07-14T22:30:28Z,0,False
@san3panggung571,"Surah Al-Anbiya ayat 30 adalah ayat dalam Al-Quran yang berbunyi: ""Apakah orang-orang kafir tidak mengetahui bahwa langit dan bumi itu keduanya dahulu menyatu, kemudian Kami pisahkan antara keduanya; dan Kami jadikan segala sesuatu yang hidup berasal dari air? Maka mengapa mereka tidak juga beriman?"". Ayat ini menjelaskan dua hal penting: pertama, bahwa langit dan bumi dulunya satu kesatuan yang kemudian dipisahkan oleh Allah, dan kedua, bahwa segala sesuatu yang hidup diciptakan dari air. 
Ayat ini sering dikaitkan dengan teori ilmiah modern, khususnya teori Big Bang, yang menjelaskan bahwa alam semesta ini dulunya adalah satu titik singularitas yang kemudian mengembang dan memisah. Selain itu, ayat ini juga menegaskan bahwa air adalah sumber kehidupan, yang sesuai dengan temuan ilmiah bahwa hampir semua makhluk hidup mengandung air. 
Berikut adalah poin-poin penting yang terkandung dalam Al-Anbiya ayat 30:
Pemisahan langit dan bumi: Ayat ini menjelaskan bahwa langit dan bumi dulunya adalah satu kesatuan yang padu, kemudian dipisahkan oleh Allah. 
Air sebagai sumber kehidupan: Ayat ini menyatakan bahwa segala sesuatu yang hidup diciptakan dari air. 
Ajakan untuk beriman: Ayat ini diakhiri dengan pertanyaan retoris, ""Maka mengapa mereka tidak juga beriman?"", yang mengajak manusia untuk merenungkan tanda-tanda kekuasaan Allah dan beriman kepada-Nya. 
Dengan demikian, Al-Anbiya ayat 30 merupakan ayat yang mengandung pesan penting tentang penciptaan alam semesta dan pentingnya air sebagai sumber kehidupan, serta mengajak manusia untuk beriman kepada Allah.",0,2025-07-14T22:27:47Z,0,False
@graceyohantono4525,Komennya 666 jir,0,2025-07-14T22:27:15Z,0,False
@Ronnyd4h,Dan skg manusia mengembangkan nuklir menjadi senjata yg bs membuat hancur Bumi,1,2025-07-14T22:12:59Z,0,False
@APDW12,Apakah semuanya akan berakhir layaknya di film elysium ????,0,2025-07-14T22:09:36Z,0,False
@orangbiasa...anakgudang,ALLAHUAKBAR ❤️ TUHAN SEMESTA ALAM SANG PENCIPTA ❤️ TIDAK ADA YG TAK MUNGKIN KALAU ALLAH SWT BERKEHENDAK 🙏,33,2025-07-14T21:05:13Z,15,False
@nelynely538,mana ada 0ll0.m0k4m4t mat1 0ll0 pn mat1. gk ada satu esl4m pun selain m0k4m4t yg dpt petnjuk dr 0ll0 tentang dmn m0k4m4t dan bagaimana keadaannya. 0ll0 hanya milik m0k4m4t.,2,2025-07-15T00:21:14Z,0,True
@ays793-d2z,Mana kehendaknya,1,2025-07-15T01:07:49Z,0,True
@Sdd775,"Udah jelas di awal video,,,admin bilang super ledakan NOVA lah yg menjadikan Alam semesta ini 🤣🤣",2,2025-07-15T07:05:58Z,0,True
@SonicCyaTheHedgehog,Berhentilah Menyebut Nama Tuhanmu Dan Kepercayaanmu Yang Bernama Islam Lebih Baik Belajar Tentang Kehidupan Dari Pada Hal-Hal Seperti Itu.,3,2025-07-15T17:40:03Z,0,True
@SonicCyaTheHedgehog,@Sdd775 Itulah Konyolnya Mereka Dikit Dikit Begitu,3,2025-07-15T17:40:20Z,0,True
@muirilmutari1660,"Kebiasan Pemikiran OTEN begitu sih yg menganggab bahwa kehidupan di Bumi itu bisa Hidup Abadi.. Padahal hidup di Bumi itu hanya sementara cuma untuk Ujian belaka, Dahlah Oten Login aja ke islam, dah jelas di bibelmu banyak Kontradiksi, pilih Al-Qur'an saja sana yg penuh Kebenaran, jgn turuti Nafsumu dan jgn percaya nabi Barumu si Kudis itu pedusta..",0,2025-07-14T21:01:30Z,1,False
@nikka-s7x,Skip ntar di evve para habib😂,0,2025-07-15T01:02:26Z,0,True
@biasabiasaaja6047,"duh min seandainya jaman dulu itu bener, berarti pupus sudah lah semua umat beragama karna di Al-Qur'an alkitap dan kitap kitap lain tidak ada yg seperti itu, secara logika masuk akal, tapi secara agama ga masuk akal",0,2025-07-14T20:59:20Z,0,False
@uhibmahfudhon3802,Jaman sekarang mngkin nggak sekolahpun bisa pinter.. karena media belajar sangat banyak termasuk tayangan ini TRIms🙏🙏🙏🙏,8,2025-07-14T20:56:11Z,4,False
@cutekgenk,Nanti kalau punya anak jangan di sekolah in yaa,0,2025-07-16T00:20:06Z,0,True
@RamdanFazri,Sekolah buat lowongan kerja ijazah nya,0,2025-07-16T23:08:24Z,0,True
@brainvoltz,gibran tetap bodoh walaupun semua fasilitas bisa dia akses,0,2025-10-13T19:23:45Z,0,True
@ANDRIEDRAKNESS,"bodoh,,hrs nya tanya manusoia brawal dr mana",0,2025-10-14T09:39:50Z,0,True
@lyxzmou9881,Dinosaurus ada bulu ga sih,0,2025-07-14T20:29:14Z,0,False
@fikrialmaulana5092,TIM YANG PERCAYA MANUSIA PERTAMA NABI ADAM.,0,2025-07-14T19:45:56Z,1,False
@PinkChalice270,Lawak😂,0,2025-07-14T20:09:53Z,0,True
@nals1311,Era Nabi ada di era mana min? Lalu manusia purba apa ada hubungannya dengan nabi adam?,0,2025-07-14T19:41:53Z,6,False
@PinkChalice270,Nabi Adam itu cuma mitos😂,0,2025-07-14T20:10:13Z,0,True
@rafimuhammadd,Bisa menyebut Mitos alasannya apa  ?​@PinkChalice270,0,2025-07-14T22:48:55Z,0,True
@PinkChalice270,​@rafimuhammaddnggak ada fossil nya😂😂😂,0,2025-07-15T00:24:44Z,0,True
@TofiqHidayatBurungLiar,"​@PinkChalice270yang belum diketahui belum tentu tak ada,teori sains sifatnya tak final,berubah berkali2 tergantung penemuan baru dan teori baru terus bermunculan..jadi ga usah mengagung2kan sains berlebihan,karena justru makin pintar seseorang seharusnya makin paham bahwa makin banyak yg belum dia tau..ilmu pengetahuan manusia sifatnya terbatas,itu pasti",0,2025-07-15T03:45:32Z,0,True
@PinkChalice270,"​@TofiqHidayatBurungLiarlah, penemuan sains aja kebanyakan menghasilkan fakta😂",0,2025-07-15T07:48:24Z,0,True
@angontvaja,Apakah mungkin ledakan supernova tsb adalah kiamat kehidupan part sebelumnya. Pun demikian dengan kiamat periode ini mungkin akan di jadikan sebuah teori oleh makhluk selanjutnya,0,2025-07-14T19:27:37Z,0,False
@warlock1012,"Earth is a realms..it's not a planet
-Nicola tesla",0,2025-07-14T19:11:37Z,0,False
@gabrielaldi3426,Saya merasakan bagaikan datang dari luar tata Surya berkunjung ke planet Aneh. Terasa aneh. Atau rasanya aneh saja.,0,2025-07-14T18:33:28Z,0,False
@nazwa7420,"Gpp bumi hancur lg toh itu yg diinginkan bnyk org2 serakah. 
Yg cinta alam semesta hanya sedikit org yg serakah merusak alam jumlahnya lbh bnyk kalo bumi cpt hancur punah ya itu adalah konsekwensi hukum kausalitas hukum alam",0,2025-07-14T18:24:45Z,0,False
@chanelhijau862,Aku baru pertama kali liat yang punya akun resmi nasi... ❤,0,2025-07-14T18:24:45Z,0,False
@antodiaarcade7545,Ketika kutub es di antartika dan kutub es di utara mencair sepenuhnya maka peradaban bumi akan di reset ulang secara otomatis.....,0,2025-07-14T18:22:56Z,0,False
@karayoucandoit,mantap,0,2025-07-14T18:20:02Z,0,False
@MobileAkun-c1d,dmna.,0,2025-07-14T18:15:30Z,0,False
@donianggaradonianggara2767,"Keinget plajaran sd bahwa tumbuhan pertama dibumi adalah jenis pakis²san ,,",0,2025-07-14T18:12:27Z,0,False
@nazwa7420,Runtuh lah dongeng buku suci yg menceritakan manusia pertama turun dari surga😮,0,2025-07-14T18:11:20Z,0,False
@jiwaraga7204,Earth is flat,0,2025-07-14T18:11:10Z,0,False
@chepi5799,Kamu berasal dari kera ya 😄,0,2025-07-14T18:09:22Z,1,False
@PinkChalice270,"Aku dan lu juga 
Semua manusia memiliki DNA sama dengan kera",0,2025-07-14T20:11:09Z,0,True
@darenviko,Seneng banget kalo bahas astronomi dan bumi,0,2025-07-14T17:58:46Z,0,False
@alamsiyah-dq6bm,Mantab bg👍,0,2025-07-14T17:54:59Z,0,False
@lisonoedi7547,Keren banget,1,2025-07-14T17:25:08Z,0,False
@STITOSHIE,"planet bumi itu biasa aja, isinya yg lebih mengerikan, apalagi yg ada di gedung dpr",0,2025-07-14T17:22:02Z,0,False
@MINYAK_KELAPA,Bground title music,0,2025-07-14T17:19:50Z,0,False
@channelkita05,"Konten video yang menarik nih, gua suka konten-konten begini, salam Subcribe ya om, walau beda konten, Salam @channelkita05",0,2025-07-14T17:17:03Z,0,False
@santidwi7045,"Pernah berpikir.. Bisa jadi di planet lain pun didalamnya ada kehidupan, kehidupan yang kita pikir mustahil karena beda komponen gas, dll nya dengan bumi. Padahal ideal untuk kehidupan diplanet tersebut. 
Dan jika mereka melihat bumi, mereka juga akan berpikir sama seperti kita... Bumi mustahil ada kehidupan, karena menurut mereka, bumi tidak memiliki kriteria yang sama dengan planet mereka.",0,2025-07-14T17:16:51Z,2,False
@santidwi7045,"Kita tidak pernah bisa menginjakan kaki di planet lain karena kemustahilan komponen gas, suhu dll. Begitupun sebaliknya merekapun tidak bisa menginjakan kaki di planet bumi karena perbedaan suhu, gas, dll dengan planet mereka. 

Kita menganggap tidak ada kehidupan di planet lain karena hal hal yang dipikir mustahil. 
Mereka pun berpikir sama. mereka satu satunya yang hidup di jagat raya, karena mereka pikir hidup diluar planet mereka adalah hal yang mustahil.


Ah sudahlah😂",0,2025-07-14T17:27:20Z,0,True
@PinkChalice270,"Mungkin suatu saat, jutaan tahun kemudian manusia bisa pindah pindah planet kayak di film star wars😂",0,2025-07-14T20:12:03Z,0,True
@LukmanMan-do8rc,Gak masuk percumah sekolah,0,2025-07-14T17:13:36Z,0,False
@Zeztz777,26:15 pemerintah indo yg tebang hutan,0,2025-07-14T17:05:42Z,0,False
@taykho1237,gw tau planet ini nih.,0,2025-07-14T16:52:08Z,0,False
@BiruBarat15,Tidak sesuai dengan ajaran agama IsIam 🙏,0,2025-07-14T16:50:43Z,2,False
@rafimuhammadd,Yang tidak sesuai di bagian mana  ?,0,2025-07-14T22:50:59Z,0,True
@nikka-s7x,Iya ajarannya evve murid nya😂,0,2025-07-15T01:03:53Z,0,True
@Shrll.18,"WOW! Aku baru nonton di menit menit awal aja udah di perlihatkan bahasa puitis yang sangat luar biasa, Aku mengapresiasi itu~ kira kira apa yang selanjutnya ya?",8,2025-07-14T16:45:42Z,0,False
@Formxshop,😢,0,2025-07-14T16:43:16Z,0,False
@Alifanaherman,"bos lu dapet data ini dr mana,,,?😂
mustahil bos, lu cuma ngarang dongeng 😂😂",0,2025-07-14T16:36:52Z,3,False
@PinkChalice270,"Dongeng? 
Lebih dongeng mana dibandingkan cerita nabi????😂😂😂",0,2025-07-14T20:12:26Z,0,True
@nikka-s7x,"Bact karyawan, lebih masuk akal mamad naik burok kecepatan 200km/h😂",0,2025-07-15T01:16:56Z,0,True
@Alifanaherman,"​@PinkChalice270 kenapa jadi ke cerita nabi,, jaka sembung bawa golok gk nyambung Go*l*k😂😂😂😂",0,2025-07-16T10:40:51Z,0,True
@Zeztz777,Musiknya agak kebesaran min,0,2025-07-14T16:30:31Z,0,False
@bimanasution,"Keren banget, semangat terus Nasi Angkasa 🔥",0,2025-07-14T16:25:24Z,1,False
@nasiangkasa,"Wih bang Bima 🙌, Yok Ngamat bareng Bang 🤙",0,2025-07-14T22:34:04Z,0,True
@MypkrBanget-zq1yx,PlotHole lagi =>> menit 13:00 disebutkan Mamalia Kecil Berbulu Hangat (diilustrasikan pada sebangsa TIKUS) muncul dan disebut mengarah ke MANUSIA.. 😐 artinya.. Moyang nya Manusia adalah Mamalia Kecil Berbulu...? 🤔,3,2025-07-14T15:56:27Z,1,False
@mrg4011,iya,0,2025-12-05T16:30:48Z,0,True
@rizkyandriawanentertainmen5439,Dan ini adalah satu-satunya planet yang terindah yang pernah kita lihat di alam semesta 🙏🙏,0,2025-07-14T15:55:11Z,0,False
@MypkrBanget-zq1yx,"PlotHole =>> Kepunahan Masal Permian memusnahkan 90% Spesies Bumi.. 😐 berarti 10% ada Spesies yang Tidak Punah.. Spesies apa itu..? dan apakah itu yang berevolusi jadi Dinosaurus...? 🤔

.",1,2025-07-14T15:52:18Z,3,False
@PinkChalice270,"Dulu sebelum era mesozoikum 
Bumi ada kepunahan luar biasa,disebut ""great dying"" terus sebagian mahluk hidup yang selamat menjadi reptil raksasa yaitu dinosaurus, dibagi menjadi 3 era mesozoikum yaitu triassic, jurassic dan cretaceous
Hampir 200 juta dinosaurus menguasai bumi sebelum ada tabrakan asteroid besar ke bumi dan era selanjutnya menjadi era mamalia (era hewan sekarang)",0,2025-07-14T20:14:42Z,0,True
@MypkrBanget-zq1yx,​@PinkChalice270 Era Mamalia itu berasal dari yang manakah...? diantara Triassic/Jurassic/Cretaceous..? gak mungkin kan Mamalia tiba-tiba nongol udah jadi begitu kalau sebelum nya ada Evolusi..?,0,2025-07-16T18:43:13Z,0,True
@PinkChalice270,​@MypkrBanget-zq1yxEra mamalia itu muncul setelah insiden tabrakan asteroid besar ke bumi di akhir era cretaceous,0,2025-07-16T19:01:00Z,0,True
@rizkyandriawanentertainmen5439,Terima kasih untuk pejelasanya mas🙏,0,2025-07-14T15:48:12Z,0,False
@wibuliterasi,"planet apa tuh kayaknya disana sejahtera,seandainya kita bisa kesana😂",1,2025-07-14T15:47:58Z,1,False
@PinkChalice270,"Kayaknya belum waktunya deh😅
Teknologi manusia sekarang belum cukup untuk ke planet lain 😅",0,2025-07-14T20:16:28Z,0,True
@aponjaparoni5415,"Episode terakhir kehidupan manusia telah di gambarkan dalam sebuah imajinasi film lama, the road warriors, Mel Gibson.... Entahlah",1,2025-07-14T15:41:09Z,0,False
@anggamaulana1323,"Gw nonton di kamar pake proyektor, kamar dimatiin! Gile langsung berasa di alam lain",0,2025-07-14T15:40:51Z,0,False
@garasiedu,Nanti entah kapan punah lg manusianya. Krn planet bumi meledak,0,2025-07-14T15:28:21Z,0,False
@garasiedu,Adam dan hawa kapan diturunkan nih...,0,2025-07-14T15:23:00Z,1,False
@PinkChalice270,Itu cuma mitos😂,0,2025-07-14T20:16:39Z,0,True
@RakyatBiasa-c9z,Manusia adalah parasit.,0,2025-07-14T14:58:36Z,0,False
@Naidayo,"terimakasih untuk videonya, jujur video ini sangat keren, dan topik seperti ini sudah sering saya diskusikan, di era kita sekarang, di negara kita sekarang, orang2 hanya terfokus pada perkembangan teknologi, keributan antara ras, agama, etnis, dan sebagainya, tanpa mereka sadari, kita semua itu sama, namun manusia yang telah diberi akal dan budi memang sering kali merasa ber-kekurangan, mulai dengan mengeruk kekayaan bumi, dan juga menindas orang yang terlantar. Jujur ada pembahasan yang menarik yang selama ini saya pikirkan, kita sudah sering mendengar berita tentang planet yang mungkin bisa manusia singgah, dan sudah ada eksperimennya, saya hanya berpikir, jikalau memang bumi suatu saat nanti hancur karena ulah manusia itu sendiri, bagaimana dengan planet baru yang kelak akan menjadi tempat baru umat manusia itu sendiri? itulah kenapa kita sebagai manusia memang sudah seharusnya merawat bumi yang telah memberi kita tempat tinggal, dan mulai belajar merasakan rasa ""cukup"". Mungkin saja ini mustahil terjadi diantara jutaan, miliaran, triliunan otak dari manusia yang pasti tidak pernah merasa cukup",0,2025-07-14T14:32:30Z,0,False
@sakh296,"Homo sapiens? 
Manusia dari kera? 
Kasihan",0,2025-07-14T14:14:10Z,0,False
@AhongClipper,Ngeri koruptor,0,2025-07-14T14:03:22Z,0,False
@aansetiawan1445,Narasinya bagus bangett❤,1,2025-07-14T13:53:25Z,0,False
@abiroyyan1004,Narasinya kok tdk menyinggung manusia pertama yaitu nabi Adam...mungkin dasar pemikirannya masih menganut teori evolusinya Darwin..,0,2025-07-14T13:47:25Z,1,False
@PinkChalice270,"Evolusi darwin itu benar blok😂
Dan kapan darwin ngomong kalau manusia keturunan kera???
Darwin aja bilang kalau manusia dan kera punya satu nenek moyang yang sama 😂",0,2025-07-14T20:17:23Z,0,True
@ipoenatid,"Kata teori evolusi manusia adalah keturunan (evolusi) dari monyet..  lha kok monyet yg dari dulu turun temurun kok tetep monyet..? 

Klo gua mah ogah, soalnya gua keturunan nabi ❤",0,2025-07-14T13:45:08Z,0,False
@arixwap,Apakah artinya kita semua berasal dari matahari...?,0,2025-07-14T13:42:37Z,0,False
@EmannuelMarshelinoEmraude,Kelak kehancuran bumi mungkin bukan lagi karena faktor geologi melainkan karena kita sendiri,0,2025-07-14T13:28:20Z,0,False
@MetroTube80,Kebanyakan isi komen video ini adalah tentang perdebatan,0,2025-07-14T13:18:56Z,0,False
@e_wayy584,Si bahlulll suruh nontonn,0,2025-07-14T13:14:19Z,0,False
@abigame7706,masa iya manusia dr monyet 😭,0,2025-07-14T12:34:33Z,1,False
@MetroTube80,Cuman teori Charles Darwin sih boleh percaya boleh nggak tergantung pendapat dan pandangan pribadi,0,2025-07-14T13:20:53Z,0,True
@jeckxxyyyy,"Berarti bner kan , nenek moyang kita dulu ny itu kera besar , mreka berevolusi menjadi manusia ,,, itu lah yg di kenal dengan adam dan hawa ,, bukan untuk sebutan satu manusia ,melainkan sebutan untuk sekelompok mahluk yg dulu ny kera berevolusi menjadi manusia dengan kelamin jantan(adam) dan hawa(betina)",0,2025-07-14T12:32:33Z,0,False
@XieUud,gimna ka'bah lurus dg arsh Allah kalo buminya bulat dan berputar,0,2025-07-14T12:27:26Z,1,False
@MetroTube80,Karena pusatnya itu Ka'bah bukan keluar dari itu,0,2025-07-14T13:22:42Z,0,True
@susilobudi8924,Setelah manusia punah... setelah itu mahluk apa lagi ya di ciptakan sama Allah SWT 🤔,0,2025-07-14T12:26:10Z,0,False
@EgiTriadi-r6k,"Mengerikan banget ya bumi, kira²makhluk seperti apa yang tinggal disana 🗿",0,2025-07-14T12:20:01Z,0,False
@nataberlangaming2130,👍🏻,0,2025-07-14T12:10:42Z,0,False
@ramdhanilashira9650,Pendongeng handal😂😂😂😂..manusia pertama di bumi adalah nabi adam,0,2025-07-14T12:07:38Z,4,False
@MetroTube80,"Bukan semua orang yang berbeda pendapat dengan mu langsung kau sebut pendongeng, kan dia cuman menceritakan teori teori yang diyakini apa adanya",0,2025-07-14T13:24:40Z,0,True
@ramdhanilashira9650,"​@MetroTube80teori teori teori,,giliran di suruh tunjukan fakta asli nya planga plongo..malah bikin imajinasi sendiri,,,jadilah pemdongen handal😂😂😂😂",0,2025-07-14T15:39:04Z,0,True
@nikka-s7x,​@ramdhanilashira9650 iya mamad naik burok 200km mana bukti nya😂,0,2025-07-15T01:18:29Z,0,True
@MetroTube80,"​@ramdhanilashira9650kan sudah dibilang, teori itu masih belum terjawab kebenarannya sedangkan fakta itu terverifikasi kenyataannya",0,2025-07-15T06:56:37Z,0,True
@mualif_ismail,"Secara tidak langsung bumi sudah di reset sama Allah berkali kali ya, masya Allah, dengan maha segalanya ✨",2,2025-07-14T11:47:52Z,1,False
@tut.01,🤭🤭,0,2025-07-14T14:05:58Z,0,True
@justaboy3785,Hah mengenal cinta?😢,0,2025-07-14T11:44:16Z,0,False
@k_ali_an,mantap bang .. . konten terfavorit ... nasi angkasa. saintech id(tpi cuma di fb) . alam semenit. mata ketiga ... tiap mau tidur sering dengerin,0,2025-07-14T11:38:19Z,0,False
@gimingfivers7483,Pertanyaan saya. Ibunya matahari asalnya dari mana??,0,2025-07-14T11:26:43Z,1,False
@MetroTube80,Mungkin bintang lain yang meledak,0,2025-07-14T13:25:11Z,0,True
@falahudinmikakim4599,"Konten eksklusif gini bre... Absolute cinema
🖐️😐🖐️",0,2025-07-14T11:24:40Z,0,False
@sorrisoid11,"Menambah wawasan bagi saya.saya berkeyakinan bahwa bumi tercipta dari fisi dan fusi  zat zat kimiawi yg mengkristal ,menjadi bumi.trims admin👍👍",0,2025-07-14T10:21:43Z,0,False
@siwaramliprana9865,"Apakah mungkin manusia juga akan musnah,lalu di ganti lagi oleh makhluk yg yg berbeda?",0,2025-07-14T10:16:54Z,0,False
@asemmanis1673,"Sumpah, narasinya cakep bener, bung. 
Izin saja jadikan lagu ya, mas.

+ Mungkin, kalo gak ada negara & agama, kerusakan bumi tidak secepat ini. Sepertinya lebih baik tidak ada manusia sekalian, agar bumi terjaga kelestariannya.

44",0,2025-07-14T10:03:53Z,0,False
@ikimonogakari99,"bener, akal kita ga akan sampai kalau tidak dengan pertolongan Tuhan.",0,2025-07-14T09:52:31Z,0,False
@iswank,Luar biasa... Sangat mencerahkan. Terimakasih...,0,2025-07-14T09:27:18Z,0,False
@CahyaAnindyaInsani-j7o,Terimakasih atas materi mya,0,2025-07-14T08:47:15Z,0,False
@brownbrem1284,proses ADAM dan HAWA mana min???kok ga ada,0,2025-07-14T08:22:45Z,0,False
@rerreingexl7392,"Planet bumi memang mêngêrikan. Yang bikin heran. Sêmua orang, kênapa bêtah bêrmukim di planet bumi?",0,2025-07-14T08:20:09Z,1,False
@MetroTube80,"Ya mau bagaiman lagi, emang kamu bisa langsung pergi pindah gitu saja",0,2025-07-14T13:26:28Z,0,True
@muhammadyamini.r7017,Tumbuhn & alam 🙏,0,2025-07-14T08:09:16Z,0,False
@fathurrahman4318,"Ulasan sejarah di video ini sumber referensinya dari mana ya? Mungkin bisa dicantumkan sumber referensinya darimana.
Kemudian sejarah di video ini apakah memang ada bukti yg menguatkan bahwa ini valid sebagai fakta sejarah atau hanya teori fiksi yang sedang dicoba untuk dirasionalkan?",0,2025-07-14T08:06:17Z,0,False
@slowvemo8542,Bintang mati dan debu nya memadat terbentuk lah planet.. manusia bnyak perangai tapi ketahuilah semua itu datang dari satu debu tadi..,0,2025-07-14T07:41:32Z,0,False
@van3230,"15:11 aku lebih percaya bahwa manusia ini alien, bukan homo sapiens yeng terrcipta dari garis keluarga kera. sebagaimana allah sebut QS Albaqarah 36 dan 38",0,2025-07-14T07:38:11Z,0,False
@wenhai5943,Ada kah kontibusi positif manusia pada bumi yg nyaman ini,0,2025-07-14T07:37:13Z,0,False
@HewanBerbulu17,"Banyak yg berteori juga kalau mungkin memang bener Corona itu dibuat sama manusia sendiri, denger video ini gw juga jadi mikir, nih para ilmuan/elit itu mereka lebih tau kondisi bumi itu seperti apa, sudah sebahaya apa, dan sudah seburuk apa karena ulah kita sendiri. Dengan kata ""terpaksa"" untuk mengontrol gaya hidup miliaran manusia yg udh hidup di bumi dengan cara pandemi. Gw juga mikir nih, manusia tambah banyak, kelakuan tiap individu itu jelas beda² ada yg bisa dikatakan level buruk ada yang level baik. Kalau lebih banyak level buruknya, ya kita memperburuk kondisi bumi dengan cepat, artinya kepunahan akan makin dekat.
Nah balik lagi ke kata terpaksa tadi, para ilmuan yang jumlahnya ga sebanyak org lain susah dong ngendaliin sisanya, jadinya dengan cara pandemi ini para ilmuan bisa kontrol prilaku miliaran manusia ini agar ""kondisi buruk bumi bisa di kurangin"" 
Emg cara yg sangat kejam, untuk bunuh jutaan manusia, demi keseimbangan global... 
Tapi kalau menurut mereka itu cara paling ""oke"" dan ga ada cara lain, saya rakyat biasa cuma bisa angkat tangan.. semoga ini ga bener ya bro😅😅, corona cuma dari alam itu sendiri yg bekerja untuk keseimbangan kehidupan di bumi.",0,2025-07-14T07:35:01Z,0,False
@radendadang45,"Maha besar Allah SWT, dgn segala ciptaannya.",16,2025-07-14T07:31:38Z,5,False
@LempoPoton,Bumi tercipta dari sebuah bintang. Bukan bumi diciptakan,0,2025-07-20T11:05:12Z,0,True
@awllyhidayah3977,​@LempoPotonmaha besar alloh dengan segala ciptaannya❤,4,2025-07-20T13:57:41Z,0,True
@awllyhidayah3977,bintang di ciptakan oleh siapa? ​@LempoPoton,0,2025-07-20T13:58:17Z,0,True
@Philips-l2p,😂😂😂😂😂,0,2025-07-20T18:51:45Z,0,True
@coskacang,Buktinya apa ? Imaginasi pribadi bang ? Atau hasil ngelamun ?,0,2025-07-21T11:52:35Z,0,True
@antonwibowo4881,"Bagus mas. Saya suka. Untuk instropeksi diri, kita hanya makhluk kecil.",0,2025-07-14T07:23:39Z,0,False
@fadhliashif2989,"Emang bumi ngeri ya?
Ngeri apa nya?
Bukan nya negeri ini yg ngeri?
Emang boleh sengeri itu?
😂😂",0,2025-07-14T07:13:04Z,0,False
@prasetyoadesaputra5757,"Sya dukung buat yg panjang bg, enk didnger buat kerja",0,2025-07-14T06:55:12Z,0,False
@kacamatakaca3873,TAU DARIMANA KALO PROSES DETAILNYA SEPERTI ITU ????,0,2025-07-14T06:39:25Z,4,False
@wakwawdoang,"ada yang namanya sekolah, udah pernah belum?",0,2025-07-14T06:53:00Z,0,True
@kacamatakaca3873,"@wakwawdoang COBA LU URAI DETAILNYA DENGAN TEORI PASTI. BUKAN ERA JURASSIC YANG BISA DIUKUR DENGAN TES KARBON YA. COBA URAIKAN DETAIL PASTINYA DARI MULAI BERMILYAR MILYAR MILYAR TAHUN BUMI DARI API. COBA URAI DENGAN TEORI PASTI, WAHAI SI PALING ANAK SEKOLAH !!!",0,2025-07-14T07:31:40Z,0,True
@MetroTube80,"​@kacamatakaca3873Sesuai namanya teori belum pasti terbukti benar, jadi proses detailnya kemungkinan kurang memuaskan

Bumi kemungkinan besar terbentuk dari debu dan awan kosmik yang memutar dan bersatu kemudian memadat dan mendingin, bisa kita ambil contohnya planet gas Jupiter yang diperkirakan planet pertama terbentuk akibat bekas nebula bintang yang sudah supernova",0,2025-07-14T13:35:06Z,0,True
@MetroTube80,"​@kacamatakaca3873 Proses awal pembentukan bumi mungkin agak panjang, karena proses pendinginan dan pemadatan yang rumit, karena sangat tidak mungkin muncul suatu planet yang tiba tiba terdapat kehidupan langsung tanpa proses dan waktu",0,2025-07-14T13:36:51Z,0,True
@lecetneymar7627,Pelajaran yang bisa dipetik dari video ini adalah; Nenek Moyang kita semua adalah sebuah Bintang Raksasa😊,0,2025-07-14T06:34:52Z,0,False
@Blissful_indeed22,Yang mengerikan manusia penghuni bumi suka berbuat kerusakan,0,2025-07-14T06:31:22Z,1,False
@wakwawdoang,"engga ah, lo kali",0,2025-07-14T06:50:06Z,0,True
@andreaswiranata801,Tuhan Yesus maha besar,0,2025-07-14T06:23:43Z,1,False
@wakwawdoang,mabuk agama,0,2025-07-14T06:45:23Z,0,True
@dino_dino_riko_sukuri,Dan di planet kecil itulah ada entitas yang suka Korupsi entah kecil atau besar,0,2025-07-14T06:22:22Z,0,False
@aarawnnn,narasinya baguss bangett adminnn keren,0,2025-07-14T06:18:59Z,0,False
@dimsum12334cghb,Kyk film ice age,0,2025-07-14T06:08:33Z,0,False
@musicAIaestetic,Min Bahas 3I/ATLAS,0,2025-07-14T06:07:19Z,0,False
@detektivers,"terharuuu, mau nangisss",0,2025-07-14T05:43:35Z,0,False
@ardhyxismail8733,"Teori darwin😅
Keren, tapi g ad tuhan😅😅",0,2025-07-14T05:39:00Z,0,False
@Mpungmpung,Nabi Adam manusia pertama yang dciptakan dengan sempurna kurang lebih 10 ribu tahun lalu gada dalam pembahasan min?,0,2025-07-14T05:33:01Z,0,False
@ivanrestu4663,👍🏻,0,2025-07-14T05:22:06Z,0,False
@saputracenell4865,"1 point pentingnya adalah, ternyata benar bahwa manusia di ciptakan dari tanah ( debu bintang )..!!!",0,2025-07-14T05:17:20Z,0,False
@Masadi07,"3 menit pertama, berasa ikut training ESQ 😁",0,2025-07-14T04:46:01Z,0,False
@rahmanfachrur3047,Wahhh chanel punya wahabi ni 🤫,0,2025-07-14T04:44:43Z,0,False
@budayasa5463,Mntp bang,0,2025-07-14T04:39:37Z,0,False
@dwiamerta78,nabinya mna?,0,2025-07-14T04:15:15Z,0,False
@ShaerulNofriantoix,Mustahil tidak tuhan dibalik semua ini..,0,2025-07-14T03:58:41Z,1,False
@wakwawdoang,mabuk agama,0,2025-07-14T06:47:12Z,0,True
@NayaPutriii,Bulsyit,0,2025-07-14T03:57:21Z,0,False
@DonCry-un6je,"Woii kalian para keturunan manusia purba!! Hahahaha nyet nyet 
Sorry gua bukan keturunan monyet 😹😹😹",0,2025-07-14T03:44:08Z,0,False
@setiawan8845,Seru bang. Lanjutin rutin upload video tentang alam dan astronomi. Gw suka hal2 itu,0,2025-07-14T03:41:44Z,0,False
@daridillYTB,"Keren banget bang, semoga kita semua umat MANUSIA sadar",0,2025-07-14T03:39:27Z,0,False
@indrawidijanto3689,pada akhirnya,0,2025-07-14T03:23:50Z,0,False
@suprynorak,"Bang, bahas pembentukan benua dan pulau",0,2025-07-14T03:20:41Z,0,False
@edujehabut8186,"Makin menyimak materi ini, jadi lebih paham ttg kisah penciptaan baik alam semesta, bumi, hingga kehidupan, kekuatan di balik semua itulah yg menguatkan keyakinan akan adanya Sang Pencipta, yg kita namai Tuhan. Narasi penciptaan dalam kitab suci memang tak segamblang pemaparan ilmiah, namun perlu dimaklumi, karena narasi kitab dibuat manusia dg sgala keterbatasan pada zamannya ditulis. Penjelasan ilmiah seperti ini mampu menjabarkannya secara rinci😊",16,2025-07-14T03:16:20Z,0,False
@Arifqy-v2n,"😂😂😂😂😂😂 sorry gw gak berasal dari kera,,,teori koplak",0,2025-07-14T02:53:21Z,0,False
@mas_cibenk,Alasan bumi menolak di tempati manusia . Dan manusia mahkluk terlemah dan terkuat dan perusak 😢,0,2025-07-14T02:27:20Z,0,False
@ArdiyanDedy,Ilmu pengetahuan itu penting. Buat pembelajaran didunia dan mengagumi ciptaan NYA. Dunia ini luas. Coba rasakan hidup sendiri di alam yg luas ini. Jgn hanya merasakan hidup di tengah hiruk pikuk masyarakat. Biar anda tau kebenaran NYA. Hidup lah di hutan sendiri. Hiduplah di lautan sendiri. Meskipun cuma merasakan sehari aja😄,0,2025-07-14T02:18:29Z,0,False
@ferifirmansyah6768,🥺🥺❤,0,2025-07-14T02:12:35Z,0,False
@putufretty452,"Kak, terima kasih untuk video  edukasi yg bagus ini",0,2025-07-14T01:58:50Z,0,False
@calonjenazah0510,"Madara & obito akan muncul mengubah kehidupan para manusia yg penuh kemunafikan, kesombongan, & keserekahan",0,2025-07-14T01:58:22Z,1,False
@wakwawdoang,kebanyakan nonton hentai,0,2025-07-14T06:48:48Z,0,True
@sanswara-clip,sanguan,0,2025-07-14T01:55:16Z,0,False
@ZeroAl-if7yl,"Seru bang konten kayak begini, tapi kok fase di mana daratan yang awalnya semua menyatu, terus lama-lama jadi berpisah, itu kelewat? y",0,2025-07-14T01:23:14Z,1,False
@wakwawdoang,??? apa sih??? udah paling pinter?,0,2025-07-14T06:51:22Z,0,True
@danielsemai2739,Zaman datangnya dajjal disebut zaman apa min ?,0,2025-07-14T01:15:46Z,0,False
@TasyaArt-y6h,Yang katanya kebetulan tapi semua planet bentuknya bulat hampir sempurna 🤣🤣,0,2025-07-14T01:07:45Z,0,False
@familyku1386,Allah lah yang mengatur semuanya..,0,2025-07-14T00:58:07Z,1,False
@wakwawdoang,mabuk agama,0,2025-07-14T06:42:06Z,0,True
@familyku1386,Semuanya adalah kehendak Allah...,0,2025-07-14T00:57:32Z,0,False
@titorizkiyanto8325,Bang request berapa mengerikan planet miller instetellar,0,2025-07-14T00:56:38Z,1,False
@wakwawdoang,ngatur,0,2025-07-14T06:47:54Z,0,True
@burungreceh5918,"Selama manusia tidak bisa mengambil sample luar angkasa selama itu juga manusia masih teori dan asumsi, boleh di dengar tapi jangan di simpulkan, mending fokus perubahan iklim yg nyata di depan mata, tolong lanjutkan era SBY Bumi tidak butuh pemimpin pengusaha dan oligarki biar seimbang, bumi tidak butuh serangan fajar dll",0,2025-07-14T00:24:29Z,2,False
@rendrojos8088,sampel sudah banyak diambil amerika soviet/rusia china dll. termasuk sampel yang masuk sendiri ke bumi lewat batu meteor dan komet.,0,2025-07-14T00:32:30Z,0,True
@wakwawdoang,bagusan zaman pak harto,0,2025-07-14T06:46:32Z,0,True
@kimmo225,"Sudah ku share ke status kontak-ku, semoga banyak yang makin suka dengan konten luar angkasa & bumi, karna sangat menarik perkembangannya.",3,2025-07-14T00:03:45Z,0,False
@kadalhoki7552,"RUSAK LUH, ISTIGHFAR!!!!",0,2025-07-13T23:58:33Z,1,False
@wakwawdoang,????? mabuk agama,0,2025-07-14T06:54:45Z,0,True
@muhammadalif8256,"Untuk homo sapiens itu masih hipotesis ya, artinya hanya perkiraan para ilmuwan, bukan fakta, sedangkan menurut al quran nabi Adam langsung diturunkan di bumi (tidak berevolusi dari makhluk hidup lainnya) dan nabi Adam tidak seperti manusia purba yg seperti digambarkan, dia diturunkan ke bumi dan di ajarkan nama nama benda yg ada di langit dan bumi oleh Allah langsung dan merupakan manusia yg pengetahuannya membuat malaikat kagum, info lengkap liat youtube khalid basalamah kisah nabi adam",2,2025-07-13T23:56:28Z,3,False
@rendrojos8088,homo sapiens sama manusia purba lain gak ada hubungan evolusi. rantainya putus. makanya dicari2 itu missing link nya yang sampai sekarang belum ketemu.,0,2025-07-14T00:35:02Z,0,True
@wakwawdoang,mabuk agama,0,2025-07-14T06:44:49Z,0,True
@Ecsive2086,"​​@rendrojos8088missing linknya ketemu di Indonesia, Homo Erectus.

Tapi meski begitu, evolusi itu bukan garis lurus, semuanya bukan rantai lurus, jadi kita gatau Homo Erectus dengan Homo Sapiens itu apakah se-spesies atau beda spesies",0,2025-07-22T01:17:46Z,0,True
@yttynysyjan,Ini analisa khayalan manusia... Yang pasti nanti kita tanya pada yang Maha Kuasa sesudah mati,0,2025-07-13T22:50:56Z,0,False
@CityAndEverythingFootball,Keren bg cuman kalau masuk manusia purba mungkin itu sisi keluarga lu aja. Saya bukan keturunan manusia purba,0,2025-07-13T22:38:43Z,0,False
@AduMuncangMania666,"4 miliyar lalu?
dalam cerita ini jangankan manusia bumi juga baru terbentuk, lantas bagaimana anda bisa tahu dan bercerita sampai se dtile ini,??

Jujur sayah takjub dengan pengetahuan dan narasi yang anda sampaikan, sangat baik,dtile dan meyakinkan.. namun jika saya sadar 4milar lalu kehidupan belum ada sepintas cetita ini menjadi tidak masuk akal meski hal tersebut mungkin memang nyata adanya.",0,2025-07-13T22:08:54Z,3,False
@rendrojos8088,pernah dengar waktu paruh ? carbon dating ? kamu pikir bagaimana para arkeolog menentukan usia sebuah benda artefak ? apa mereka cuma ngarang ? atau bertapa di gunung keramat nunggu wangsit dari langit ?,0,2025-07-14T00:37:45Z,0,True
@wakwawdoang,sekolah makanya,0,2025-07-14T06:50:23Z,0,True
@AduMuncangMania666,"​​​​@wakwawdoang🤣🤣 itu semua cuma berdasarkan perkiraa kan, namanya perkiraan pasti ada benar dan salah nya. gua gk bilang ini ngarang, dan gua disini  gk menghujat cuma bertanya, apa slah?
Bahkan gua rasa, gua sangat kagum dengn apa yang dia bicarakan bisa se dtile itu dan cata penyampayan nya sngat baik, namun apa slah nya jika ada org yang ragu akan hal tersebut!? Toh itu juga tercipta dari pikiran manusia yang sama seperti kita.

Gua emang gk skolah bro.. tapi gua masih tau adab😊",0,2025-07-14T09:46:58Z,0,True
@SakuraCailin,"Setelah manusia musnah gara² perang nuklir, alien mengenal manusia sbg peradaban plastik 😅",0,2025-07-13T21:41:41Z,0,False
@diansuryanto6527,Bermiliar miliar tahun menceritakan dulu dan pembodohan sekarang...pengetahuan hanya imajinasi/karya dsn bukan real...,0,2025-07-13T21:27:25Z,0,False
@Flamboyan007,Mari kita menghargai BUMI 🌎,0,2025-07-13T21:22:53Z,0,False
@8Mohd.hamzah6,"Beribu-ribu kehidupan yang tercinta di bumi,kenapa hanya 1 spesies sahaja yang berevolusi menjadi menjadi manusia,,,?kenapa yang lain tidak dapat berevolusi?",0,2025-07-13T21:03:03Z,1,False
@wakwawdoang,"ada namanya sekolah, belajar",0,2025-07-14T06:50:43Z,0,True
@dasepfaizall9987,ok,0,2025-07-13T21:01:20Z,0,False
@8Mohd.hamzah6,Asal tercipta alam semesta dari 1 sumber..kenapa ya bumi saja yang ada kehidupan dan planet lain tidak dapat mencipta kan kehidupan..bukankah alam semesta tercipta dari sumber yang sama...,0,2025-07-13T20:09:53Z,0,False
@rivalcukketa9775,"Nonton beginian harus pake logika, kalo logika ga d pake, pasti iya² aja",0,2025-07-13T20:03:01Z,0,False
@ABE_INFINITY15,"Aku salah satu yg tidak percaya akan teori manusia purba yang digambarkan seperti monyet dan bertingkah masih seperti binatang, aku yakin  adam adalah manusia pertama dibumi dan ketika diturunkan dia sudah dibekali tuhan dengan kecerdasan yang luar biasa sampai malaikat takjub dengannya, lalu penemuan fosil yg dikatakan manusia purba itu siapa? Ya bisa jadi itu adalah primata seperti halnya sekarang ada gorila dan simpanse yang sangat mirip dgn manusia bahkan berbagi 98% DNA yg sama dgn manusia, karna memang benar sebelum adam diciptakan bumi itu sudah di isi oleh hewan dan tumbuhan, nah bisa jadi hewan yang hidup sebelum nabi adam itu berbentuk mirip manusia, maka disimpulkan oleh ilmuwan, (terkhususnya ilmuan atheis) bahwa ada manusia sebelum adam diciptakan, padahal yg disangkakan mereka itu hanya binatang yang mirip manusia, itulah mengapa mereka digambarkan bertingkah seperti orang bodoh yang tidak bisa berbicara, terkadang jalan sambil merangkak dan sebagainya, sangat kontradiktif dgn fakta bahwa adam itu sudah dibekali kecerdasan, masa iya adam pertama kali diciptakan bertingkah seperti monyet? Gak bisa berbicara dan sebagainya, lalu manusia purba itu siapa? Apakah dia ada sebelum adam atau sesudah adam? Kalau jawabannya mereka sudah ada sebelum adam, berarti benar bahwa mereka itu dalam kelompok hewan primata seperti gorila dan simpanse yang punya kemiripan dgn manusia, tapi mereka bukan manusia,itu karna memang mereka adalah binatang, karna perbedaan kita manusia dan hewan terletak pada akal, manusia dan hewan sama-sama punya nafsu, sama sama punya otak, tapi manusia diberi akal, sedangkan hewan tidak, analogi akal itu sama seperti ruh (nyawa) kita tidak tau berbentuk seperti apa dan tercipta dari apa, tetapi kita bisa merasakannya, saya tidak anti sains, tetapi kita, terkhususnya orang yang beragama harus menolak teori yang dibuat oleh sebagian ilmuwan atheis yang bertujuan untuk meniadakan eksistensi TUHAN",0,2025-07-13T19:41:32Z,0,False
@putra_drew,Siapa yg nonton ini jam 2 pagi??,40,2025-07-13T19:19:10Z,35,False
@VauzeinKazwaini,anjai,0,2025-07-14T18:03:35Z,0,True
@rizalerda,gw nonton jam 4.40 pagi bro 😅,1,2025-07-16T21:41:13Z,0,True
@midunlambe2353,Saya nontonya jam 06:35 pagi 😂,0,2025-07-16T21:41:41Z,0,True
@NabilaAzzahra-w1i,Dan ak ntn di jam 02.20 dng sisa batre 20%,0,2025-07-17T18:02:07Z,0,True
@MemeTube24,Anjaay aku nonton jam 2 pagiii🥱🥶,0,2025-07-17T19:21:45Z,0,True
@AstagaJerri,"Min,kemarin gua sempet komen di konten lu yg udah setahun lalu ,di lu pasti ada notifnya kan,coba lu cek,pasti lu ngakak sambil heran ,gua koment gini :

Gua : Sungguh indah ciptaanmu ya ya Allah,❤

Dia : (divideo kek gini Gausah bawa bawa nama Tuhan Kocak) 

Gua : hah?

Dia : Tuhan yesus beristirahat setelah 6 hari menciptakan langit dan bumi.

guah : (ga gua bales,gw termenung sedikit tercengang,kira kira exspresi gua gini 🙄)

Trus ada org lain lagi yg bales ,dia bilang gni : (entahlah gua bingung,tapi btw mungkin tuhan yesus kecapean,trus nyante dulu sebat,chill sambil nyruput kopi dlu nggak siii)

Guah : (terdiam)",0,2025-07-13T19:14:36Z,0,False
@wendarifki8381,😅,0,2025-07-13T19:11:10Z,0,False
@Parlemensemesta,"gak usah dikawartirkan bang, nanti juga alam akan mencari keseimbangannya sendiri, nanti juga spesies manusia bakal punah, diganti spesies baru",2,2025-07-13T19:09:11Z,3,False
@riphitdis8384,"Sepertinya manusia itu gak akan punah, tapi menyebar ke spesies baru. Dari tahun ke tahun teknologi kita terus berkembang, tapi mirisnya populasi juga terus bertambah, bumi gak akan bisa menampung manusia yang terus berkembang biak, dan pastinya manusia akan menjelajah ke luar angkasa, nah buat manusia yang berjelajah disana pasti akan beradaptasi, karena manusia gak terlalu mampu beradaptasi di luar bumi. Jadi kalau kejadian ini terjadi, kemungkinan puluhan ribu tahun mendatang manusia dengan spesies terbaru akan tercipta. Spesies Homo Sapiens yang gak akan bertahan",1,2025-07-14T03:57:37Z,0,True
@Vucsh,Tinggal lihat di alquran dijelaskan atau tidak. Hanya itu yang jadi patokan untuk saat ini,0,2025-07-14T08:45:41Z,0,True
@denaefendi7307,​@Vucshhaha masih aja percaya dongeng agama,0,2025-07-14T14:19:19Z,0,True
@belajarberiman2034,Bumi itu datar ya gaiisss,0,2025-07-13T19:00:31Z,1,False
@wakwawdoang,??? rip iq,0,2025-07-14T06:55:20Z,0,True
@MuggleHunt,mantap aku nonton ga kerasa tiba-tiba selesai ❤,0,2025-07-13T18:55:51Z,0,False
@VanVanderrumagit,"Bumi lama"" akan hancur karena ulah kita sandiri jadi marila kita jaga agar anak2 kita dan cucu2 kita bisa merasakan waktu yang lebe lama🙏🙏🙏🙏",1,2025-07-13T18:33:00Z,0,False
@novelaarisaputra21,Nabi adam duluan atau makhluk prasejarah dluan,0,2025-07-13T18:25:48Z,2,False
@tut.01,Kira kira siapa duluan lahir? 😂,0,2025-07-14T14:14:00Z,0,True
@novelaarisaputra21,​@tut.01 nah itu dia,0,2025-07-14T15:18:39Z,0,True
@tatuasyuro,"allah maha besar,allah yang menciptakan itu semua🙌",0,2025-07-13T18:08:35Z,2,False
@wakwawdoang,mabuk agama,0,2025-07-14T06:42:55Z,0,True
@tut.01,🤭🤣,1,2025-07-14T14:14:18Z,0,True
@AhmadMaulidyFirmansyah,"shout out dari pemilihan visual nya yang sangat menakjubkan, jadi penasaran footage nya dapet dari mana yaa? wkwkw",0,2025-07-13T18:00:39Z,0,False
@purnomo-i4m8y,Manusia pertama di bumi  adalah nabi Adam dan Siti hawa,0,2025-07-13T17:54:30Z,2,False
@wakwawdoang,mabuk agama,0,2025-07-14T06:46:54Z,0,True
@tut.01,😂,0,2025-07-14T14:15:10Z,0,True
@karyonokaryono5207,Kalau  bulan  adalah pecahan bumi  kenapa di bulan tdk muncul  kehidupan,0,2025-07-13T17:53:13Z,0,False
@meongcongkok3686,Manusia species paling mengerikan di bumi ini..,0,2025-07-13T17:48:17Z,0,False
@YellyRachmatullah-gd5oy,"life on our planet perlu 1 episode lg, yaitu kesimpulan dan hikmah seperti vid nasi kali ini",0,2025-07-13T17:37:11Z,0,False
@account15929,yeah fr,0,2025-07-13T17:29:41Z,0,False
@itachi_yn,Dunia sudah tua,0,2025-07-13T17:11:14Z,0,False
@Izwandiip12mini,"Bumi mengerikan, apalagi pulau nusantara disana banyak manusia pemimpin yg menjijikkan.",0,2025-07-13T16:59:55Z,2,False
@wakwawdoang,biasa aja,0,2025-07-14T06:44:31Z,0,True
@Izwandiip12mini,"@wakwawdoangpala bapak kau pecah, biasa apanya",0,2025-07-14T10:22:11Z,0,True
@mrwok1881,Keren,0,2025-07-13T16:43:28Z,0,False
@MuhamadIlham-b3j,"Bener kata Mimin nya bumi telah memberi kita semua yang di butuhkan seperti tempat tinggal,makanan,dan yang utama oxigen untuk bernafas dan apa balasan kita kepadanya? Kita tebang hutanya,kita bor perutnya dan ia juga memberikan peringatan kepada kita berupa bencana seperti banjir dan pemanasan rumah kaca seharusnya kita tertampar sebagai mahluk yang memiliki kesadaran kita harus menjaganya bukan merusaknya . terimakasih bumi, terimakasih tuhan dan terimakasih untuk mimin telah memperingatkan kita semua.",209,2025-07-13T16:42:44Z,35,False
@faiLevi,"Namun manusia tidak peduli dengan bumi, malahan meminta ke langit dan memuliakannya.
Para leluhur yg berterimakasih pada bumi dianggap sesat, mayoritas mereka pemuja batu hitam yg konon katanya baru yg jatuh dari surga 😢",3,2025-07-15T01:55:10Z,0,True
@derrybintangpamungkas5039,​@faiLevidaripada nyembah tuhan yg mati di bunuh ciptaanya kan kocak😂,0,2025-07-15T03:34:40Z,0,True
@autotipschannel,​@faiLeviBerterimakasih itu ke Tuhan bkn ke Bumi. Bumi ciptaan Tuhan,3,2025-07-15T14:05:33Z,0,True
@EzraHansel,​@faiLeviEmang Agama Kami Islam Menyembah Batu Gitu?,0,2025-07-16T06:56:41Z,0,True
@EzraHansel,​@faiLeviSelalu Fitnah Nya Ke Islam Aneh Gua Ama Lu,0,2025-07-16T07:00:04Z,0,True
@stoikinshorts,"Gus ulil suruh nonton ini biar tau pentingnya menjaga ekosistem,nggak maruk mentingin dompet sendiri.",0,2025-07-13T16:38:19Z,0,False
@suwantah,Kita bisa memilih untuk menggali membakar dan merusak. Kok kita... Padahal Gw yang disini enggak ngapa ngapain. Kok bisa dikatain merusak 😂,0,2025-07-13T16:28:03Z,0,False
@prayugo6388,Di planet itulah mulyono dilahirkan🗿,0,2025-07-13T16:23:23Z,0,False
@Siapasayaa123,Video ini yg saya cari,0,2025-07-13T16:22:34Z,0,False
@stoikinshorts,"Suka bingung sama ilmuwan,.kok bisa tau yah kisah bumi dari nol 😅",0,2025-07-13T16:14:43Z,1,False
@whale900,"Itu hasil  penelitian ilmiah cuman kan tidak 100 akurat, danjgn di bayanglkan percis sperti di vidio dan film dinosaurus ,karena t rex juga kat ilmuan sprti burung😊
Mnrt saya mah😂",0,2025-07-14T12:51:53Z,0,True
@barangsiapabarangsaya,ko masi ada yang nganggep masiusia dari tanah liat yah😅,0,2025-07-13T16:14:16Z,1,False
@wakwawdoang,"???? di sekolah ada pelajaran bahasa indonesia, bahasa apa ini?",0,2025-07-14T06:56:30Z,0,True
@Ridhobudiman13,Mantep durasinya,0,2025-07-13T16:05:46Z,0,False
@siantaresport,disinilah tumbuh makhluk dengan keserakahan,0,2025-07-13T16:00:51Z,0,False
@Enal-Casper169,Semua sudah di rancang dengan baik dan sempurna oleh ALLAH S.W.T ❤,0,2025-07-13T16:00:13Z,1,False
@wakwawdoang,mabuk agama,0,2025-07-14T06:52:32Z,0,True
@ahmadsubekti1803,Ga bakal sampe otak manusia menggambarkan kebesaran ciptaan allah! Ini mah cuman opini aja 😂,0,2025-07-13T16:00:11Z,1,False
@wakwawdoang,mabuk agama,0,2025-07-14T06:53:38Z,0,True
@toyoharto1430,"Sabda Rasulullah MUHAMMAD saw,,,,bahwa :;; menjelang ISLAM SIRNA dari muka BUMI ini (1500 hijriah) sebelum nya akan terjadi lebih dahulu dahulu PERISTIWA at DUKHON yaw/ kabut asap panas,, Akibat hantaman BATUAN RAKSASA ASTEROID yang jatuh dan menimpa BUMI kita TERCINTA,,,, kejadian nya,,,pada saat si RAJA SETAN IBLIS ( DAJJAL laknatullah) muncul sdra2,,,",1,2025-07-13T15:49:25Z,0,False
@mastain8227,DAN DI BUMI INILAH AWAL MULA KORUPTOR SAKTI SAKTI DI LAHIRKAN... KASIH PIN MIN...???,0,2025-07-13T15:39:11Z,0,False
@mamahazel9651,Narasinya keren banged ❤,0,2025-07-13T15:27:31Z,0,False
@Enjoytheshow-48,"Semakin dalam memahami semakin tidak mungkin manusia (homo Sapiens) tercipta dari tanah 😂😂

Believe system hanya alat control sosial ? Mungkin saja",0,2025-07-13T15:26:04Z,0,False
@taka-id9538,Kalo bisa konsisten kan durasi videonya min... buat pengantar tidur,0,2025-07-13T15:08:33Z,0,False
@e.irawansugiartono3529,"Bagian akhir nya membuat kita merenung, betapa jahatnya kita...",0,2025-07-13T14:57:14Z,1,False
@wakwawdoang,"engga ah, lo aja",0,2025-07-14T06:47:41Z,0,True
@ferdinandwarudu1502,Sudah dicatat di kitab ini mah,0,2025-07-13T14:44:37Z,0,False
@Mrbd-u4o,Ini cerita dongeng seperti cerita agama apa cuma imajinasi para ilmuan ya 😂😂,0,2025-07-13T14:29:41Z,0,False
@takimadventure,"Iya...manusia adalah perusak!!! Sedikit sekali yg sadar.
Kebanyakan mengeksploitasi sumber daya alam secara brutal hanya untuk memenuhi hasrat rakus dunia.",0,2025-07-13T14:23:18Z,0,False
@Azami15,Bg request dalam 30 menit betapa mengerikannya tipu daya perempuan bg,0,2025-07-13T14:18:13Z,0,False
@simpleceety,"Manusia menari di atas bumi, plottwist nya semua makhluk hidup punya sisi gelap dari manusia,hewan ,dam tumbuhan,dan plottwist nya lagi bumi pun doyan menari diatas alam semesta layaknya manusia doyan dugem dan berbuat dosa ,🗿👍🤣",0,2025-07-13T13:55:54Z,0,False
@aansupriyadi8710,Orang sekarang ko kaya tuhan bisa mengetahui bermilyar tahun yg lalu gimana caranya bisa tau kejadian yg sudah berlalu,0,2025-07-13T13:26:15Z,0,False
@hermawanui2421,Turunnya Nabi adam di zaman apa bang ?,0,2025-07-13T13:22:23Z,0,False
@KevinFrederik-q7k,Teori BINGBANG bumi dan planet lainnya dlm tata Surya dihasilkan dari ledakan bintang 🌟 raksasa hingga semua makhluk di bumi termasuk manusia dihasilkan dari  evolusi tetapi sampai sekarang manusia tidak dapat lagi berevolusi menjadi monyet 🐒😅😅😅😅😅,0,2025-07-13T13:19:23Z,0,False
@mdzultvdls2114,"maaf min untuk teori mnusia nya gua ga prnh percaya dgn teori nya org barat yg mengatakan mnusia berasal dari kera

bagi kami yg muslim manusia itu ya berasal dari mnusia yaitu nabi Adam A.S
dan di dlm islam di jlskan mnusia jmn dulu itu tinggi dan besar
ga ada tuh di ceritakan mnusia berasal dari kera
itu cm teori org barat...",0,2025-07-13T13:17:16Z,0,False
@RudymangkuloKulo,"Ini bersumber dari NASA min,,dia membentuk propaganda seolah2 analisa astronomi mereka yang benar, ada beberapa narasi yang tidak masuk akal,.
Adakah sumber selain NASA sebagai perbandingan aja min..
Maaf ini hanya usul,
Misalnya versi agama gitu.",0,2025-07-13T13:15:18Z,0,False
@boncusynlucker4317,"anjir baru kali ini gua tau wajah admin, mirip gua sumpah",0,2025-07-13T13:04:45Z,0,False
@kakeksugiono5768,"Harusnya di awal, konten berbahaya!! Hanya untuk orang beriman kuat 😂😂😂",18,2025-07-13T13:03:26Z,4,False
@shintafadilah6878,Agama islam aja menceritakan peristiwa ini,2,2025-07-14T17:41:14Z,0,True
@putrirahayuningtyas4083,"Justru selama melihat dari awal sampai akhir aku nggak berhenti ngucap muji tuhan sih, maha hebatnya tuhan yang menciptakan.. kalau dalam Islam belajar dan adanya ilmu pengetahuan itu jadi sebuah sarana muhasabah atau kontemplasi yang membuat kita semakin sadar keagungan dan kemahahebatan Tuhan ♥️",5,2025-07-16T14:53:50Z,0,True
@feriefen,"Sebelum teori beginian ditemukan, Kitab Suci kami udah lebih dulu menulisnya.",0,2025-09-16T04:31:07Z,0,True
@catatanrumi9279,"​@feriefenMonggo kak perbanyak lagi bacaanya, biar lebih paham. Apalagi tentang sains dan agama.",0,2025-09-20T11:30:35Z,0,True
@endrue211,Cibaku Tensei,0,2025-07-13T12:57:52Z,0,False
@saputraadi6580,"Banyak premannya, tukang palak, ormas dan kang parkir liar yg galak",0,2025-07-13T12:41:01Z,0,False
@ekafachlevi2039,"Admin...bagaimana jika teori ini terbalik...Theia lah yang ditabrak bumi...karena secara logika Manusia tidak bernafas dengan Nitrogen,dan kemungkinan besar bumi lah yang membawa oksigen ke theia yang 80 % kandungannya Nitrogen..ketika percampuran melalui tabrakan terjadi, menciptakan komposisi kimia baru dan membentuk komposisi udara saat ini...Apakah menarik untuk dikaji ?",1,2025-07-13T11:58:33Z,0,False
@Ryantanu-fyp,saya berdoa agar bumi cepat bergejolak dan hancur,0,2025-07-13T11:42:54Z,1,False
@Archerman_IceMaster_GD,KLO Bumi Hancur Kita Mau Tinggal Di Mana Jahat Kamu😡,0,2025-09-07T00:33:08Z,0,True
@zainurr7429,Jadi intinya manusia dari mamalia kecil,0,2025-07-13T11:40:43Z,0,False
@AddicTripBackpacking,Gak setuju sama teori darwin nya dan gak sudi berasal dari monyet,0,2025-07-13T11:37:54Z,0,False
@vitocorleone19,"Ancaman bagi bumi saat ini adlh Yahudi, Barat, kapitalis",0,2025-07-13T11:35:29Z,0,False
@zuraidajamilah1484,klo bumi dari ledakan supernova...klo manusia berasal mula dari apa pastinya,0,2025-07-13T11:22:14Z,0,False
@OOKYE,"Gilak master piece bang 👍
Selain mengedukasi juga ngasih pesan moral buat para penonton ....
Semangat terus mimin 🔥 gw dukung bikin konten yg durasinya pnjang kek gni...",0,2025-07-13T10:44:44Z,0,False
@romadion4180,Akhirnya...upload juga .lama bet gua tunggu bang😅,0,2025-07-13T10:03:16Z,0,False
@rickyawan.,.,0,2025-07-13T09:36:36Z,0,False
@xroflosdklbjedl_Hcuklowhbn,"apapun yang manusia lakukan tidak akan menghancurkan bumi, yang benar adalah mempertahankan spesies kita (manusia) di bumi, mau sehancur apapun bumi akan tetap ada kok, kalimat yg mengatakan selamatkan bumi hanya omong kosong belaka, bumi tidak perlu di selamatkan yang sebenarnya kitalah yg perlu, mau global warming atau beku sekalipun bumi selalu melewati fase ini dan baik baik saja, bumi bisa meregenerasi dirinya entah itu baik atau buruk bagi penghuninya bumi tidak peduli akan hal itu karena tugas kita untuk peduli dengan kelangsungan spesies kita, ketimbang mengatakan selamatkan bumi alangkah baiknya katakan selamatkan spesies kita walau tidak terdengar heroik itu tidak apa",0,2025-07-13T09:35:04Z,0,False
@mamaipiSingSong,"Bulan kan serpihan bagian bumi,kok bulan tidak bisa biru seperti bumi yahh
😅",0,2025-07-13T09:21:37Z,0,False
@zie8104,"Ketika kata hidup belum di ciptakan,,,dan kata nyaman belum di temukan...🥺sangat penasaran sama mimin yg bikin narasi selalu mak jlebb...dan akhirnya rasa penasaran terjawab di akhir vidio...😅",0,2025-07-13T09:15:23Z,0,False
@yazinside9900i,Hal mengerikan dari bumi : pejabat indonesia,0,2025-07-13T08:58:31Z,0,False
@Vian.A.L,sangat mengharukan😢,0,2025-07-13T07:55:10Z,0,False
@Nindddddd,"suka banget kak lanjutkannnn, banyak konten kyk gini tpi voice overnya pke AI, buatku itu ga nyaman bgttttt",0,2025-07-13T07:50:17Z,0,False
@joyforlife6089,Itu semua cuma teory manusia dan manusia bukan berasal dari evolusi hewan monyet dan hanya org bodoh yg percaya dengan teory profesor gila...hanya org ateis yg tdk percaya adanya tuhan jadi mereka mengarang manusia dari ovolusi hewan monyet...jadi tanyakan ke org2 ateis itu trus knp monyet sampe skrg tdk bisa jadi manusia pasti mereka akan ngarang bebas😮,0,2025-07-13T07:18:36Z,0,False
@FaaStudioOfficial,Bang saran dari ku setiap diakhir video habis pembahasan kasih kata kata yg sesuai dengan planetnya bang kayak yg venus kemarin,0,2025-07-13T07:15:12Z,0,False
@Voyager001,Akhirnya kita akan menuju zaman KEPUNAHAN... 🥺,0,2025-07-13T07:13:25Z,1,False
@wakwawdoang,"engga ah, lo aja",0,2025-07-14T06:47:27Z,0,True
@rintebayo9951,Puitis sekali openingnya,0,2025-07-13T07:11:53Z,0,False
@Koplak-j6s,"Tp aku tak setuju, manusia di narasikan asal muasal dari hewan. Krna itu tdk logika... Manusia tetaplah berasal dari manusia bukan berevolusi dari hewan.
Tuhan la yg mengirim manusia ke bumi.. bermula dari adam dan hawa....",0,2025-07-13T07:07:38Z,0,False
@MuhammadZen-h2m,"Masya Allah 

Al-Anbiya ayat 30",0,2025-07-13T07:01:45Z,0,False
@dimasnurbagja5476,:),0,2025-07-13T06:58:35Z,0,False
@dimaspermana420,The Pale blue dot,0,2025-07-13T06:58:13Z,0,False
@Sibocil8879,2:45 kaget:),0,2025-07-13T06:45:16Z,2,False
@wakwawdoang,b aja,0,2025-07-14T06:50:51Z,0,True
@Sibocil8879,​@wakwawdoang lah aku cuman bilang....,0,2025-07-14T06:56:18Z,0,True
@santribudugh-dl8zz,Bumi hanyalah bagian kecil dari alam semesta bagai debu dan api. Berlomba membangun istana di atas gunung berapi,0,2025-07-13T06:39:58Z,0,False
@KhanaKinansyah,Indahnya ciptaan mu ya rab 🥹❤️,35,2025-07-13T06:22:55Z,8,False
@nell9400,kentut,0,2025-07-20T01:15:15Z,0,True
@coskacang,Apa buktinya ya ? Ada thesis atau data empiris ?,0,2025-07-21T11:54:59Z,0,True
@ZonaEdo,"Gak usah berfikir jauh-jauh bukti thesis atau data. Yang membuat semuanya berjalan sempurna itu bukan kebetulan. Mulai dari ledakan Supernova, proses pembentukan tata Surya, bagaimana bumi ini berproses dengan sempurna itu sudah membuktikan bahwa Tuhan itu ada.",3,2025-07-22T19:25:42Z,0,True
@ghostdarkness6871,LOL,0,2025-08-03T18:03:31Z,0,True
@adams546,Salah channel ukhti,0,2025-08-15T14:17:53Z,0,True
@victorfendi7491,di ruang hampa apakah ada suara ledakan min ?,0,2025-07-13T06:11:50Z,0,False
@rindumantan6590,Back sound lu kegedean cok,0,2025-07-13T05:59:58Z,0,False
@Anita-qf6jq,Dan Jangan Nyampah...,0,2025-07-13T05:58:55Z,0,False
@Givase-u4b,bang aku takut,0,2025-07-13T05:49:12Z,0,False
@GalungArt,Jos videonya om,0,2025-07-13T05:48:23Z,0,False
@pecahretak4384,"jadi inget kata2 biksu thong sam chong ""kosong adalah isi dan isi adalah kosong"" 🐵🐷🧔‍♀👲🐴",0,2025-07-13T05:43:56Z,0,False
@HeruSantoso-uj6en,"Bumi itu 25 % adalah FAKTA selebihnya selebihnya 75 % adalah MISTERI sbg HAK ALLAH SWT yg tak terjangkau AKAL manusia. 

Artinya :
Bumi penuh dengan KEINDAHAN & KETAKJUBAN disediakan untuk manusia asal menikmatinya senantiasa bersandar kepada sang pemilik KURSI Kekuasaan ALLAH SWT",0,2025-07-13T05:43:27Z,0,False
@sunitasagar5627,"Lu gamau jp juga diGa Ru Da-Ho Ki, Gua mah udah💥😍",0,2025-07-13T05:34:22Z,0,False
@彡彡-d5h8v,Ga sia sia maen diGaruda-Hoki beneran gua wd😇,0,2025-07-13T05:32:21Z,0,False
@Rupeshmajhi-e5t,Gas Langsung gapake lama diGaruda-hoki🙀,0,2025-07-13T05:32:21Z,0,False
@DeepakYadav-or4zg,GA RU DA HO KI..member baru pasti jepe💛,162,2025-07-13T05:32:12Z,0,False
@Kousi4,Mau percaya atau nggak diGa ru da-Hoki gacor bgt boss😍,0,2025-07-13T05:32:12Z,0,False
@ninithakumari1383,yang udah pasti wd yaGa-Ruda-Hoki dong⚡️,0,2025-07-13T05:32:12Z,0,False
@LaltuDhibar-v3l,Member baru diGar-uda-Hoki Pasti jepey😎,0,2025-07-13T05:32:00Z,0,False
@the_create_112,Gokill gw juga Maxwin diGaruda-Hoki modal 100doang🙈🔥,0,2025-07-13T05:32:00Z,0,False
@SangramBehera-wt1nf,Tolong dong gua kejebak depo DiGa-ruda Ho-ki jd candu bgt🙈,0,2025-07-13T05:32:00Z,0,False
@novelio_hermawan,Keren bangettttt 👍👍👍👍👍👍👍👍,0,2025-07-13T05:26:00Z,0,False
@ridwanhermawan8833,Thakyou bang dapet nambah wawasan,0,2025-07-13T05:23:28Z,0,False
@WONGNOOB,Keren bang,0,2025-07-13T04:47:45Z,0,False
@answer5951,"Teorinya masuk akal...tp , Alqur'an menceritakan Alloh SWT menciptakan bumi dlam 6 hari(beserta isinya). Sedangkan ilmu manusia bumi dan planet itu sngat kompleks penuh dengan teori",0,2025-07-13T04:43:48Z,0,False
@yarkaltim,"Coba cek ulang umur alamm semesta ( bumi) yang aku tau. 13,8 milyar tahun, kutanya ai juga jawabnya kisaran begitu, tapi di video ini 4,5 milyar tahun. Supaya runut peristiwa sejarah tidak bias bang. Salam",0,2025-07-13T04:27:56Z,0,False
@pangeransunda298,"Bumi masih keneh gonjlan, daratan masih keneh budahan, batu masih keneh beye ini adalah pepatah sunda wiwitan",0,2025-07-13T04:26:22Z,0,False
@alansyakib,Masih gak terima alam semesta yg sempurna ini terjadi dari hasil ketidak sengajaan hasil dari ledakan big bang .,1,2025-07-13T03:57:31Z,0,False
@P-vey,"kan selama ini kita berbicara awal mula munculnya hewan hewan, nah kalau tumbuhan itu datang dari mana bang? apakah awalnya mereka itu ""tumbuhan"" laut yang berevolusi juga?",0,2025-07-13T03:57:00Z,0,False
@zhaara8884,"semacam patch note, dan menunggu reset season dari developer.",0,2025-07-13T03:54:36Z,0,False
@yuniartaallizzaputri9947,"Thx penjelasannya edukatif banget penjelasannya mudah dipahami, ditunggu video2 selanjutnya ..",0,2025-07-13T03:08:25Z,0,False
@semangat1malaysiadihatiku930,"Alhamdulillah.. Sesungguhnya Allah SWT itu Al-Khaliq, Sang Pencipta seluruh makhluknya. Kita bukanlah mahu meyakini teori sains itu melebihi kekuasaan dan kebesaran Yang Maha Pencipta tetapi Allah SWT sendiri memerintahkan kita untuk menggali pengetahuan agar kita lebih menginsafi sekaligus mengakui kekuasaanNya serta KeberkehendakkanNya (Qudrat dan IradatNya).",0,2025-07-13T03:05:37Z,0,False
@Logosmen20,"masuk logika secara materi..tolong bang cari tau donk perbaharui..sinkronkan..dengan kisah nabi adam...apakah logika manusia sanggup memahaminya....
good job...video yang menyenangkan",0,2025-07-13T02:46:42Z,7,False
@Ruu1RedHood1,"Bikin aja sendiri, G semua orang yg meneliti beragama islam",0,2025-07-13T09:21:33Z,0,True
@Logosmen20,​​knpaa bawa bawa agama sekarang guah tanya siapa manusia pertama jujur lu mengakui adam kanjgn bhong hanya untuk merasa menang ok cil@Ruu1RedHood1,0,2025-07-13T10:30:46Z,0,True
@Ruu1RedHood1,"​@Logosmen20cal cil emang lu siapa gw ngentot, lu bawa² adam emang adam siapa?",0,2025-07-13T10:33:42Z,0,True
@Ruu1RedHood1,"​pemahaman manusia skrng mana bisa singkron sama adam dongo, manusia skrng punya cara sendiri buat menjelaskan bagaimana awal mula kehidupan",0,2025-07-13T10:34:52Z,0,True
@Ruu1RedHood1,"Lah dihapus komennya tai, sok asik banget kalau G ngerti sama yg orang omongin diem aja, lu bawa nama Adam udh pasti dari agama, manusia pertama katanya, kan beda pemahaman manusia zaman skrng punya cara sendiri buat ngebuktiin mana bisa singkron sama agama",0,2025-07-13T10:37:58Z,0,True
@dimashs21,"Secara tidak sadar, bumi memberi hukuman kepada manusia lewat virus yg mematikan.",0,2025-07-13T02:46:08Z,1,False
@wakwawdoang,"engga ahh, lo aja",0,2025-07-14T06:51:39Z,0,True
@yudicandra0619,awal munculnya dino dari apa bg?,0,2025-07-13T01:59:38Z,0,False
@hadisuryana7266,"Yang meneliti manusia yang menyimpulkan manusia yang ngasih nama manusia juga Allah dengan cara apapun agar seluruh makhlukNya dapat mengenalNya, mantap bang nasi lanjutkan😂",15,2025-07-13T01:58:37Z,1,False
@wakwawdoang,mabuk agama,0,2025-07-14T06:40:15Z,0,True
@Ismail-d9b-x5s,Bumi hanya setitik butir kecil terlihat dari luar angkasa namun jalan hidup ku terasa sangat berat oleh beban dari segi arah,0,2025-07-13T01:55:17Z,0,False
@reymaul922,"""kita hanya punya dua pilihan, menjadi perusak alam atau penjaga dan pelestari alam"" kita memang sangat butuh alam mulai dari makanan hingga produk produk lain, tapi jika alam terus dirambah tanpa memikirkan untuk juga menjaga alam dan isinya dengan cara pemulihan dan menyetop perambahan ilegal yang di dalamnya juga banyak satwa yang berfungsi atau juga punya tanggung jawab masing masing untuk alam. lantas apakah predikat penjaga atau pelestari alam dengan memanfaatkan alam dengan baik itu ada padda kita? attau predikat perusak dengan merambah terus menerus sampai manusia sadar akan pentinya alam nanti?",1,2025-07-13T01:50:31Z,0,False
@noordenis5813,"bumi....... membandingkan semut dengan manusia mereka akan terlihat kecil dan manusia dengan bumi akan terlihat kecil, membandingkan bumi dengan matahari akan terlihat kecil bahkan memandikan matahari dengan blackhole  dan banyak lagi, sungguh tidak pantas bagi kita untuk berperilaku sombong.",0,2025-07-13T01:43:14Z,0,False
@muhammadfarisbalya,Bumi adalah hukuman dan penjara bagi umat manusia,0,2025-07-13T01:11:37Z,0,False
@teke5994,"2:28
اَوَلَمْ يَرَ الَّذِيْنَ كَفَرُوْٓا اَنَّ السَّمٰوٰتِ وَالْاَرْضَ كَانَتَا رَتْقًا فَفَتَقْنٰهُمَاۗ وَجَعَلْنَا مِنَ الْمَاۤءِ كُلَّ شَيْءٍ حَيٍّۗ اَفَلَا يُؤْمِنُوْنَ

Artinya: ""Dan apakah orang-orang kafir tidak mengetahui bahwa langit dan bumi keduanya dahulunya menyatu, kemudian Kami pisahkan antara keduanya; dan Kami jadikan segala sesuatu yang hidup berasal dari air; maka mengapa mereka tidak beriman?"" (QS Al-Anbiya: 30)",1,2025-07-13T01:03:14Z,2,False
@MionaNahiyani,Cocoklogia,2,2025-07-13T03:18:40Z,0,True
@wakwawdoang,mabuk agama,0,2025-07-14T06:52:16Z,0,True
@richardsusanto5675,Dinosaurus bukan reptil… bahkan burung lebih deket ke dinosaurus di banding reptil wkwkwk ubah lah kebiasaan mengaggap dinosaurus itu reptil,0,2025-07-13T01:02:54Z,1,False
@jokogundul1720,"kalo t rex tingginya 7 meter, dan nabi adam 60 hasta atau sekitar 30 meter, ya pantes kalo t rex udah kayak manusia sama ayam. 😃",0,2025-07-13T01:05:28Z,0,True
@DF-san,Wih akhirnya dibikin juga videonya,0,2025-07-13T01:02:35Z,0,False
@taufikhidaya3083,Sangat bermanfaat mengedokasi,0,2025-07-13T00:55:51Z,0,False
@kadalbuntung2,Tirek lucu ya tangannya kecil kayak unyil 😅,0,2025-07-13T00:40:19Z,0,False
@hanifiddindin2995,🤝👌,0,2025-07-13T00:36:10Z,0,False
@Roffchannel2,Sains fiksi,0,2025-07-13T00:33:25Z,0,False
@hamkaalhambra9078,Bumi begitu rentan ya.,0,2025-07-13T00:31:39Z,0,False
@agungsatchild8352,Manusia sampah,0,2025-07-13T00:11:16Z,0,False
@malingkorek2025,"Aku jadi ingat salah satu dialog dalam film Jurassic World ,"" kita Masih Ada di Bumi hanya Karena Bumi Masih Mengizinkan Kita Hidup diatasnya """,0,2025-07-13T00:09:45Z,0,False
@zhetrasan9489,Jadi semakin yakin kalau manusia berasal dari manusia sekarang yang menghindari bahaya dari tempatnya berasal👀,0,2025-07-12T23:51:50Z,0,False
@hypemurah3153,From Dieng Plataeau Wonosobo Indonesia with love❤❤❤,1,2025-07-12T23:41:22Z,0,False
@kurniawanujp8250,Y ngeri lh ada Isrewel,0,2025-07-12T23:32:05Z,0,False
@Roxzhytam,"Gw baru aja lihat kisah ini dibuku cosmos karya carl sagan , bahwa kita adalah bagian dari bintang",0,2025-07-12T23:09:15Z,0,False
@salmanjawara,"tidak mungkin semua itu terjadi dengan tanpa perencanaan, pertanyaan utama yang muncul adalah siapa yang metencanakan semua itu. Yang apaling penting adalah kemuncula jiwa soul yang muncul dan memunculkan kehidupan,",0,2025-07-12T23:06:34Z,1,False
@wakwawdoang,mio soul?,0,2025-07-14T06:45:47Z,0,True
@heriyanto-e5g,"Seharusnya yg duluan itu merkerius, mars setelah itu baru bumi😢",0,2025-07-12T23:03:20Z,0,False
@MetroTube80,EPIC✋😐🤚,0,2025-07-12T22:35:30Z,0,False
@Sulastri-x5y,"Yg paling mengerikan di planet bumi adalah -kita, manusia",0,2025-07-12T22:06:43Z,0,False
@Hendra-ndra,Keren bang🔥 maaf bang klo dipake buat radio bang,1,2025-07-12T21:56:41Z,0,False
@Onemilion88,cerita dongeng apaan ni?,0,2025-07-12T21:44:18Z,2,False
@MetroTube80,"Lebih tepatnya teori bukan dongeng, ayolah tunjukkanlah kritisimu jika kau tidak percaya kau bisa sebutkan bukan malah mengolok-olok",0,2025-07-12T22:46:15Z,0,True
@heriyanto-e5g,Ilmiah buat hiburan,0,2025-07-12T23:00:29Z,0,True
@hadyanfariz,Channel ini menganut teori Darwin..,0,2025-07-12T21:25:52Z,0,False
@resikanovitasari425,"Gila bang,konten kali ini yg paling senpurna diantara lainya",0,2025-07-12T21:21:53Z,0,False
@CovidOmicron-dc7jd,dibumi yang paling mengerikan ya itu KORUPTOR,0,2025-07-12T21:07:34Z,0,False
@Jesicamiraaa,Yg tahu semuanya hanyalah tuhan sang pencipta. Manusia gabisa asal menyimpulkan bumi aja masih belum terjamah semua apa lagi luar angkasa. Ini namanya pembodohan kafir,0,2025-07-12T21:07:07Z,0,False
@Kid_buuu,"Terlalu banyak missing link, terlalu banyak loncat2",0,2025-07-12T21:00:46Z,2,False
@heriyanto-e5g,🤔,0,2025-07-12T22:59:23Z,0,True
@Kid_buuu,🤔​@heriyanto-e5g,0,2025-07-13T15:16:39Z,0,True
@ahmadijibril-vm9xp,jek carpak jeh. taoh disapah kakeh. jek sekolah tak lulus kanah. ometaoh mloloh,0,2025-07-12T20:21:05Z,0,False
@ObyInsani18-w1y,"""kita adalah bgian dri bumi maka kita akan kembali pda bumi""",0,2025-07-12T20:20:18Z,0,False
@PROLINXCHANEL135,"Zaman manusia pasti nanti ada akhirnya, entah dengan tabrkan lagi atau bumi ini akan hancur sperti kepingan debu , entah itu kapan tapi sya yakin itu akan terjadi lagi,,,, tindakan kita akan jadi Certa bumi di masa mendatang ,, sungguh agung kuasa tuhan. Yang telah menciptakan alam semesta beserta isinya ini,",14,2025-07-12T20:09:34Z,9,False
@unyilkucing,"betul, gue bulan lalu iseng2 ikut keluar angkasa ngeliat atmosfer bumi udah ga kayak biasanya, pas pilot ngajakin ke mars, auranya masih asli kyk jmn dlu , intinya bumi mengalami krusakan tahun ke tahun",0,2025-07-13T08:01:05Z,0,True
@kakeksugiono5768,​@unyilkucinglo gila ya 😅😅,0,2025-07-13T13:12:04Z,0,True
@wakwawdoang,@unyilkucingkurangi makan parameks,0,2025-07-14T06:41:36Z,0,True
@tut.01,"Jujur, gue ketawa baca komentar lo 😂
​@unyilkucing",0,2025-07-14T14:12:34Z,0,True
@almansursupriadi7039,"Di alquran sudah jelas semua kejadian yg anda utarakan . Silahkan buka  Surat al infithar, al qiyamat, al inshiqoq, al haqqah , atthagabun dan surat2 lainnya.",1,2025-07-19T20:11:00Z,0,True
@MalasinOfficial,"Manusia tidak akan pernah bisa menyelamatkan planet ini, planet ini akan menyembuhkan dirinya sendiri dengan syarat Manusia harus Punah",0,2025-07-12T19:55:48Z,0,False
@ok_bro-one,"Iya, ini dibuktikan dibawah tanah ini, tersimpan panas bumi ( magma ) yg terselubung kulit bumi yg mengeras..,sewaktu2 muncul ketika ada gunung meletus..,mengeluarkan Lava dari magma..,makanya jika tidak ada gunung meletus ,bisa meledak bumi ini karena tekanan dari dalam bumi yg penuh gas dari panas bumi😢..,bersyukurlah masih ada gunung api meletus..berarti bumi masih normal",0,2025-07-12T19:49:25Z,0,False
@semaranom21,"Tinggal mars sama merkurius nih, dari seri mengerikannya planet tatasurya..",1,2025-07-12T19:48:05Z,0,False
@awilan3375,"Prnah dpt teori gini kalo secara default seharusnya alam semesta itu tidak memiliki kehidupan. Tapi bumi merupakan anomali/bug/glitch dri alam semesta. Maka dari itu sekeras apapun manusia mencari kehidupan di luar bumi ""mungkin""  itu tidak ada....",0,2025-07-12T19:34:27Z,0,False
@AbellKarawang,Semua itu hanya karangan manusia sndri dugan manusia dan gk da yg tau sbnrnya yg trjadi,0,2025-07-12T19:16:36Z,2,False
@deRauto-t8z,berarti Tuhan juga karangan manusia?,0,2025-07-13T02:31:03Z,0,True
@ryaneko8576,Ya makanya cari tau..itulah gunanya otak akal dan pikiran diciptakan,0,2025-07-14T01:55:37Z,0,True
@AbellKarawang,Pertanyaan nya siapa yg dlu manusia hidup KNPA bisa tau ratusan juta taun yg lalu sdgkn umur manusia GK nyampe sgtu,0,2025-07-12T19:15:44Z,0,False
@ryuken_ishidaa,"rule no 1: jangan buka comment di konten luar angkasa

pasti bakal nemu 1-2 idiot terbelakang sdm rendah",2,2025-07-12T19:15:24Z,1,False
@MionaNahiyani,Maksudnya si pemilik kos2an surga?,0,2025-07-13T03:29:16Z,0,True
@RizahRamokta2111,Bang dulu homo sapien kentutnya bunyi ga bang..???,0,2025-07-12T19:14:06Z,0,False
@boegorhujan,Seru ni dongeng nya,7,2025-07-12T18:52:40Z,7,False
@meng2038,Penikmat dongeng teriak dongeng 😂🤣,0,2025-07-12T21:53:55Z,0,True
@heriyanto-e5g,Hiburan untuk di nikmati saja,2,2025-07-12T23:04:56Z,0,True
@boegorhujan,​@heriyanto-e5g betul sekali,0,2025-07-13T02:23:28Z,0,True
@boegorhujan,​@meng2038jangan terlalu seruis  ini dongeng karangan orang amerika😂😂,1,2025-07-13T02:26:44Z,0,True
@MionaNahiyani,​@boegorhujankalau dongeng manusia membelah bulan gmana?,1,2025-07-13T03:28:26Z,0,True
@hirakukazeo525,"yg mngerikan itu bkn planetnya, tpi slh satu mahluk yg mengisinya",0,2025-07-12T18:46:48Z,0,False
@EntitasHitam,"Semangat bang buat kontennya, pasti susah buat konten bermanfaat kayak gini, dan juga semoga kita semua bisa pada sadar dan berhenti merusak alam ❤❤❤",39,2025-07-12T18:45:30Z,0,False
@ikanurfitrianamd.9620,Pesannya tersampaikan kok bang.. sambil penonton dapat ilmu kembali ttg fase2 kehidupan d bumi 👍🏻👍🏻👍🏻,9,2025-07-12T18:37:59Z,1,False
@SonicCyaTheHedgehog,"Admin Mempelajarinya Banyak Hal Dari TIMELAPSE OF THE FUTURE: A Journey to the End of Time  

Luar Biasa Min Karena Memang Tentang  Semua Kehidupan ini Begitu Ajaib Kita Tidak Bisa Bayangkan Sebelum Manusia Ada  Kita Itu Berada Di Mana ? Itulah Mengapa Mungkin Namanya Jiwa Memang Ada Dan Memang Alam Semesta Yang Menciptakan Kita Seharusnya Alam Semesta Seperti Memiliki Pikiran Atau Apapun Itu

Dan Jika Manusia Sudah Merusak Bumi Hingga Membuat Tidak Layak Huni Manusia Siap Pindah Ke Planet Lain Tapi Sampai Kapanpun Bumi Adalah Planet Tempat Awal Mula Manusia Lahir Atau Muncul

Dan Tetap Sih Video Dari TIMELAPSE OF THE FUTURE: A Journey to the End of Time  Selalu Yang Paling Membuatku Merinding",0,2025-07-15T17:52:10Z,0,True
@faishaldzaki-kq2jz,Keren ❤,2,2025-07-12T18:37:27Z,0,False
@RagsMount-m1t,"BANG BAHASA 9 MATAHARI ATAU 10 MATAHARI 
BERAPA BENUA YANG ADA ? SAAT INI DI BUMI.
LEGENDA ADA YANG MEMADAMKAN MATAHARI AKHIRNYA TERSISA 1.
ADA APA DENGAN BENUA ?
BUKAN KAH DI ATAS KEPALA ORANG TUA
ANAK NYA MAKAN APA TIDURNYA,ISTRINYA SIAPA, DLL.
LALU ADA APA DENGAN LEPENG BUMI ?
?????????????????
DAN MATAHARI
APAKAH ADA PETA BINTANG DI BENUA LEMPENG BUMI LAINNYA. APAKAH KITA BERADA DI SISA KEPALA ORANG TUA KITA, ILUSTRASI 
APA RAHASIANYA ????????????",0,2025-07-12T18:32:50Z,0,False
@Ferdy_Samboo,"Di China robot bisa bikin robot, abad 22 mungkin awal kepunahan massal karena pekerjaan udah di ambil alih robot dan betapa canggihnya robot di jaman itu",0,2025-07-12T18:09:15Z,0,False
@yoshinoya020,"MasyaAllah tabarakallah, amal jariyah buat admin yg sudah membuat konten berkualitas sekaligus pengingat di tengah hiruk-pikuk kehidupan sekarang ini.",8,2025-07-12T18:00:52Z,10,False
@SonicCyaTheHedgehog,"Berhentilah Menyebut Nama Tuhanmu Dan Kepercayaanmu Yang Bernama Islam Lebih Baik Belajar Tentang Kehidupan Dari Pada Hal-Hal Seperti Itu.
Amerika Sudah Berperan Sangat Penting Untuk Masa Depan Manusia BUat Untuk Nanti Hidup Di Planet Lain Karena Amerika Yang Telah Mempelajari Alam Semesta Sejauh Ini Sedang Kalian ? Sedang Kalian Negara Islam Bisa Buat Apa ?",0,2025-07-15T17:41:20Z,0,True
@RamdanFazri,​@SonicCyaTheHedgehogIslam sudah di buktikan secara sains,0,2025-07-16T23:07:36Z,0,True
@SonicCyaTheHedgehog,@RamdanFazri Maksudmu?,0,2025-07-17T03:03:55Z,0,True
@literasivdofficial2750,"Dablek, ini teori dari barat alias masih nerka² dari NASA, yang dijelasin video ini hanya teori plus digiring dengan narasi, lu tau kan penciptaan bumi menurut islam itu beda dengan yang divideo",1,2025-07-17T18:10:10Z,0,True
@RamdanFazri,​@SonicCyaTheHedgehogcuma memberitahu,0,2025-07-17T22:20:41Z,0,True
@DianHardianto-z3k,Cepat atau lambat semua akan berahir dan kita mati tak ada yg perlu diperjuangkan mati2an nikmati saja hidup ini,1,2025-07-12T17:47:45Z,0,False
@Achmadsalim-b4f,Mantap min,2,2025-07-12T17:39:25Z,0,False
@xiaomaytech,Mari sejenak kita hormati bumi yang sudah memaklumi kehidupan manusia walaupun ada saat nya bumi akan lelah dan berhenti memaklumi... 😢,0,2025-07-12T17:20:15Z,0,False
@Elaina_N-EX,Next bahas planet x/9 bang,0,2025-07-12T17:16:49Z,0,False
@marufineffendy5131,Dengan bumi seperti itu akir kesimpulanya ijazah Asli/Palsu ? 😂😂😂,0,2025-07-12T17:10:26Z,0,False
@IrgiFegelein97,"Awal kehidupan dalam kosmologi tercipta dari Api dan ledakan massive dalam proses penempaan milyaran tahun lamanya..

Dan, ini project video sinematis yg hebat, membuktikan kualitas channel ini sebagai media astronomi Indonesia terpercaya.",3,2025-07-12T17:10:14Z,0,False
@ResyaFitri,takjub bgt sama pengetahuan yang disampaikan dan narasinya pemyampaianya keren😍,24,2025-07-12T16:43:24Z,0,False
@ilhamrosadi703,Mars udah di bahas kah bang,0,2025-07-12T16:30:27Z,1,False
@heriyanto-e5g,"Blm, merkerius aja masih blm",0,2025-07-12T22:58:21Z,0,True
@505G-f4v5l,Yang bikin alien kagak mau muncul karena manusia masih saling memusuhi saling menciptakan blok barat dan timur harusnya manusia sadar bahwa dirinya belum sempurna,1,2025-07-12T16:25:39Z,3,False
@heriyanto-e5g,😅,0,2025-07-12T23:07:23Z,0,True
@wakwawdoang,????? rip iq,0,2025-07-14T06:54:01Z,0,True
@505G-f4v5l,​@wakwawdoang lah nyatanya begitu kok manusia itu harusnya sadar diri dulu,1,2025-07-14T07:34:17Z,0,True
@robiaxcel8826,Setiap narasi di web ini disampaikan dengan mantap. Penceritaannya disampaikan dengan sangat baik. Seperti mendengarkan cerita dongeng atau fantasi yang indah.,91,2025-07-12T16:10:55Z,3,False
@akndbdjdkxnd,Dengerinnya pas mau tidur 😌,1,2025-07-19T15:31:53Z,0,True
@RoniRaimin,Mantap bro.. ini bukan seperti cerita dongeng.. tapi luar biasa benaren... rasanya manusia juga bisa berasal dari kutu..😅,0,2025-07-23T14:20:02Z,0,True
@illvart,web? njir,0,2025-11-24T17:38:26Z,0,True
@achmadadzka7534,Kwkwkw beneran dibuatin😅😅,1,2025-07-12T16:03:02Z,0,False
@ChoirulalifSyafii-y8s,yg nonton tapi ngga komen mana suaranya 😂🤙🏻,0,2025-07-12T15:57:41Z,0,False
@kokohricoh2593,Bjir di bikin juga ini vidio gokil,1,2025-07-12T15:34:20Z,0,False
@WAF1QQ,Video sebagus ini harus banyak yang nonton,0,2025-07-12T15:33:49Z,0,False
@MuhamadMasudOfficial,Takdir yang sudah direncanakan dan ditetapkan,0,2025-07-12T15:31:49Z,0,False
@Documentarypluto,20:42 awal kehancuran manusia 🥲,1,2025-07-12T15:31:42Z,0,False
@nikadekwindayani3104,❤,0,2025-07-12T15:28:12Z,0,False
@alfrenza,"Video ini mengangmdung makna dan pembelajaran yg dalam dan luar biasa, mari beri applause buat creator video ini, ilustrisinya jelas dan ga melenceng, setiap katanya dikemas secara rapih tapi ga lebay tapi maknanya luas namun juga tepat sasaran. 

Suka sekali dengan video ini dan mengajarkan gua untuk selalu lebih aware terhadap kerusakan alam. Sadly dunia makin hancur karena ulah manusia sendiri. 

Sekali lagi applause untuk video NASI satu ini 🎉🎉🎉.

Btw saya harap ada pembahasan mengenai Pulsar atau bintang yg bisa berputar ratusan kali dalam 1 detik  😆",197,2025-07-12T15:25:27Z,23,False
@ar-rumichannel4766,"Bismillah 
Alhamdulillah
Terima kasih ilmunya kak 
Jazakallah khairan baarokallahu fiikum🙏🙏🙏",1,2025-07-15T03:55:16Z,0,True
@SonicCyaTheHedgehog,"@ar-rumichannel4766 Berhentilah Menyebut Nama Tuhanmu Dan Kepercayaanmu Yang Bernama Islam Lebih Baik Belajar Tentang Kehidupan Dari Pada Hal-Hal Seperti Itu.
Amerika Sudah Berperan Sangat Penting Untuk Masa Depan Manusia BUat Untuk Nanti Hidup Di Planet Lain Karena Amerika Yang Telah Mempelajari Alam Semesta Sejauh Ini Sedang Kalian ? Sedang Kalian Negara Islam Bisa Buat Apa ?",1,2025-07-15T17:43:03Z,0,True
@SonicCyaTheHedgehog,"Admin Mempelajarinya Banyak Hal Dari TIMELAPSE OF THE FUTURE: A Journey to the End of Time  

Luar Biasa Min Karena Memang Tentang  Semua Kehidupan ini Begitu Ajaib Kita Tidak Bisa Bayangkan Sebelum Manusia Ada  Kita Itu Berada Di Mana ? Itulah Mengapa Mungkin Namanya Jiwa Memang Ada Dan Memang Alam Semesta Yang Menciptakan Kita Seharusnya Alam Semesta Seperti Memiliki Pikiran Atau Apapun Itu

Dan Jika Manusia Sudah Merusak Bumi Hingga Membuat Tidak Layak Huni Manusia Siap Pindah Ke Planet Lain Tapi Sampai Kapanpun Bumi Adalah Planet Tempat Awal Mula Manusia Lahir Atau Muncul

Dan Tetap Sih Video Dari TIMELAPSE OF THE FUTURE: A Journey to the End of Time  Selalu Yang Paling Membuatku Merinding",0,2025-07-15T17:49:07Z,0,True
@m.azharfirdani8259,@SonicCyaTheHedgehog otak lu minus bet,2,2025-07-17T03:43:20Z,0,True
@SonicCyaTheHedgehog,@m.azharfirdani8259 Yang Minus Itu Anda Karena Anda Hanya Mengatakan Itu.,0,2025-07-17T04:58:58Z,0,True
@nicoooticooo,"bagian ""kita adalah debu bintang"" yg paling sy suka. Menyadarkan bahwa kita semua memang lahir dari benda mati, dan cara semesta mempertanyakan dirinya sendiri melalui otak yg mampu berpikir, otak yg di bentuk dari semesta.
sukseme 🙏🙏",23,2025-07-12T15:14:07Z,0,False
@culesmadridista,seperti biasa bahasanya selalu puitis,0,2025-07-12T15:11:38Z,0,False
@dedesurachman4801,"Tapi bang,kan manusia pertama....",0,2025-07-12T15:07:25Z,0,False
@IvanSopian-db3lm,Apakah nabi adam manusia purba? Yang merasa turunan monyet ada?,0,2025-07-12T15:06:57Z,0,False
@X25strangers,"tapi soal manusia gua ga setuju bang, gua bukan keturunan monyet sorry, mungkin itu abang aja kali keturunan monyet, saya mah keturunan nabi adam😊",0,2025-07-12T15:06:04Z,0,False
@unknownlifeform5884,"the terrifying story of ""pale blue dot""",0,2025-07-12T15:03:47Z,0,False
@IFAIArt,Yg paling mengerikan di planet bumi itu adalah makhluk yg disebut 'OKNUM' 😄 😄 🤣 🤣 🤣,1,2025-07-12T15:03:47Z,1,False
@heriyanto-e5g,😅,0,2025-07-12T22:56:32Z,0,True
@EssyabRitzky-yx7ru,"mengingat kecepatan cahaya yang memutar bumi pada porosnya kan sangat vcepat dalam perhitungan cahaya.  mmm ,aku saran sih pergeseran bumi dalam equivalensi pertahun dalam hitungan cahaya yang buat titik nya itu membuat matahari tepat di barat kira kira siklus nya beberapa periode dari hari ini.
biar kita mengerti kalo agama itu di anut atau di runut ..",2,2025-07-12T14:49:31Z,0,False
@SYA175,"Pertanyaan saya, sejarah, istilah, alur cerita awal mula terbentuknya Bumi sprti ini, kisah drmn? Mang apa ada alur crita ini tertulis dalam sejarah sbg bukti benar adanya? Ataukah ini hanya hipotesa?

NB : disini saya gk mbahas secara agamis, tp secara ilmiah.",1,2025-07-12T14:47:42Z,4,False
@hideyoshi2976,"sejarah pembentukan bumi masih terdiri dari hipotesis dengan bukti bukti tidak langsung, karena kita gak bisa liat ke masa lalu jadi gak bisa berupa teori.
tapi ini hipotesis kuat ya, jadi gak di spekulasi bebas, 
buktinya juga kuat kaya batuan tertua yang di ukur peluruhan uraniumnya jadi bisa tau umurnya, bisa juga dari isotop gas mulia dan unsur radioaktif di gunung berapi. 
ini nih yang penting buat hipotesis tabrakan besar,
ditemukan isotop oksigen yang sama di bulan dan bumi yang berarti batuan, mineral dan bahan lainnya itu identik satu sama lain.
dan ini bukan kisah sama sekali ya karena siapa yang nulis??😁😁
tapi ini spekulasi yang di sepakati bersama, terus dibuktikan lewat bukti tidak langsung
jadi spekulasi lain gak banyak yang bisa terima kecuali bisa membantah dengan bukti bukti baru.",3,2025-07-12T15:07:36Z,0,True
@muhammadhafidh15,"setiap batuan, mineral, fosil, dll itu mengandung unsur karbon. dari unsur karbon lah bisa diukur umur dari benda tersebut. dari rangkaian perbedaan umur karbon itulah ilmuan dapat menyimpulkan perbedaan zaman menurut batuan dan fosil yang ditemukan.",1,2025-07-12T15:15:55Z,0,True
@heriyanto-e5g,Ini cuma spekulasi yg belum faktual yg belum terjadi,0,2025-07-12T23:08:58Z,0,True
@wakwawdoang,belajar makanya,0,2025-07-14T06:46:07Z,0,True
@ersanwidodo4366,"Akhirnya... di planet kecil itulah kesombongan,kedengkian,dan pengkhianatan berada",652,2025-07-12T14:45:00Z,36,False
@agusmustofa5545,Dan anda semua juga manusia🤣,5,2025-07-14T02:23:52Z,0,True
@ardhyxismail8733,"😅
Dan tugasku tuk memusnahkan kalian semua, manusia😂​@agusmustofa5545",0,2025-07-14T05:37:49Z,0,True
@pengenjadihokage,Perkosaan,0,2025-07-14T05:57:28Z,0,True
@pierre932,Khususon di negara Endonwsyahhh,2,2025-07-15T06:17:43Z,0,True
@fariez26,Koruptor udah pasti keturunan monyet,0,2025-07-15T06:46:12Z,0,True
@natemoriarty10,bang request 30 menit betapa mengerikannya indonesia,6638,2025-07-12T14:43:22Z,987,False
@achmadadzka7534,Sangat amat mengerikan,486,2025-07-12T16:04:48Z,0,True
@ChoirulalifSyafii-y8s,baru judul aja udh mengerikan😂,528,2025-07-12T16:30:42Z,0,True
@Hayatevtuberhunter,ga cukup durasinya untuk menggambarkan kengerian tinggal di Indonesia dengan pemerintahannya,294,2025-07-12T18:07:40Z,0,True
@ad4m._.d,opoE,21,2025-07-12T20:55:54Z,0,True
@heriyanto-e5g,😅,14,2025-07-12T22:54:26Z,0,True
@manson_studio,"Dan pada akhirnya Manusia menjelma menjadi ""PARASIT"" untuk Bumi itu sendiri",1,2025-07-12T14:37:51Z,0,False
@jayajaya8526,"Tetap aja gk paham,,harusnya jelasin dari mana berasal kehidupan ,dari mikro organisme dan evolusi dari apa menjadi apa, seperti manusia evolusi apa dari apa,,jika menjelaskan sains tolong jangan campur aduk kam dg agama,dg katanya dg keyakinannya doktrin kitab,,jd semua bisa di jelaskan,untuk yg fanatik tolong jangan ceramah karena sains menjelaskan dg detail dari evolusi dari apa menjadi apa,, manusia saja evolusi,menjadi manusia yg seperti apa tergantung tempat hidupnya ,ada yg badan pendek ras kulit putih ras kulit hitam tergantung hidupnya ,,jd bisa di jelaskan, gk ada kan orang kulit hitam hidup di salju dan manusia kulit putih hidup di gurun,, karena semua evolusi,,berasal dari mana sel dan micro sel karena manusia terbentuk dari sperma dan indung telur ,sampai kapanpun tetap begitu ,bukan membelah seperti amoba,,dari mana asal kehidupan , intinya semuanya berasal dari satu dan alam semesta jd jangan berdebat tentang keyakinan ,karena keyakinan terbentuk dari apa yg sering kita lihat dan dengarkan ,,lingkunganmu membentuk keyakinanmu",1,2025-07-12T14:30:02Z,5,False
@nicoooticooo,"video ini tentang bumi, bukan tentang teori evolusi lengkap.
banyak video lain yg membahas teori evolusi lengkap untuk di simak.
Kalau bahas hal yg om minta, inti video bukan lagi planet bumi secara garis besar, melainkan mengkerucut menjadi teori evolusi biologi.
Bias.


Untuk line terakhir yg om buat, sy sangat setuju sekali 👍",1,2025-07-12T15:23:46Z,0,True
@nyenyenye_7,videonya tentang planet bumi bukan evolusi dikira buat video gampang,0,2025-07-12T16:14:34Z,0,True
@ikanurfitrianamd.9620,@nyenyenye_7ekspektasi nya terlalu tinggi sepertinya..🫠,0,2025-07-12T18:10:20Z,0,True
@anangpewe,"nyacat tok ae ,",0,2025-07-12T19:36:53Z,0,True
@heriyanto-e5g,Evolusi para ilmuan,0,2025-07-12T23:10:45Z,0,True
@ekoprtm5841,Mengerikan nya janji 19 juta lapangan kerja,0,2025-07-12T14:26:23Z,0,False
@rifkyfirmansyah5202,Mari Jaga Bumi Kita Tercinta,42,2025-07-12T14:15:42Z,8,False
@BakulSayur-z7z,"Bumi kita twlah dihancurkan oleh penghuninya sendiri
Manusia",0,2025-07-13T21:33:23Z,0,True
@marletboy,Pada akhirnya juga akan ganti zaman nantinya.. ntah apalagi nanti pengganti manusia.,2,2025-07-13T23:28:47Z,0,True
@mantriurban,​@marletboyai,0,2025-08-02T15:02:18Z,0,True
@sugiarti_1966,"​@marletboysekedar info ras manusia tdk prnh tergantikan , krn tujuan manusia tercipta untuk  menggarap bumi , melestarikan alamnya dan merawat Bumi dan isinya dgn baik .
Untuk Referensi nya :
Kejadian 2 : 15 , 19 , 20
Kejadian.1 : 28
Yesaya 45 : 18 
Mazmur  115 : 16",0,2026-05-17T19:46:43Z,0,True
@sugiarti_1966,"​@BakulSayur-z7zada kabar baik , bumi salah satu Maha karya illahi yg sgt indah , tentu Penciptanya tdk akan biarkan karyanya di hancurkan oleh manusia .
Justru Pencipta akan binasakan orang-orang yang terus menerus merusak bumi .
Wahyu 11 : 18 .",0,2026-05-17T19:51:48Z,0,True
@endahrita4753,Subhanallah sungguh besar kebesaran Allah SWT,27,2025-07-12T14:03:02Z,41,False
@vitocorleone19,"Kok alloh sih. Bukan alloh yg ciptakan matahari, bumi n segala isinya. Sains n agama ga bisa berkawan 😅😅😅",5,2025-07-13T11:38:32Z,0,True
@barangsiapabarangsaya,apalah,0,2025-07-13T16:12:57Z,0,True
@karyonokaryono5207,Allah  di ciptakan  oleh manusia ...bukan sebaliknya ....😅,7,2025-07-13T17:56:39Z,0,True
@Parlemensemesta,​@karyonokaryono5207 indeed,0,2025-07-13T19:05:14Z,0,True
@deaeldiyanto5306,"untuk kita yang muslim, video ini harus menambah keimanan",2,2025-07-14T00:40:14Z,0,True
@SirRozan,"Sering-sering buat konten durasi 30 menit min hehe, bagus eyaa",0,2025-07-12T14:01:02Z,0,False
@Bigbos-vu3we,Bumi di bahas sekalian yak wkwk😂,0,2025-07-12T14:00:27Z,0,False
@tjihendjienoe85,Hawa nafsu manusia lah yang akan mendatangkan bencana,0,2025-07-12T13:50:59Z,0,False
@ITSMECHILL77,saran bahas Nibiru aja bagus kayaknya,0,2025-07-12T13:49:28Z,0,False
@mohalikurniawan1680,Indah banget visual & editingnya 🥹🙌🏻,58,2025-07-12T13:46:03Z,1,False
@SonicCyaTheHedgehog,"Admin Mempelajarinya Banyak Hal Dari TIMELAPSE OF THE FUTURE: A Journey to the End of Time  

Luar Biasa Min Karena Memang Tentang  Semua Kehidupan ini Begitu Ajaib Kita Tidak Bisa Bayangkan Sebelum Manusia Ada  Kita Itu Berada Di Mana ? Itulah Mengapa Mungkin Namanya Jiwa Memang Ada Dan Memang Alam Semesta Yang Menciptakan Kita Seharusnya Alam Semesta Seperti Memiliki Pikiran Atau Apapun Itu

Dan Jika Manusia Sudah Merusak Bumi Hingga Membuat Tidak Layak Huni Manusia Siap Pindah Ke Planet Lain Tapi Sampai Kapanpun Bumi Adalah Planet Tempat Awal Mula Manusia Lahir Atau Muncul

Dan Tetap Sih Video Dari TIMELAPSE OF THE FUTURE: A Journey to the End of Time  Selalu Yang Paling Membuatku Merinding",5,2025-07-15T17:49:03Z,0,True
@hermawansltg2493,Rumah kita sendiri,3,2025-07-12T13:44:02Z,0,False
@arievinadi9900,"Katanya juli-agustus rotasi bumi lbh cepet dri biasanya ya, kmren mlm kebetulan langit cerah bgt, bersih ga banyak awan, bintang juga keliatan jelas ada bulan juga.. Gw penasaran liat bintang tp gw liatnya sambil di halangi sudut genteng, gw diem ternyata bener lbh keliatan pergerakanya.. Jd jls keliatan si bintang berjalan rada cepet lalu terhalangi genteng.",37,2025-07-12T13:35:23Z,23,False
@hamkaalhambra9078,Sepertinya itu tanda rotasi ya.,1,2025-07-13T00:26:33Z,0,True
@pendosadosa5403,Itu karna kamu ketinggian...stop narkoba bro...mumpung belum terlambat,6,2025-07-13T04:27:50Z,0,True
@comfortzone2608,"Kamu sudah berapa tahun hidup di Indonesia ( negara tropis ) , harusnya sudah paham di bulan itu musim kemarau.",1,2025-07-13T18:21:35Z,0,True
@comfortzone2608,"Dan harusnya sudah paham juga, disaat musim kemarau suhu lebih dingin di malam hari jika dibandingkan musim hujan.",1,2025-07-13T18:22:39Z,0,True
@WaryonoHamzah,Susah banget pake bintang pake sinar matahari aja,0,2025-07-13T23:47:46Z,0,True
@-joko-priyadi._1441,Planet bumi adalah planet yg mengerikan sebab setiap100 tahun ada perubahan . Beda dg planet lain yg bisa berubah pada ratusan ribu tahun .,14,2025-07-12T13:32:59Z,1,False
@VikriAhmad-s1h,Setiap hari aja ada perubahan. Rambut hitam berubah putih. Kulit kencang berkurang jadi kendor. Dll.,1,2025-07-14T13:46:32Z,0,True
@ImhaImha-h6e,Bang lain kali bikin seberapa mengerikan Mars,5,2025-07-12T13:21:55Z,1,False
@heriyanto-e5g,Merkerius dulu,0,2025-07-12T22:55:45Z,0,True
@gpw0353,"nice bang, dapat nambah wawasan baru jadi gk papa walaupun videonya panjang hehe",8,2025-07-12T13:18:48Z,0,False
@prasetyaadi2709,"Dan akhirnya dibahas
Semengerikan apa planet bumi

Makasi bang",43,2025-07-12T13:16:23Z,0,False
@barbatos.lupusrex-,"Surah Al-Anbiya (21:30):
""Dan apakah orang-orang yang kafir tidak mengetahui bahwasanya langit dan bumi itu keduanya dahulu adalah suatu yang padu, kemudian Kami pisahkan antara keduanya. Dan dari air Kami jadikan segala sesuatu yang hidup. Maka mengapa mereka tidak juga beriman?""",28,2025-07-12T13:10:36Z,52,False
@ReffiEffendi,"Allahu akbar 
Subhanallah wal hamdulillah
Astaghfirullahalazim
🤲",2,2025-07-12T13:25:52Z,0,True
@wijayantoharipratanto,"ayat itu justru membuktikan 
allahmu itu tidak maha tahu..

kata 'mereka ' itu siapa yang di 
maksud,dalam surah itu..??

suatu kalimat itu di pahami,dan di mengerti..

bukannya hanya di hafal ..",4,2025-07-12T13:57:53Z,0,True
@wijayantoharipratanto,"​@ReffiEffendi
gua nggak takjub sama qs al-anbiya",1,2025-07-12T13:58:49Z,0,True
@riodwi9370,​@wijayantoharipratantoduel ayok..tolol lu,1,2025-07-12T14:11:27Z,0,True
@dahan5457,@wijayantoharipratanto lu tanya aja sama yg disalib,0,2025-07-12T14:14:11Z,0,True
@dwinurcahyo7021,Cocok untuk pengantar tidur😅,6,2025-07-12T13:06:03Z,3,False
@Parlemensemesta,"gak ada bedanya dengan dongeng2 membelah bulan dari arab, china, india, dan nusantara 😂😂😂",0,2025-07-13T19:06:27Z,0,True
@andriwu474,Lebih masuk akal bumi diciptakan makhluk yang punya kekuatan supernatural ya bang,0,2025-07-21T02:35:22Z,0,True
@Parlemensemesta,"​@Channel10-kf3iy lah iya emang kan, gak ada bedanya, minimal dengerin dongeng dari negri sendiri lebih asik, minimal alamnya relate, ada gunubg vulkanis, hutan, dll 😂",0,2025-09-06T11:27:52Z,0,True
@narap93,Sungguh besar ke Agungan Allah SWT,17,2025-07-12T13:04:20Z,14,False
@wijayantoharipratanto,kapan allah swt itu pencipta??,2,2025-07-12T14:02:09Z,0,True
@dahan5457,@wijayantoharipratanto tanya sama jasjus aja,1,2025-07-12T14:13:33Z,0,True
@wijayantoharipratanto,"​@dahan5457
gua nggak kenal jasjus.",1,2025-07-12T14:25:01Z,0,True
@PhoebePalito-qs7jq,​@wijayantoharipratanto😊,1,2025-07-12T16:07:10Z,0,True
@wijayantoharipratanto,​@PhoebePalito-qs7jq😁,0,2025-07-12T16:23:35Z,0,True
@rivaldimali3766,"Gua bukan keturunan monyet, elu bang yg keturunan monyet",0,2025-07-12T13:04:16Z,1,False
@wijayantoharipratanto,"monyet jadi manusia lu nggak 
percaya..

tapi manusia jadi 🐒 lu percaya..
hanya karena melanggar hukum.😅😅",0,2025-07-12T14:03:43Z,0,True
@Vanilattes,"Triliun galaxy dengan triliun bintang beserta planetnya masing2, rasanya tidak mungkin kalau hanya bumi yg punya kehidupan, yg seperti sudah di setting sedemikian rupa  ini dari kemunculannya hingga proses evolusinya. Tapi jika dikaitkan dengan keagamaan/kepercayaan kita masing2, manusia menurut saya hanya ada dibumi, karena apa? Karena setiap tokoh agama muncul disini. Para dewa2 mitologi, tokoh kristen, tokoh islam, tokoh buddha, tokoh hindu, dan tokoh kepercayaan lainnya, setiap kitab muncul disini sebagai pedoman manusia. Pastinya jika ada manusia lain diluar bumi para tokoh tersebut tidak akan muncul di planet ini.",10,2025-07-12T12:48:43Z,8,False
@yansyuan7790,Nabi Adam lahir tanpa siapapun. Lalu di adakan siti hawa. Jadi lah 9 miliar. 4 nabi yg lain masih hidup sendiri? Nabi Isa turun sendirian? Gue rasa tdk. Lalu knpa menciptakan miliaran galaxy? Kl ciptaannya terbatas bkn Tuhan namanya. Kl bgini kan subhanallah nya jd hakul yakin,2,2025-07-12T17:16:21Z,0,True
@johanesjagad,"@yansyuan7790itu dongeng agama gurun doang cuk, bertentangan dengan sains",0,2025-07-13T12:21:13Z,0,True
@budayasa5463,Di setiap galaksi pasti ada satu planet yg terdapat kehidupan layaknya bumi.Semesta ini memang diluar jngkauan pikiran manusia.Itulah kebesaran Tuhan.,0,2025-07-14T04:27:30Z,0,True
@Hendrisilvas,Planet lain bukan untuk kehidupan manusia bumi lh untuk manusia lagian gk bkln smpe manusia menjangkau planet lain smpe kiamat juga😂😂,0,2025-07-14T17:30:47Z,0,True
@4.7451R,"Klw di planet lain, Bukan manusia, tapi makhluk yang tidak bisa dilihat oleh makhluk seperti kita dan sebaliknya..
Contoh sederhana, iblis, malaikat dan sejenisnya. 
Hanya orang terpilih lah yang bisa melihat disebut dengan NABI",0,2025-07-14T20:31:10Z,0,True
@Masadepanya,"Hallo ka saya baru join channel ini, untuk pembahasan merkurius sama mars belum ya?",3,2025-07-12T12:47:58Z,0,False
@MikeAditiyaWijaya,Bumi itu bulat,0,2025-07-12T12:47:25Z,0,False
@PUTINBATAGOR,"kalo bisa tiap hari bang uplod nya hehe
",0,2025-07-12T12:45:14Z,0,False
@wawandarmawan3942,loh...kok gak ada adam dan hawa nya....😅😅😅😅😅,0,2025-07-12T12:40:53Z,5,False
@juuuuud-w6x,Bro sedang sarkas kah? 😅,1,2025-07-12T12:48:48Z,0,True
@GowankNingrat807,"Ini tuh hanya Dongeng brow kuu,, 
Pengantar tidur",0,2025-07-12T13:45:35Z,0,True
@panglimaperang1895,​@GowankNingrat807apakah anda mengakui bahwa ibu anda keturunan monyet homo Sapiens 😅,0,2025-07-12T13:51:36Z,0,True
@watonnoer2629,Anggap aja hiburan 😂,0,2025-07-12T14:04:33Z,0,True
@heriyanto-e5g,😊,0,2025-07-12T22:59:52Z,0,True
@FIIIIZZZYIIIN,min bahas objek misterius 3l/atlas,0,2025-07-12T12:38:21Z,0,False
@Ilhamputra18,Sl0t hama bangettt🫩,1,2025-07-12T12:36:21Z,0,False
@TVxChip,"Tolong Bahas objek misterius Yang melintasi Tata Surya kita dengan kecepatan tinggi min, katanya si di namakan 3I/Atlas.",169,2025-07-12T12:34:15Z,37,False
@Ceritapengalaman7,Yakah bang,8,2025-07-12T13:56:23Z,0,True
@SIPEKKKK,Up,4,2025-07-12T15:08:41Z,0,True
@hideyoshi2976,"komet ya, menarik sih soalnya usianya tua banget mungkin yang paling tua juga yang pernah di ketahui",10,2025-07-12T15:10:34Z,0,True
@505G-f4v5l,UFO kah😂😂😂😂😂,4,2025-07-12T16:24:21Z,0,True
@commanderofdeadwood8933,Oumuamua,1,2025-07-12T18:17:00Z,0,True
@Firmansyah-os2rf,First nih,1,2025-07-12T12:32:37Z,0,False
